ISO-10303-21;
HEADER;
FILE_DESCRIPTION(('FreeCAD Model'),'2;1');
FILE_NAME('Open CASCADE Shape Model','2026-05-30T04:46:13',('Author'),(
    ''),'Open CASCADE STEP processor 7.8','FreeCAD','Unknown');
FILE_SCHEMA(('AUTOMOTIVE_DESIGN { 1 0 10303 214 1 1 1 1 }'));
ENDSEC;
DATA;
#1 = APPLICATION_PROTOCOL_DEFINITION('international standard',
  'automotive_design',2000,#2);
#2 = APPLICATION_CONTEXT(
  'core data for automotive mechanical design processes');
#3 = SHAPE_DEFINITION_REPRESENTATION(#4,#10);
#4 = PRODUCT_DEFINITION_SHAPE('','',#5);
#5 = PRODUCT_DEFINITION('design','',#6,#9);
#6 = PRODUCT_DEFINITION_FORMATION('','',#7);
#7 = PRODUCT('Fusion','Fusion','',(#8));
#8 = PRODUCT_CONTEXT('',#2,'mechanical');
#9 = PRODUCT_DEFINITION_CONTEXT('part definition',#2,'design');
#10 = ADVANCED_BREP_SHAPE_REPRESENTATION('',(#11,#15),#2748);
#11 = AXIS2_PLACEMENT_3D('',#12,#13,#14);
#12 = CARTESIAN_POINT('',(0.,0.,0.));
#13 = DIRECTION('',(0.,0.,1.));
#14 = DIRECTION('',(1.,0.,-0.));
#15 = MANIFOLD_SOLID_BREP('',#16);
#16 = CLOSED_SHELL('',(#17,#57,#90,#121,#154,#185,#216,#247,#669,#700,
    #731,#763,#791,#816,#841,#869,#897,#922,#940,#971,#995,#1020,#1044,
    #1068,#1092,#1116,#1140,#1157,#1188,#1212,#1236,#1261,#1286,#1311,
    #1336,#1361,#1386,#1411,#1435,#1460,#1485,#1510,#1535,#1560,#1584,
    #1608,#1632,#1649,#1681,#1709,#1734,#1759,#1787,#1815,#1840,#1858,
    #1889,#1920,#1960,#1993,#2015,#2039,#2128,#2145,#2173,#2262,#2294,
    #2319,#2344,#2369,#2397,#2422,#2447,#2465,#2497,#2522,#2547,#2572,
    #2600,#2625,#2650,#2668,#2684,#2700,#2724));
#17 = ADVANCED_FACE('',(#18),#52,.T.);
#18 = FACE_BOUND('',#19,.T.);
#19 = EDGE_LOOP('',(#20,#30,#38,#46));
#20 = ORIENTED_EDGE('',*,*,#21,.F.);
#21 = EDGE_CURVE('',#22,#24,#26,.T.);
#22 = VERTEX_POINT('',#23);
#23 = CARTESIAN_POINT('',(0.959211524068,0.448067664028,-0.101017025904)
  );
#24 = VERTEX_POINT('',#25);
#25 = CARTESIAN_POINT('',(0.634211524068,0.448067663779,-0.101017025966)
  );
#26 = LINE('',#27,#28);
#27 = CARTESIAN_POINT('',(0.984211524068,0.448067664047,-0.1010170259));
#28 = VECTOR('',#29,1.);
#29 = DIRECTION('',(-1.,-7.657071290875E-10,-1.899571295041E-10));
#30 = ORIENTED_EDGE('',*,*,#31,.T.);
#31 = EDGE_CURVE('',#22,#32,#34,.T.);
#32 = VERTEX_POINT('',#33);
#33 = CARTESIAN_POINT('',(0.959211525025,-0.801932335972,-0.101017025904
    ));
#34 = LINE('',#35,#36);
#35 = CARTESIAN_POINT('',(0.959211524546,-0.176932335972,-0.101017025904
    ));
#36 = VECTOR('',#37,1.);
#37 = DIRECTION('',(7.657071290875E-10,-1.,-8.66634480347E-17));
#38 = ORIENTED_EDGE('',*,*,#39,.T.);
#39 = EDGE_CURVE('',#32,#40,#42,.T.);
#40 = VERTEX_POINT('',#41);
#41 = CARTESIAN_POINT('',(0.634211525025,-0.801932336221,-0.101017025966
    ));
#42 = LINE('',#43,#44);
#43 = CARTESIAN_POINT('',(0.984211525025,-0.801932335953,-0.1010170259)
  );
#44 = VECTOR('',#45,1.);
#45 = DIRECTION('',(-1.,-7.657071290875E-10,-1.899571295041E-10));
#46 = ORIENTED_EDGE('',*,*,#47,.F.);
#47 = EDGE_CURVE('',#24,#40,#48,.T.);
#48 = LINE('',#49,#50);
#49 = CARTESIAN_POINT('',(0.634211524546,-0.176932336221,-0.101017025966
    ));
#50 = VECTOR('',#51,1.);
#51 = DIRECTION('',(7.657071290875E-10,-1.,-8.66634480347E-17));
#52 = PLANE('',#53);
#53 = AXIS2_PLACEMENT_3D('',#54,#55,#56);
#54 = CARTESIAN_POINT('',(0.984211524546,-0.176932335953,-0.1010170259)
  );
#55 = DIRECTION('',(1.899571295041E-10,8.680889956298E-17,-1.));
#56 = DIRECTION('',(-7.657071290875E-10,1.,8.66634480347E-17));
#57 = ADVANCED_FACE('',(#58),#85,.T.);
#58 = FACE_BOUND('',#59,.T.);
#59 = EDGE_LOOP('',(#60,#69,#77,#84));
#60 = ORIENTED_EDGE('',*,*,#61,.T.);
#61 = EDGE_CURVE('',#22,#62,#64,.T.);
#62 = VERTEX_POINT('',#63);
#63 = CARTESIAN_POINT('',(0.984211524063,0.448067664047,
    -7.601702589952E-02));
#64 = CIRCLE('',#65,2.5E-02);
#65 = AXIS2_PLACEMENT_3D('',#66,#67,#68);
#66 = CARTESIAN_POINT('',(0.959211524063,0.448067664028,
    -7.601702590426E-02));
#67 = DIRECTION('',(7.657071290875E-10,-1.,7.272576414114E-20));
#68 = DIRECTION('',(1.899571295041E-10,7.272576414115E-20,-1.));
#69 = ORIENTED_EDGE('',*,*,#70,.T.);
#70 = EDGE_CURVE('',#62,#71,#73,.T.);
#71 = VERTEX_POINT('',#72);
#72 = CARTESIAN_POINT('',(0.98421152502,-0.801932335953,
    -7.601702589952E-02));
#73 = LINE('',#74,#75);
#74 = CARTESIAN_POINT('',(0.984211524542,-0.176932335953,
    -7.601702589952E-02));
#75 = VECTOR('',#76,1.);
#76 = DIRECTION('',(7.657071290875E-10,-1.,-8.66634480347E-17));
#77 = ORIENTED_EDGE('',*,*,#78,.F.);
#78 = EDGE_CURVE('',#32,#71,#79,.T.);
#79 = CIRCLE('',#80,2.5E-02);
#80 = AXIS2_PLACEMENT_3D('',#81,#82,#83);
#81 = CARTESIAN_POINT('',(0.95921152502,-0.801932335972,
    -7.601702590426E-02));
#82 = DIRECTION('',(7.657071290875E-10,-1.,7.272576414114E-20));
#83 = DIRECTION('',(1.899571295041E-10,7.272576414115E-20,-1.));
#84 = ORIENTED_EDGE('',*,*,#31,.F.);
#85 = CYLINDRICAL_SURFACE('',#86,2.5E-02);
#86 = AXIS2_PLACEMENT_3D('',#87,#88,#89);
#87 = CARTESIAN_POINT('',(0.959211524542,-0.176932335972,
    -7.601702590426E-02));
#88 = DIRECTION('',(7.657071290875E-10,-1.,-8.66634480347E-17));
#89 = DIRECTION('',(1.899571295041E-10,8.680889956298E-17,-1.));
#90 = ADVANCED_FACE('',(#91),#116,.T.);
#91 = FACE_BOUND('',#92,.T.);
#92 = EDGE_LOOP('',(#93,#101,#102,#110));
#93 = ORIENTED_EDGE('',*,*,#94,.F.);
#94 = EDGE_CURVE('',#71,#95,#97,.T.);
#95 = VERTEX_POINT('',#96);
#96 = CARTESIAN_POINT('',(0.984211524935,-0.801932335953,0.3739829741));
#97 = LINE('',#98,#99);
#98 = CARTESIAN_POINT('',(0.984211524978,-0.801932335953,0.1489829741));
#99 = VECTOR('',#100,1.);
#100 = DIRECTION('',(-1.899571295041E-10,-7.272576414114E-20,1.));
#101 = ORIENTED_EDGE('',*,*,#70,.F.);
#102 = ORIENTED_EDGE('',*,*,#103,.T.);
#103 = EDGE_CURVE('',#62,#104,#106,.T.);
#104 = VERTEX_POINT('',#105);
#105 = CARTESIAN_POINT('',(0.984211523978,0.448067664047,0.3739829741));
#106 = LINE('',#107,#108);
#107 = CARTESIAN_POINT('',(0.98421152402,0.448067664047,0.1489829741));
#108 = VECTOR('',#109,1.);
#109 = DIRECTION('',(-1.899571295041E-10,-7.272576414114E-20,1.));
#110 = ORIENTED_EDGE('',*,*,#111,.T.);
#111 = EDGE_CURVE('',#104,#95,#112,.T.);
#112 = LINE('',#113,#114);
#113 = CARTESIAN_POINT('',(0.984211524935,-0.801932335953,0.3739829741)
  );
#114 = VECTOR('',#115,1.);
#115 = DIRECTION('',(7.657071290875E-10,-1.,-8.66634480347E-17));
#116 = PLANE('',#117);
#117 = AXIS2_PLACEMENT_3D('',#118,#119,#120);
#118 = CARTESIAN_POINT('',(0.984211524499,-0.176932335953,0.1489829741)
  );
#119 = DIRECTION('',(1.,7.657071290875E-10,1.899571295041E-10));
#120 = DIRECTION('',(-7.657071290875E-10,1.,-7.272576414114E-20));
#121 = ADVANCED_FACE('',(#122),#149,.T.);
#122 = FACE_BOUND('',#123,.T.);
#123 = EDGE_LOOP('',(#124,#133,#141,#148));
#124 = ORIENTED_EDGE('',*,*,#125,.T.);
#125 = EDGE_CURVE('',#104,#126,#128,.T.);
#126 = VERTEX_POINT('',#127);
#127 = CARTESIAN_POINT('',(0.959211523973,0.448067664028,0.398982974096)
  );
#128 = CIRCLE('',#129,2.5E-02);
#129 = AXIS2_PLACEMENT_3D('',#130,#131,#132);
#130 = CARTESIAN_POINT('',(0.959211523978,0.448067664028,0.373982974096)
  );
#131 = DIRECTION('',(7.657071290875E-10,-1.,7.272576414114E-20));
#132 = DIRECTION('',(1.899571295041E-10,7.272576414115E-20,-1.));
#133 = ORIENTED_EDGE('',*,*,#134,.T.);
#134 = EDGE_CURVE('',#126,#135,#137,.T.);
#135 = VERTEX_POINT('',#136);
#136 = CARTESIAN_POINT('',(0.95921152493,-0.801932335972,0.398982974096)
  );
#137 = LINE('',#138,#139);
#138 = CARTESIAN_POINT('',(0.959211523973,0.448067664028,0.398982974096)
  );
#139 = VECTOR('',#140,1.);
#140 = DIRECTION('',(7.657071290875E-10,-1.,-8.66634480347E-17));
#141 = ORIENTED_EDGE('',*,*,#142,.F.);
#142 = EDGE_CURVE('',#95,#135,#143,.T.);
#143 = CIRCLE('',#144,2.5E-02);
#144 = AXIS2_PLACEMENT_3D('',#145,#146,#147);
#145 = CARTESIAN_POINT('',(0.959211524935,-0.801932335972,0.373982974096
    ));
#146 = DIRECTION('',(7.657071290875E-10,-1.,7.272576414114E-20));
#147 = DIRECTION('',(1.899571295041E-10,7.272576414115E-20,-1.));
#148 = ORIENTED_EDGE('',*,*,#111,.F.);
#149 = CYLINDRICAL_SURFACE('',#150,2.5E-02);
#150 = AXIS2_PLACEMENT_3D('',#151,#152,#153);
#151 = CARTESIAN_POINT('',(0.959211524456,-0.176932335972,0.373982974096
    ));
#152 = DIRECTION('',(-7.657071290875E-10,1.,8.66634480347E-17));
#153 = DIRECTION('',(-1.899571295041E-10,-8.680889956298E-17,1.));
#154 = ADVANCED_FACE('',(#155),#180,.F.);
#155 = FACE_BOUND('',#156,.F.);
#156 = EDGE_LOOP('',(#157,#158,#166,#174));
#157 = ORIENTED_EDGE('',*,*,#134,.T.);
#158 = ORIENTED_EDGE('',*,*,#159,.T.);
#159 = EDGE_CURVE('',#135,#160,#162,.T.);
#160 = VERTEX_POINT('',#161);
#161 = CARTESIAN_POINT('',(0.63421152493,-0.801932300165,0.398983026952)
  );
#162 = LINE('',#163,#164);
#163 = CARTESIAN_POINT('',(0.98421152493,-0.801932335953,0.3989829741));
#164 = VECTOR('',#165,1.);
#165 = DIRECTION('',(-1.,-7.657071290875E-10,-1.899571295041E-10));
#166 = ORIENTED_EDGE('',*,*,#167,.T.);
#167 = EDGE_CURVE('',#160,#168,#170,.T.);
#168 = VERTEX_POINT('',#169);
#169 = CARTESIAN_POINT('',(0.634211523973,0.448067699835,0.398982978711)
  );
#170 = LINE('',#171,#172);
#171 = CARTESIAN_POINT('',(0.634211524451,-0.176932300165,0.398983002831
    ));
#172 = VECTOR('',#173,1.);
#173 = DIRECTION('',(-7.657069482842E-10,1.,-3.859256819892E-08));
#174 = ORIENTED_EDGE('',*,*,#175,.F.);
#175 = EDGE_CURVE('',#126,#168,#176,.T.);
#176 = LINE('',#177,#178);
#177 = CARTESIAN_POINT('',(0.984211523973,0.448067664047,0.3989829741));
#178 = VECTOR('',#179,1.);
#179 = DIRECTION('',(-1.,-7.657071290875E-10,-1.899571295041E-10));
#180 = PLANE('',#181);
#181 = AXIS2_PLACEMENT_3D('',#182,#183,#184);
#182 = CARTESIAN_POINT('',(0.984211524452,-0.176932335953,0.3989829741)
  );
#183 = DIRECTION('',(1.899571295041E-10,8.680889956298E-17,-1.));
#184 = DIRECTION('',(-7.657071290875E-10,1.,8.66634480347E-17));
#185 = ADVANCED_FACE('',(#186),#211,.F.);
#186 = FACE_BOUND('',#187,.T.);
#187 = EDGE_LOOP('',(#188,#196,#204,#210));
#188 = ORIENTED_EDGE('',*,*,#189,.T.);
#189 = EDGE_CURVE('',#40,#190,#192,.T.);
#190 = VERTEX_POINT('',#191);
#191 = CARTESIAN_POINT('',(0.63421152502,-0.801932336221,
    -7.6017025966E-02));
#192 = LINE('',#193,#194);
#193 = CARTESIAN_POINT('',(0.634211524978,-0.801932336221,0.148982974034
    ));
#194 = VECTOR('',#195,1.);
#195 = DIRECTION('',(-1.899571295041E-10,-7.272576414114E-20,1.));
#196 = ORIENTED_EDGE('',*,*,#197,.T.);
#197 = EDGE_CURVE('',#190,#198,#200,.T.);
#198 = VERTEX_POINT('',#199);
#199 = CARTESIAN_POINT('',(0.634211524063,0.448067663779,
    -7.6017025966E-02));
#200 = LINE('',#201,#202);
#201 = CARTESIAN_POINT('',(0.634211524542,-0.176932336221,
    -7.6017025966E-02));
#202 = VECTOR('',#203,1.);
#203 = DIRECTION('',(-7.657071290875E-10,1.,-7.272576414114E-20));
#204 = ORIENTED_EDGE('',*,*,#205,.F.);
#205 = EDGE_CURVE('',#24,#198,#206,.T.);
#206 = LINE('',#207,#208);
#207 = CARTESIAN_POINT('',(0.63421152402,0.448067663779,0.148982974034)
  );
#208 = VECTOR('',#209,1.);
#209 = DIRECTION('',(-1.899571295041E-10,-7.272576414114E-20,1.));
#210 = ORIENTED_EDGE('',*,*,#47,.T.);
#211 = PLANE('',#212);
#212 = AXIS2_PLACEMENT_3D('',#213,#214,#215);
#213 = CARTESIAN_POINT('',(0.634211524499,-0.176932336221,0.148982974034
    ));
#214 = DIRECTION('',(1.,7.657071290875E-10,1.899571295041E-10));
#215 = DIRECTION('',(-7.657071290875E-10,1.,-7.272576414114E-20));
#216 = ADVANCED_FACE('',(#217),#242,.F.);
#217 = FACE_BOUND('',#218,.T.);
#218 = EDGE_LOOP('',(#219,#220,#228,#236));
#219 = ORIENTED_EDGE('',*,*,#167,.T.);
#220 = ORIENTED_EDGE('',*,*,#221,.F.);
#221 = EDGE_CURVE('',#222,#168,#224,.T.);
#222 = VERTEX_POINT('',#223);
#223 = CARTESIAN_POINT('',(0.634211523971,0.448067700221,0.408982978711)
  );
#224 = LINE('',#225,#226);
#225 = CARTESIAN_POINT('',(0.634211523971,0.448067700221,0.408982978711)
  );
#226 = VECTOR('',#227,1.);
#227 = DIRECTION('',(1.899571590547E-10,-3.859256819877E-08,-1.));
#228 = ORIENTED_EDGE('',*,*,#229,.F.);
#229 = EDGE_CURVE('',#230,#222,#232,.T.);
#230 = VERTEX_POINT('',#231);
#231 = CARTESIAN_POINT('',(0.634211524928,-0.801932299779,0.408983026952
    ));
#232 = LINE('',#233,#234);
#233 = CARTESIAN_POINT('',(0.634211524449,-0.176932299779,0.408983002831
    ));
#234 = VECTOR('',#235,1.);
#235 = DIRECTION('',(-7.657069482842E-10,1.,-3.859256819892E-08));
#236 = ORIENTED_EDGE('',*,*,#237,.T.);
#237 = EDGE_CURVE('',#230,#160,#238,.T.);
#238 = LINE('',#239,#240);
#239 = CARTESIAN_POINT('',(0.634211524928,-0.801932299779,0.408983026952
    ));
#240 = VECTOR('',#241,1.);
#241 = DIRECTION('',(1.899571590547E-10,-3.859256819877E-08,-1.));
#242 = PLANE('',#243);
#243 = AXIS2_PLACEMENT_3D('',#244,#245,#246);
#244 = CARTESIAN_POINT('',(0.634211524449,-0.176932299779,0.408983002831
    ));
#245 = DIRECTION('',(-1.,-7.657069556151E-10,-1.899571295041E-10));
#246 = DIRECTION('',(-1.899571590547E-10,3.859256819877E-08,1.));
#247 = ADVANCED_FACE('',(#248,#319,#394,#568,#593),#664,.T.);
#248 = FACE_BOUND('',#249,.T.);
#249 = EDGE_LOOP('',(#250,#261,#269,#278,#287,#295,#303,#312));
#250 = ORIENTED_EDGE('',*,*,#251,.T.);
#251 = EDGE_CURVE('',#252,#254,#256,.T.);
#252 = VERTEX_POINT('',#253);
#253 = CARTESIAN_POINT('',(0.242613639461,-3.695337210121E-02,
    0.408982997355));
#254 = VERTEX_POINT('',#255);
#255 = CARTESIAN_POINT('',(0.27633145919,-0.191526867416,0.408983003327)
  );
#256 = CIRCLE('',#257,0.294780768233);
#257 = AXIS2_PLACEMENT_3D('',#258,#259,#260);
#258 = CARTESIAN_POINT('',(-1.867099315809E-02,-0.172345462754,
    0.40898300253));
#259 = DIRECTION('',(1.899571590547E-10,-3.859256819877E-08,-1.));
#260 = DIRECTION('',(-1.,-7.657069556151E-10,-1.899571295041E-10));
#261 = ORIENTED_EDGE('',*,*,#262,.T.);
#262 = EDGE_CURVE('',#254,#263,#265,.T.);
#263 = VERTEX_POINT('',#264);
#264 = CARTESIAN_POINT('',(0.24331881313,-0.347928145658,0.408983009356)
  );
#265 = B_SPLINE_CURVE_WITH_KNOTS('',2,(#266,#267,#268),.UNSPECIFIED.,.F.
  ,.F.,(3,3),(0.,1.),.PIECEWISE_BEZIER_KNOTS.);
#266 = CARTESIAN_POINT('',(0.27633145919,-0.191526867416,0.408983003327)
  );
#267 = CARTESIAN_POINT('',(0.27633145927,-0.296265785012,0.408983007369)
  );
#268 = CARTESIAN_POINT('',(0.24331881313,-0.347928145658,0.408983009356)
  );
#269 = ORIENTED_EDGE('',*,*,#270,.T.);
#270 = EDGE_CURVE('',#263,#271,#273,.T.);
#271 = VERTEX_POINT('',#272);
#272 = CARTESIAN_POINT('',(0.142337010347,-0.399342686735,0.408983011321
    ));
#273 = CIRCLE('',#274,0.111167846612);
#274 = AXIS2_PLACEMENT_3D('',#275,#276,#277);
#275 = CARTESIAN_POINT('',(0.149768272001,-0.288176768003,0.408983007033
    ));
#276 = DIRECTION('',(1.899571590547E-10,-3.859256819877E-08,-1.));
#277 = DIRECTION('',(-1.,-7.657069556151E-10,-1.899571295041E-10));
#278 = ORIENTED_EDGE('',*,*,#279,.T.);
#279 = EDGE_CURVE('',#271,#280,#282,.T.);
#280 = VERTEX_POINT('',#281);
#281 = CARTESIAN_POINT('',(4.321002879484E-02,-0.346690724,
    0.408983009271));
#282 = CIRCLE('',#283,0.110043510405);
#283 = AXIS2_PLACEMENT_3D('',#284,#285,#286);
#284 = CARTESIAN_POINT('',(0.137222394214,-0.289383710807,0.408983007077
    ));
#285 = DIRECTION('',(1.899571590547E-10,-3.859256819877E-08,-1.));
#286 = DIRECTION('',(-1.,-7.657069556151E-10,-1.899571295041E-10));
#287 = ORIENTED_EDGE('',*,*,#288,.T.);
#288 = EDGE_CURVE('',#280,#289,#291,.T.);
#289 = VERTEX_POINT('',#290);
#290 = CARTESIAN_POINT('',(9.225122502516E-03,-0.191526867621,
    0.408983003276));
#291 = B_SPLINE_CURVE_WITH_KNOTS('',2,(#292,#293,#294),.UNSPECIFIED.,.F.
  ,.F.,(3,3),(0.,1.),.PIECEWISE_BEZIER_KNOTS.);
#292 = CARTESIAN_POINT('',(4.321002879484E-02,-0.346690724,
    0.408983009271));
#293 = CARTESIAN_POINT('',(9.22512258082E-03,-0.293790941594,
    0.408983007223));
#294 = CARTESIAN_POINT('',(9.225122502516E-03,-0.191526867621,
    0.408983003276));
#295 = ORIENTED_EDGE('',*,*,#296,.T.);
#296 = EDGE_CURVE('',#289,#297,#299,.T.);
#297 = VERTEX_POINT('',#298);
#298 = CARTESIAN_POINT('',(4.210518765322E-02,-3.494881483574E-02,
    0.408982997239));
#299 = B_SPLINE_CURVE_WITH_KNOTS('',2,(#300,#301,#302),.UNSPECIFIED.,.F.
  ,.F.,(3,3),(0.,1.),.PIECEWISE_BEZIER_KNOTS.);
#300 = CARTESIAN_POINT('',(9.225122502516E-03,-0.191526867621,
    0.408983003276));
#301 = CARTESIAN_POINT('',(9.225122421775E-03,-8.608085184714E-02,
    0.408982999207));
#302 = CARTESIAN_POINT('',(4.210518765322E-02,-3.494881483574E-02,
    0.408982997239));
#303 = ORIENTED_EDGE('',*,*,#304,.T.);
#304 = EDGE_CURVE('',#297,#305,#307,.T.);
#305 = VERTEX_POINT('',#306);
#306 = CARTESIAN_POINT('',(0.142336742179,1.5939850165E-02,
    0.408982995295));
#307 = CIRCLE('',#308,0.11059720768);
#308 = AXIS2_PLACEMENT_3D('',#309,#310,#311);
#309 = CARTESIAN_POINT('',(0.135009907209,-9.465663524102E-02,
    0.408982999561));
#310 = DIRECTION('',(1.899571590547E-10,-3.859256819877E-08,-1.));
#311 = DIRECTION('',(-1.,-7.657069556151E-10,-1.899571295041E-10));
#312 = ORIENTED_EDGE('',*,*,#313,.T.);
#313 = EDGE_CURVE('',#305,#252,#314,.T.);
#314 = CIRCLE('',#315,0.110672574676);
#315 = AXIS2_PLACEMENT_3D('',#316,#317,#318);
#316 = CARTESIAN_POINT('',(0.147590132391,-9.465806291578E-02,
    0.408982999564));
#317 = DIRECTION('',(1.899571590547E-10,-3.859256819877E-08,-1.));
#318 = DIRECTION('',(-1.,-7.657069556151E-10,-1.899571295041E-10));
#319 = FACE_BOUND('',#320,.T.);
#320 = EDGE_LOOP('',(#321,#331,#339,#348,#356,#364,#372,#380,#388));
#321 = ORIENTED_EDGE('',*,*,#322,.T.);
#322 = EDGE_CURVE('',#323,#325,#327,.T.);
#323 = VERTEX_POINT('',#324);
#324 = CARTESIAN_POINT('',(-0.468331309216,-0.394022108672,0.408983011)
  );
#325 = VERTEX_POINT('',#326);
#326 = CARTESIAN_POINT('',(-0.513055268966,-0.394022108706,
    0.408983010992));
#327 = LINE('',#328,#329);
#328 = CARTESIAN_POINT('',(-0.490693289091,-0.394022108689,
    0.408983010996));
#329 = VECTOR('',#330,1.);
#330 = DIRECTION('',(-1.,-7.657069556151E-10,-1.899571295041E-10));
#331 = ORIENTED_EDGE('',*,*,#332,.T.);
#332 = EDGE_CURVE('',#325,#333,#335,.T.);
#333 = VERTEX_POINT('',#334);
#334 = CARTESIAN_POINT('',(-0.513049700687,-0.106233138131,
    0.408982999885));
#335 = LINE('',#336,#337);
#336 = CARTESIAN_POINT('',(-0.513055269076,-0.250127629511,
    0.408983005438));
#337 = VECTOR('',#338,1.);
#338 = DIRECTION('',(-7.657069482842E-10,1.,-3.859256819892E-08));
#339 = ORIENTED_EDGE('',*,*,#340,.T.);
#340 = EDGE_CURVE('',#333,#341,#343,.T.);
#341 = VERTEX_POINT('',#342);
#342 = CARTESIAN_POINT('',(-0.510868050873,-3.842622656516E-02,
    0.408982997269));
#343 = CIRCLE('',#344,0.99002129478);
#344 = AXIS2_PLACEMENT_3D('',#345,#346,#347);
#345 = CARTESIAN_POINT('',(0.476974792393,-0.104066771406,0.40898299999)
  );
#346 = DIRECTION('',(1.899571590547E-10,-3.859256819877E-08,-1.));
#347 = DIRECTION('',(-1.,-7.657069556151E-10,-1.899571295041E-10));
#348 = ORIENTED_EDGE('',*,*,#349,.T.);
#349 = EDGE_CURVE('',#341,#350,#352,.T.);
#350 = VERTEX_POINT('',#351);
#351 = CARTESIAN_POINT('',(-0.523887225841,-5.064048951313E-02,
    0.408982997738));
#352 = LINE('',#353,#354);
#353 = CARTESIAN_POINT('',(-0.517089683015,-4.426320556992E-02,
    0.408982997493));
#354 = VECTOR('',#355,1.);
#355 = DIRECTION('',(-0.729291575645,-0.684203038355,2.626661826367E-08)
  );
#356 = ORIENTED_EDGE('',*,*,#357,.T.);
#357 = EDGE_CURVE('',#350,#358,#360,.T.);
#358 = VERTEX_POINT('',#359);
#359 = CARTESIAN_POINT('',(-0.589461601854,-0.104351620139,
    0.408982999798));
#360 = LINE('',#361,#362);
#361 = CARTESIAN_POINT('',(-0.548550899948,-7.084218874701E-02,
    0.408982998513));
#362 = VECTOR('',#363,1.);
#363 = DIRECTION('',(-0.773613920486,-0.633657243335,2.430750687548E-08)
  );
#364 = ORIENTED_EDGE('',*,*,#365,.T.);
#365 = EDGE_CURVE('',#358,#366,#368,.T.);
#366 = VERTEX_POINT('',#367);
#367 = CARTESIAN_POINT('',(-0.613816759557,-7.282276148899E-02,
    0.408982998577));
#368 = LINE('',#369,#370);
#369 = CARTESIAN_POINT('',(-0.601663509613,-8.855569593741E-02,
    0.408982999186));
#370 = VECTOR('',#371,1.);
#371 = DIRECTION('',(-0.611320959125,0.791382767651,-3.065761822455E-08)
  );
#372 = ORIENTED_EDGE('',*,*,#373,.T.);
#373 = EDGE_CURVE('',#366,#374,#376,.T.);
#374 = VERTEX_POINT('',#375);
#375 = CARTESIAN_POINT('',(-0.506956547492,9.819338129835E-03,
    0.408982995407));
#376 = LINE('',#377,#378);
#377 = CARTESIAN_POINT('',(-0.560386653524,-3.150171167908E-02,
    0.408982996992));
#378 = VECTOR('',#379,1.);
#379 = DIRECTION('',(0.791040318329,0.611764018865,-2.345928084804E-08)
  );
#380 = ORIENTED_EDGE('',*,*,#381,.T.);
#381 = EDGE_CURVE('',#374,#382,#384,.T.);
#382 = VERTEX_POINT('',#383);
#383 = CARTESIAN_POINT('',(-0.468331309526,9.81933815941E-03,
    0.408982995415));
#384 = LINE('',#385,#386);
#385 = CARTESIAN_POINT('',(-0.487643928509,9.819338144623E-03,
    0.408982995411));
#386 = VECTOR('',#387,1.);
#387 = DIRECTION('',(1.,7.657069556151E-10,1.899571295041E-10));
#388 = ORIENTED_EDGE('',*,*,#389,.T.);
#389 = EDGE_CURVE('',#382,#323,#390,.T.);
#390 = LINE('',#391,#392);
#391 = CARTESIAN_POINT('',(-0.468331309371,-0.192101385256,
    0.408983003207));
#392 = VECTOR('',#393,1.);
#393 = DIRECTION('',(7.657069482842E-10,-1.,3.859256819892E-08));
#394 = FACE_BOUND('',#395,.T.);
#395 = EDGE_LOOP('',(#396,#406,#414,#422,#431,#440,#449,#458,#467,#476,
    #485,#493,#502,#511,#520,#529,#538,#546,#554,#562));
#396 = ORIENTED_EDGE('',*,*,#397,.T.);
#397 = EDGE_CURVE('',#398,#400,#402,.T.);
#398 = VERTEX_POINT('',#399);
#399 = CARTESIAN_POINT('',(0.597530806639,-0.394022107855,0.408983011203
    ));
#400 = VERTEX_POINT('',#401);
#401 = CARTESIAN_POINT('',(0.332103828124,-0.394022108059,0.408983011152
    ));
#402 = LINE('',#403,#404);
#403 = CARTESIAN_POINT('',(0.464817317382,-0.394022107957,0.408983011177
    ));
#404 = VECTOR('',#405,1.);
#405 = DIRECTION('',(-1.,-7.657069556151E-10,-1.899571295041E-10));
#406 = ORIENTED_EDGE('',*,*,#407,.T.);
#407 = EDGE_CURVE('',#400,#408,#410,.T.);
#408 = VERTEX_POINT('',#409);
#409 = CARTESIAN_POINT('',(0.332103828093,-0.354512997371,0.408983009627
    ));
#410 = LINE('',#411,#412);
#411 = CARTESIAN_POINT('',(0.332103828109,-0.374267552715,0.40898301039)
  );
#412 = VECTOR('',#413,1.);
#413 = DIRECTION('',(-7.657069482842E-10,1.,-3.859256819892E-08));
#414 = ORIENTED_EDGE('',*,*,#415,.T.);
#415 = EDGE_CURVE('',#408,#416,#418,.T.);
#416 = VERTEX_POINT('',#417);
#417 = CARTESIAN_POINT('',(0.438374663776,-0.247592087386,0.408983005521
    ));
#418 = LINE('',#419,#420);
#419 = CARTESIAN_POINT('',(0.385268772301,-0.301082891265,0.408983007575
    ));
#420 = VECTOR('',#421,1.);
#421 = DIRECTION('',(0.705345626227,0.708863560611,-2.72228798552E-08));
#422 = ORIENTED_EDGE('',*,*,#423,.F.);
#423 = EDGE_CURVE('',#424,#416,#426,.T.);
#424 = VERTEX_POINT('',#425);
#425 = CARTESIAN_POINT('',(0.50258771993,-0.177491394311,0.408983002828)
  );
#426 = CIRCLE('',#427,0.863146619553);
#427 = AXIS2_PLACEMENT_3D('',#428,#429,#430);
#428 = CARTESIAN_POINT('',(-0.163580078472,0.371131414982,0.408982981529
    ));
#429 = DIRECTION('',(1.899571590547E-10,-3.859256819877E-08,-1.));
#430 = DIRECTION('',(-1.,-7.657069556151E-10,-1.899571295041E-10));
#431 = ORIENTED_EDGE('',*,*,#432,.F.);
#432 = EDGE_CURVE('',#433,#424,#435,.T.);
#433 = VERTEX_POINT('',#434);
#434 = CARTESIAN_POINT('',(0.525741277511,-0.136559944519,0.408983001253
    ));
#435 = CIRCLE('',#436,0.179794741007);
#436 = AXIS2_PLACEMENT_3D('',#437,#438,#439);
#437 = CARTESIAN_POINT('',(0.359293504249,-6.865140377587E-02,
    0.4089829986));
#438 = DIRECTION('',(1.899571590547E-10,-3.859256819877E-08,-1.));
#439 = DIRECTION('',(-1.,-7.657069556151E-10,-1.899571295041E-10));
#440 = ORIENTED_EDGE('',*,*,#441,.F.);
#441 = EDGE_CURVE('',#442,#433,#444,.T.);
#442 = VERTEX_POINT('',#443);
#443 = CARTESIAN_POINT('',(0.533338872447,-9.376182525896E-02,
    0.408982999603));
#444 = CIRCLE('',#445,0.116996156331);
#445 = AXIS2_PLACEMENT_3D('',#446,#447,#448);
#446 = CARTESIAN_POINT('',(0.41643133074,-9.484035050384E-02,
    0.408982999622));
#447 = DIRECTION('',(1.899571590547E-10,-3.859256819877E-08,-1.));
#448 = DIRECTION('',(-1.,-7.657069556151E-10,-1.899571295041E-10));
#449 = ORIENTED_EDGE('',*,*,#450,.F.);
#450 = EDGE_CURVE('',#451,#442,#453,.T.);
#451 = VERTEX_POINT('',#452);
#452 = CARTESIAN_POINT('',(0.513907142391,-4.241353863348E-02,
    0.408982997617));
#453 = CIRCLE('',#454,6.794345226996E-02);
#454 = AXIS2_PLACEMENT_3D('',#455,#456,#457);
#455 = CARTESIAN_POINT('',(0.465392490766,-8.992954861845E-02,
    0.408982999442));
#456 = DIRECTION('',(1.899571590547E-10,-3.859256819877E-08,-1.));
#457 = DIRECTION('',(-1.,-7.657069556151E-10,-1.899571295041E-10));
#458 = ORIENTED_EDGE('',*,*,#459,.F.);
#459 = EDGE_CURVE('',#460,#451,#462,.T.);
#460 = VERTEX_POINT('',#461);
#461 = CARTESIAN_POINT('',(0.459389840847,-2.373344256023E-02,
    0.408982996886));
#462 = CIRCLE('',#463,7.558014460486E-02);
#463 = AXIS2_PLACEMENT_3D('',#464,#465,#466);
#464 = CARTESIAN_POINT('',(0.46432402664,-9.929528998575E-02,
    0.408982999803));
#465 = DIRECTION('',(1.899571590547E-10,-3.859256819877E-08,-1.));
#466 = DIRECTION('',(-1.,-7.657069556151E-10,-1.899571295041E-10));
#467 = ORIENTED_EDGE('',*,*,#468,.F.);
#468 = EDGE_CURVE('',#469,#460,#471,.T.);
#469 = VERTEX_POINT('',#470);
#470 = CARTESIAN_POINT('',(0.411709814171,-3.182833196974E-02,
    0.408982997189));
#471 = CIRCLE('',#472,0.136595474366);
#472 = AXIS2_PLACEMENT_3D('',#473,#474,#475);
#473 = CARTESIAN_POINT('',(0.458566942962,-0.160203191974,0.408983002152
    ));
#474 = DIRECTION('',(1.899571590547E-10,-3.859256819877E-08,-1.));
#475 = DIRECTION('',(-1.,-7.657069556151E-10,-1.899571295041E-10));
#476 = ORIENTED_EDGE('',*,*,#477,.F.);
#477 = EDGE_CURVE('',#478,#469,#480,.T.);
#478 = VERTEX_POINT('',#479);
#479 = CARTESIAN_POINT('',(0.361709434055,-6.214766921102E-02,
    0.40898299835));
#480 = CIRCLE('',#481,0.192500535022);
#481 = AXIS2_PLACEMENT_3D('',#482,#483,#484);
#482 = CARTESIAN_POINT('',(0.485561130498,-0.209515281908,0.408983004061
    ));
#483 = DIRECTION('',(1.899571590547E-10,-3.859256819877E-08,-1.));
#484 = DIRECTION('',(-1.,-7.657069556151E-10,-1.899571295041E-10));
#485 = ORIENTED_EDGE('',*,*,#486,.T.);
#486 = EDGE_CURVE('',#478,#487,#489,.T.);
#487 = VERTEX_POINT('',#488);
#488 = CARTESIAN_POINT('',(0.337484659768,-3.105190544857E-02,
    0.408982997145));
#489 = LINE('',#490,#491);
#490 = CARTESIAN_POINT('',(0.349471926852,-4.643915999039E-02,
    0.408982997741));
#491 = VECTOR('',#492,1.);
#492 = DIRECTION('',(-0.614559282334,0.788870641168,-3.056128395464E-08)
  );
#493 = ORIENTED_EDGE('',*,*,#494,.T.);
#494 = EDGE_CURVE('',#487,#495,#497,.T.);
#495 = VERTEX_POINT('',#496);
#496 = CARTESIAN_POINT('',(0.458871736854,1.541114079038E-02,
    0.408982995375));
#497 = CIRCLE('',#498,0.185943979474);
#498 = AXIS2_PLACEMENT_3D('',#499,#500,#501);
#499 = CARTESIAN_POINT('',(0.460813996135,-0.170210257096,0.408983002539
    ));
#500 = DIRECTION('',(1.899571590547E-10,-3.859256819877E-08,-1.));
#501 = DIRECTION('',(-1.,-7.657069556151E-10,-1.899571295041E-10));
#502 = ORIENTED_EDGE('',*,*,#503,.T.);
#503 = EDGE_CURVE('',#495,#504,#506,.T.);
#504 = VERTEX_POINT('',#505);
#505 = CARTESIAN_POINT('',(0.548214403547,-1.339938485121E-02,
    0.408982996504));
#506 = CIRCLE('',#507,0.1293031961);
#507 = AXIS2_PLACEMENT_3D('',#508,#509,#510);
#508 = CARTESIAN_POINT('',(0.467233773854,-0.11393434305,0.408983000369)
  );
#509 = DIRECTION('',(1.899571590547E-10,-3.859256819877E-08,-1.));
#510 = DIRECTION('',(-1.,-7.657069556151E-10,-1.899571295041E-10));
#511 = ORIENTED_EDGE('',*,*,#512,.T.);
#512 = EDGE_CURVE('',#504,#513,#515,.T.);
#513 = VERTEX_POINT('',#514);
#514 = CARTESIAN_POINT('',(0.580290276341,-9.181875217821E-02,
    0.408982999536));
#515 = CIRCLE('',#516,0.100044545212);
#516 = AXIS2_PLACEMENT_3D('',#517,#518,#519);
#517 = CARTESIAN_POINT('',(0.480177418735,-8.681909224391E-02,
    0.408982999325));
#518 = DIRECTION('',(1.899571590547E-10,-3.859256819877E-08,-1.));
#519 = DIRECTION('',(-1.,-7.657069556151E-10,-1.899571295041E-10));
#520 = ORIENTED_EDGE('',*,*,#521,.T.);
#521 = EDGE_CURVE('',#513,#522,#524,.T.);
#522 = VERTEX_POINT('',#523);
#523 = CARTESIAN_POINT('',(0.558956084485,-0.167940601017,0.40898300247)
  );
#524 = CIRCLE('',#525,0.151287254987);
#525 = AXIS2_PLACEMENT_3D('',#526,#527,#528);
#526 = CARTESIAN_POINT('',(0.429212929705,-8.955768199781E-02,
    0.408982999421));
#527 = DIRECTION('',(1.899571590547E-10,-3.859256819877E-08,-1.));
#528 = DIRECTION('',(-1.,-7.657069556151E-10,-1.899571295041E-10));
#529 = ORIENTED_EDGE('',*,*,#530,.T.);
#530 = EDGE_CURVE('',#522,#531,#533,.T.);
#531 = VERTEX_POINT('',#532);
#532 = CARTESIAN_POINT('',(0.478084600317,-0.262719428437,0.408983006113
    ));
#533 = CIRCLE('',#534,0.505098071425);
#534 = AXIS2_PLACEMENT_3D('',#535,#536,#537);
#535 = CARTESIAN_POINT('',(0.138524149981,0.111457369671,0.408982991608)
  );
#536 = DIRECTION('',(1.899571590547E-10,-3.859256819877E-08,-1.));
#537 = DIRECTION('',(-1.,-7.657069556151E-10,-1.899571295041E-10));
#538 = ORIENTED_EDGE('',*,*,#539,.T.);
#539 = EDGE_CURVE('',#531,#540,#542,.T.);
#540 = VERTEX_POINT('',#541);
#541 = CARTESIAN_POINT('',(0.389820716857,-0.349298148264,0.408983009437
    ));
#542 = LINE('',#543,#544);
#543 = CARTESIAN_POINT('',(0.434014352941,-0.30607677211,0.408983007777)
  );
#544 = VECTOR('',#545,1.);
#545 = DIRECTION('',(-0.714927247558,-0.699198849183,2.684807372272E-08)
  );
#546 = ORIENTED_EDGE('',*,*,#547,.T.);
#547 = EDGE_CURVE('',#540,#548,#550,.T.);
#548 = VERTEX_POINT('',#549);
#549 = CARTESIAN_POINT('',(0.389820716859,-0.35150783007,0.408983009522)
  );
#550 = LINE('',#551,#552);
#551 = CARTESIAN_POINT('',(0.389820716858,-0.350402989167,0.40898300948)
  );
#552 = VECTOR('',#553,1.);
#553 = DIRECTION('',(7.657069482842E-10,-1.,3.859256819892E-08));
#554 = ORIENTED_EDGE('',*,*,#555,.T.);
#555 = EDGE_CURVE('',#548,#556,#558,.T.);
#556 = VERTEX_POINT('',#557);
#557 = CARTESIAN_POINT('',(0.597530806606,-0.351507829911,0.408983009562
    ));
#558 = LINE('',#559,#560);
#559 = CARTESIAN_POINT('',(0.493675761733,-0.351507829991,0.408983009542
    ));
#560 = VECTOR('',#561,1.);
#561 = DIRECTION('',(1.,7.657069556151E-10,1.899571295041E-10));
#562 = ORIENTED_EDGE('',*,*,#563,.T.);
#563 = EDGE_CURVE('',#556,#398,#564,.T.);
#564 = LINE('',#565,#566);
#565 = CARTESIAN_POINT('',(0.597530806622,-0.372764968883,0.408983010382
    ));
#566 = VECTOR('',#567,1.);
#567 = DIRECTION('',(7.657069482842E-10,-1.,3.859256819892E-08));
#568 = FACE_BOUND('',#569,.T.);
#569 = EDGE_LOOP('',(#570,#578,#579,#587));
#570 = ORIENTED_EDGE('',*,*,#571,.F.);
#571 = EDGE_CURVE('',#230,#572,#574,.T.);
#572 = VERTEX_POINT('',#573);
#573 = CARTESIAN_POINT('',(-0.665788475072,-0.801932300775,
    0.408983026705));
#574 = LINE('',#575,#576);
#575 = CARTESIAN_POINT('',(-1.578847507197E-02,-0.801932300277,
    0.408983026828));
#576 = VECTOR('',#577,1.);
#577 = DIRECTION('',(-1.,-7.657070390153E-10,-1.899571295041E-10));
#578 = ORIENTED_EDGE('',*,*,#229,.T.);
#579 = ORIENTED_EDGE('',*,*,#580,.T.);
#580 = EDGE_CURVE('',#222,#581,#583,.T.);
#581 = VERTEX_POINT('',#582);
#582 = CARTESIAN_POINT('',(-0.665788476029,0.448067699225,0.408982978464
    ));
#583 = LINE('',#584,#585);
#584 = CARTESIAN_POINT('',(-1.578847602911E-02,0.448067699723,
    0.408982978588));
#585 = VECTOR('',#586,1.);
#586 = DIRECTION('',(-1.,-7.657069556151E-10,-1.899571295041E-10));
#587 = ORIENTED_EDGE('',*,*,#588,.F.);
#588 = EDGE_CURVE('',#572,#581,#589,.T.);
#589 = LINE('',#590,#591);
#590 = CARTESIAN_POINT('',(-0.665788475551,-0.176932300775,
    0.408983002585));
#591 = VECTOR('',#592,1.);
#592 = DIRECTION('',(-7.657069482842E-10,1.,-3.859256819892E-08));
#593 = FACE_BOUND('',#594,.T.);
#594 = EDGE_LOOP('',(#595,#606,#614,#623,#632,#640,#648,#657));
#595 = ORIENTED_EDGE('',*,*,#596,.T.);
#596 = EDGE_CURVE('',#597,#599,#601,.T.);
#597 = VERTEX_POINT('',#598);
#598 = CARTESIAN_POINT('',(-8.079538963545E-02,-3.695337234785E-02,
    0.408982997294));
#599 = VERTEX_POINT('',#600);
#600 = CARTESIAN_POINT('',(-4.707756990977E-02,-0.191526867664,
    0.408983003265));
#601 = CIRCLE('',#602,0.294780768662);
#602 = AXIS2_PLACEMENT_3D('',#603,#604,#605);
#603 = CARTESIAN_POINT('',(-0.342080022683,-0.172345463094,
    0.408983002469));
#604 = DIRECTION('',(1.899571590547E-10,-3.859256819877E-08,-1.));
#605 = DIRECTION('',(-1.,-7.657069556151E-10,-1.899571295041E-10));
#606 = ORIENTED_EDGE('',*,*,#607,.T.);
#607 = EDGE_CURVE('',#599,#608,#610,.T.);
#608 = VERTEX_POINT('',#609);
#609 = CARTESIAN_POINT('',(-8.009021596897E-02,-0.347928145905,
    0.408983009295));
#610 = B_SPLINE_CURVE_WITH_KNOTS('',2,(#611,#612,#613),.UNSPECIFIED.,.F.
  ,.F.,(3,3),(0.,1.),.PIECEWISE_BEZIER_KNOTS.);
#611 = CARTESIAN_POINT('',(-4.707756990977E-02,-0.191526867664,
    0.408983003265));
#612 = CARTESIAN_POINT('',(-4.707756982958E-02,-0.29626578526,
    0.408983007307));
#613 = CARTESIAN_POINT('',(-8.009021596897E-02,-0.347928145905,
    0.408983009295));
#614 = ORIENTED_EDGE('',*,*,#615,.T.);
#615 = EDGE_CURVE('',#608,#616,#618,.T.);
#616 = VERTEX_POINT('',#617);
#617 = CARTESIAN_POINT('',(-0.181072018753,-0.399342686983,0.40898301126
    ));
#618 = CIRCLE('',#619,0.111167846612);
#619 = AXIS2_PLACEMENT_3D('',#620,#621,#622);
#620 = CARTESIAN_POINT('',(-0.173640757099,-0.288176768251,
    0.408983006971));
#621 = DIRECTION('',(1.899571590547E-10,-3.859256819877E-08,-1.));
#622 = DIRECTION('',(-1.,-7.657069556151E-10,-1.899571295041E-10));
#623 = ORIENTED_EDGE('',*,*,#624,.T.);
#624 = EDGE_CURVE('',#616,#625,#627,.T.);
#625 = VERTEX_POINT('',#626);
#626 = CARTESIAN_POINT('',(-0.280199000305,-0.346690724248,
    0.408983009209));
#627 = CIRCLE('',#628,0.110043510405);
#628 = AXIS2_PLACEMENT_3D('',#629,#630,#631);
#629 = CARTESIAN_POINT('',(-0.186186634886,-0.289383711055,
    0.408983007015));
#630 = DIRECTION('',(1.899571590547E-10,-3.859256819877E-08,-1.));
#631 = DIRECTION('',(-1.,-7.657069556151E-10,-1.899571295041E-10));
#632 = ORIENTED_EDGE('',*,*,#633,.T.);
#633 = EDGE_CURVE('',#625,#634,#636,.T.);
#634 = VERTEX_POINT('',#635);
#635 = CARTESIAN_POINT('',(-0.314183906597,-0.191526867868,
    0.408983003215));
#636 = B_SPLINE_CURVE_WITH_KNOTS('',2,(#637,#638,#639),.UNSPECIFIED.,.F.
  ,.F.,(3,3),(0.,1.),.PIECEWISE_BEZIER_KNOTS.);
#637 = CARTESIAN_POINT('',(-0.280199000305,-0.346690724248,
    0.408983009209));
#638 = CARTESIAN_POINT('',(-0.314183906519,-0.293790941842,
    0.408983007161));
#639 = CARTESIAN_POINT('',(-0.314183906597,-0.191526867868,
    0.408983003215));
#640 = ORIENTED_EDGE('',*,*,#641,.T.);
#641 = EDGE_CURVE('',#634,#642,#644,.T.);
#642 = VERTEX_POINT('',#643);
#643 = CARTESIAN_POINT('',(-0.281303841446,-3.494881508338E-02,
    0.408982997178));
#644 = B_SPLINE_CURVE_WITH_KNOTS('',2,(#645,#646,#647),.UNSPECIFIED.,.F.
  ,.F.,(3,3),(0.,1.),.PIECEWISE_BEZIER_KNOTS.);
#645 = CARTESIAN_POINT('',(-0.314183906597,-0.191526867868,
    0.408983003215));
#646 = CARTESIAN_POINT('',(-0.314183906678,-8.608085209478E-02,
    0.408982999145));
#647 = CARTESIAN_POINT('',(-0.281303841446,-3.494881508338E-02,
    0.408982997178));
#648 = ORIENTED_EDGE('',*,*,#649,.T.);
#649 = EDGE_CURVE('',#642,#650,#652,.T.);
#650 = VERTEX_POINT('',#651);
#651 = CARTESIAN_POINT('',(-0.181069293671,1.594026137837E-02,
    0.408982995233));
#652 = CIRCLE('',#653,0.11059720768);
#653 = AXIS2_PLACEMENT_3D('',#654,#655,#656);
#654 = CARTESIAN_POINT('',(-0.188399121891,-9.465663548865E-02,
    0.4089829995));
#655 = DIRECTION('',(1.899571590547E-10,-3.859256819877E-08,-1.));
#656 = DIRECTION('',(-1.,-7.657069556151E-10,-1.899571295041E-10));
#657 = ORIENTED_EDGE('',*,*,#658,.T.);
#658 = EDGE_CURVE('',#650,#597,#659,.T.);
#659 = CIRCLE('',#660,0.110672574642);
#660 = AXIS2_PLACEMENT_3D('',#661,#662,#663);
#661 = CARTESIAN_POINT('',(-0.175818896692,-9.465806313171E-02,
    0.408982999502));
#662 = DIRECTION('',(1.899571590547E-10,-3.859256819877E-08,-1.));
#663 = DIRECTION('',(-1.,-7.657069556151E-10,-1.899571295041E-10));
#664 = PLANE('',#665);
#665 = AXIS2_PLACEMENT_3D('',#666,#667,#668);
#666 = CARTESIAN_POINT('',(-1.578847555054E-02,-0.176932300277,
    0.408983002708));
#667 = DIRECTION('',(-1.899571590547E-10,3.859256819877E-08,1.));
#668 = DIRECTION('',(1.,7.657069556151E-10,1.899571295041E-10));
#669 = ADVANCED_FACE('',(#670),#695,.T.);
#670 = FACE_BOUND('',#671,.T.);
#671 = EDGE_LOOP('',(#672,#682,#688,#689));
#672 = ORIENTED_EDGE('',*,*,#673,.F.);
#673 = EDGE_CURVE('',#674,#676,#678,.T.);
#674 = VERTEX_POINT('',#675);
#675 = CARTESIAN_POINT('',(-0.66578847507,-0.801932301161,0.398983026705
    ));
#676 = VERTEX_POINT('',#677);
#677 = CARTESIAN_POINT('',(-0.665788476027,0.448067698839,0.398982978464
    ));
#678 = LINE('',#679,#680);
#679 = CARTESIAN_POINT('',(-0.665788475549,-0.176932301161,
    0.398983002585));
#680 = VECTOR('',#681,1.);
#681 = DIRECTION('',(-7.657069482842E-10,1.,-3.859256819892E-08));
#682 = ORIENTED_EDGE('',*,*,#683,.F.);
#683 = EDGE_CURVE('',#572,#674,#684,.T.);
#684 = LINE('',#685,#686);
#685 = CARTESIAN_POINT('',(-0.665788475072,-0.801932300775,
    0.408983026705));
#686 = VECTOR('',#687,1.);
#687 = DIRECTION('',(1.899571590547E-10,-3.859256819877E-08,-1.));
#688 = ORIENTED_EDGE('',*,*,#588,.T.);
#689 = ORIENTED_EDGE('',*,*,#690,.T.);
#690 = EDGE_CURVE('',#581,#676,#691,.T.);
#691 = LINE('',#692,#693);
#692 = CARTESIAN_POINT('',(-0.665788476029,0.448067699225,0.408982978464
    ));
#693 = VECTOR('',#694,1.);
#694 = DIRECTION('',(1.899571590547E-10,-3.859256819877E-08,-1.));
#695 = PLANE('',#696);
#696 = AXIS2_PLACEMENT_3D('',#697,#698,#699);
#697 = CARTESIAN_POINT('',(-0.665788475551,-0.176932300775,
    0.408983002585));
#698 = DIRECTION('',(-1.,-7.657069556151E-10,-1.899571295041E-10));
#699 = DIRECTION('',(-1.899571590547E-10,3.859256819877E-08,1.));
#700 = ADVANCED_FACE('',(#701),#726,.F.);
#701 = FACE_BOUND('',#702,.F.);
#702 = EDGE_LOOP('',(#703,#711,#712,#720));
#703 = ORIENTED_EDGE('',*,*,#704,.F.);
#704 = EDGE_CURVE('',#190,#705,#707,.T.);
#705 = VERTEX_POINT('',#706);
#706 = CARTESIAN_POINT('',(-0.66578847498,-0.801932335558,
    -7.601702126125E-02));
#707 = LINE('',#708,#709);
#708 = CARTESIAN_POINT('',(-1.578847497984E-02,-0.801932318995,
    -7.601697317164E-02));
#709 = VECTOR('',#710,1.);
#710 = DIRECTION('',(-1.,-7.657070668153E-10,-1.899571295041E-10));
#711 = ORIENTED_EDGE('',*,*,#197,.T.);
#712 = ORIENTED_EDGE('',*,*,#713,.T.);
#713 = EDGE_CURVE('',#198,#714,#716,.T.);
#714 = VERTEX_POINT('',#715);
#715 = CARTESIAN_POINT('',(-0.665788475937,0.448067664442,
    -7.601702577475E-02));
#716 = LINE('',#717,#718);
#717 = CARTESIAN_POINT('',(-1.578847593698E-02,0.448067681005,
    -7.601702141236E-02));
#718 = VECTOR('',#719,1.);
#719 = DIRECTION('',(-1.,-7.657070668153E-10,-1.899571295041E-10));
#720 = ORIENTED_EDGE('',*,*,#721,.T.);
#721 = EDGE_CURVE('',#714,#705,#722,.T.);
#722 = LINE('',#723,#724);
#723 = CARTESIAN_POINT('',(-0.665788475458,-0.176932335558,
    -7.6017023518E-02));
#724 = VECTOR('',#725,1.);
#725 = DIRECTION('',(7.657071284016E-10,-1.,3.610792628826E-09));
#726 = PLANE('',#727);
#727 = AXIS2_PLACEMENT_3D('',#728,#729,#730);
#728 = CARTESIAN_POINT('',(-1.578847545841E-02,-0.176932318995,
    -7.6016997292E-02));
#729 = DIRECTION('',(-1.899571590547E-10,3.859256819877E-08,1.));
#730 = DIRECTION('',(1.,7.657069556151E-10,1.899571295041E-10));
#731 = ADVANCED_FACE('',(#732),#758,.T.);
#732 = FACE_BOUND('',#733,.T.);
#733 = EDGE_LOOP('',(#734,#735,#743,#752));
#734 = ORIENTED_EDGE('',*,*,#251,.F.);
#735 = ORIENTED_EDGE('',*,*,#736,.F.);
#736 = EDGE_CURVE('',#737,#252,#739,.T.);
#737 = VERTEX_POINT('',#738);
#738 = CARTESIAN_POINT('',(0.242613639459,-3.695337171529E-02,
    0.418982997355));
#739 = LINE('',#740,#741);
#740 = CARTESIAN_POINT('',(0.242213971989,-3.715849610159E-02,
    0.418982997363));
#741 = VECTOR('',#742,1.);
#742 = DIRECTION('',(1.899571590547E-10,-3.859256819877E-08,-1.));
#743 = ORIENTED_EDGE('',*,*,#744,.T.);
#744 = EDGE_CURVE('',#737,#745,#747,.T.);
#745 = VERTEX_POINT('',#746);
#746 = CARTESIAN_POINT('',(0.276331459188,-0.19152686703,0.418983003327)
  );
#747 = CIRCLE('',#748,0.294780768233);
#748 = AXIS2_PLACEMENT_3D('',#749,#750,#751);
#749 = CARTESIAN_POINT('',(-1.867099315999E-02,-0.172345462368,
    0.41898300253));
#750 = DIRECTION('',(1.899571590547E-10,-3.859256819877E-08,-1.));
#751 = DIRECTION('',(-1.,-7.657069556151E-10,-1.899571295041E-10));
#752 = ORIENTED_EDGE('',*,*,#753,.T.);
#753 = EDGE_CURVE('',#745,#254,#754,.T.);
#754 = LINE('',#755,#756);
#755 = CARTESIAN_POINT('',(0.276331459188,-0.19152686703,0.418983003327)
  );
#756 = VECTOR('',#757,1.);
#757 = DIRECTION('',(1.899571590547E-10,-3.859256819877E-08,-1.));
#758 = CYLINDRICAL_SURFACE('',#759,0.294780768233);
#759 = AXIS2_PLACEMENT_3D('',#760,#761,#762);
#760 = CARTESIAN_POINT('',(-1.867099315999E-02,-0.172345462368,
    0.41898300253));
#761 = DIRECTION('',(1.899571590547E-10,-3.859256819877E-08,-1.));
#762 = DIRECTION('',(0.971479314573,0.23712431625,-8.966696895787E-09));
#763 = ADVANCED_FACE('',(#764),#782,.T.);
#764 = FACE_BOUND('',#765,.T.);
#765 = EDGE_LOOP('',(#766,#767,#768,#776));
#766 = ORIENTED_EDGE('',*,*,#262,.F.);
#767 = ORIENTED_EDGE('',*,*,#753,.F.);
#768 = ORIENTED_EDGE('',*,*,#769,.T.);
#769 = EDGE_CURVE('',#745,#770,#772,.T.);
#770 = VERTEX_POINT('',#771);
#771 = CARTESIAN_POINT('',(0.243318813128,-0.347928145272,0.418983009356
    ));
#772 = B_SPLINE_CURVE_WITH_KNOTS('',2,(#773,#774,#775),.UNSPECIFIED.,.F.
  ,.F.,(3,3),(0.,1.),.PIECEWISE_BEZIER_KNOTS.);
#773 = CARTESIAN_POINT('',(0.276331459188,-0.19152686703,0.418983003327)
  );
#774 = CARTESIAN_POINT('',(0.276331459268,-0.296265784626,0.418983007369
    ));
#775 = CARTESIAN_POINT('',(0.243318813128,-0.347928145272,0.418983009356
    ));
#776 = ORIENTED_EDGE('',*,*,#777,.T.);
#777 = EDGE_CURVE('',#770,#263,#778,.T.);
#778 = LINE('',#779,#780);
#779 = CARTESIAN_POINT('',(0.243318813128,-0.347928145272,0.418983009356
    ));
#780 = VECTOR('',#781,1.);
#781 = DIRECTION('',(1.899571590547E-10,-3.859256819877E-08,-1.));
#782 = B_SPLINE_SURFACE_WITH_KNOTS('',3,1,(
    (#783,#784)
    ,(#785,#786)
    ,(#787,#788)
    ,(#789,#790)),.UNSPECIFIED.,.F.,.F.,.F.,(4,4),(2,2),(0.,1.),(0.,1.),
  .PIECEWISE_BEZIER_KNOTS.);
#783 = CARTESIAN_POINT('',(0.276331459188,-0.19152686703,0.418983003327)
  );
#784 = CARTESIAN_POINT('',(0.27633145919,-0.191526867416,0.408983003327)
  );
#785 = CARTESIAN_POINT('',(0.276331459241,-0.261352812094,0.418983006021
    ));
#786 = CARTESIAN_POINT('',(0.276331459243,-0.26135281248,0.408983006021)
  );
#787 = CARTESIAN_POINT('',(0.265327243888,-0.313486571508,0.418983008031
    ));
#788 = CARTESIAN_POINT('',(0.26532724389,-0.313486571894,0.408983008031)
  );
#789 = CARTESIAN_POINT('',(0.243318813128,-0.347928145272,0.418983009356
    ));
#790 = CARTESIAN_POINT('',(0.24331881313,-0.347928145658,0.408983009356)
  );
#791 = ADVANCED_FACE('',(#792),#811,.T.);
#792 = FACE_BOUND('',#793,.T.);
#793 = EDGE_LOOP('',(#794,#795,#796,#805));
#794 = ORIENTED_EDGE('',*,*,#270,.F.);
#795 = ORIENTED_EDGE('',*,*,#777,.F.);
#796 = ORIENTED_EDGE('',*,*,#797,.T.);
#797 = EDGE_CURVE('',#770,#798,#800,.T.);
#798 = VERTEX_POINT('',#799);
#799 = CARTESIAN_POINT('',(0.142337010345,-0.399342686349,0.418983011321
    ));
#800 = CIRCLE('',#801,0.111167846612);
#801 = AXIS2_PLACEMENT_3D('',#802,#803,#804);
#802 = CARTESIAN_POINT('',(0.149768271999,-0.288176767617,0.418983007033
    ));
#803 = DIRECTION('',(1.899571590547E-10,-3.859256819877E-08,-1.));
#804 = DIRECTION('',(-1.,-7.657069556151E-10,-1.899571295041E-10));
#805 = ORIENTED_EDGE('',*,*,#806,.T.);
#806 = EDGE_CURVE('',#798,#271,#807,.T.);
#807 = LINE('',#808,#809);
#808 = CARTESIAN_POINT('',(0.142336354642,-0.399590505969,0.418983011331
    ));
#809 = VECTOR('',#810,1.);
#810 = DIRECTION('',(1.899571590547E-10,-3.859256819877E-08,-1.));
#811 = CYLINDRICAL_SURFACE('',#812,0.111167846612);
#812 = AXIS2_PLACEMENT_3D('',#813,#814,#815);
#813 = CARTESIAN_POINT('',(0.149768271999,-0.288176767617,0.418983007033
    ));
#814 = DIRECTION('',(1.899571590547E-10,-3.859256819877E-08,-1.));
#815 = DIRECTION('',(0.465447162472,-0.885075668487,3.424575811781E-08)
  );
#816 = ADVANCED_FACE('',(#817),#836,.T.);
#817 = FACE_BOUND('',#818,.T.);
#818 = EDGE_LOOP('',(#819,#820,#821,#830));
#819 = ORIENTED_EDGE('',*,*,#279,.F.);
#820 = ORIENTED_EDGE('',*,*,#806,.F.);
#821 = ORIENTED_EDGE('',*,*,#822,.T.);
#822 = EDGE_CURVE('',#798,#823,#825,.T.);
#823 = VERTEX_POINT('',#824);
#824 = CARTESIAN_POINT('',(4.321002879294E-02,-0.346690723614,
    0.418983009271));
#825 = CIRCLE('',#826,0.110043510405);
#826 = AXIS2_PLACEMENT_3D('',#827,#828,#829);
#827 = CARTESIAN_POINT('',(0.137222394212,-0.289383710421,0.418983007077
    ));
#828 = DIRECTION('',(1.899571590547E-10,-3.859256819877E-08,-1.));
#829 = DIRECTION('',(-1.,-7.657069556151E-10,-1.899571295041E-10));
#830 = ORIENTED_EDGE('',*,*,#831,.T.);
#831 = EDGE_CURVE('',#823,#280,#832,.T.);
#832 = LINE('',#833,#834);
#833 = CARTESIAN_POINT('',(4.321002879294E-02,-0.346690723614,
    0.418983009271));
#834 = VECTOR('',#835,1.);
#835 = DIRECTION('',(1.899571590547E-10,-3.859256819877E-08,-1.));
#836 = CYLINDRICAL_SURFACE('',#837,0.110043510405);
#837 = AXIS2_PLACEMENT_3D('',#838,#839,#840);
#838 = CARTESIAN_POINT('',(0.137222394212,-0.289383710421,0.418983007077
    ));
#839 = DIRECTION('',(1.899571590547E-10,-3.859256819877E-08,-1.));
#840 = DIRECTION('',(-0.474221812597,-0.880405402333,3.388702370382E-08)
  );
#841 = ADVANCED_FACE('',(#842),#860,.T.);
#842 = FACE_BOUND('',#843,.T.);
#843 = EDGE_LOOP('',(#844,#845,#846,#854));
#844 = ORIENTED_EDGE('',*,*,#288,.F.);
#845 = ORIENTED_EDGE('',*,*,#831,.F.);
#846 = ORIENTED_EDGE('',*,*,#847,.T.);
#847 = EDGE_CURVE('',#823,#848,#850,.T.);
#848 = VERTEX_POINT('',#849);
#849 = CARTESIAN_POINT('',(9.225122500616E-03,-0.191526867235,
    0.418983003276));
#850 = B_SPLINE_CURVE_WITH_KNOTS('',2,(#851,#852,#853),.UNSPECIFIED.,.F.
  ,.F.,(3,3),(0.,1.),.PIECEWISE_BEZIER_KNOTS.);
#851 = CARTESIAN_POINT('',(4.321002879294E-02,-0.346690723614,
    0.418983009271));
#852 = CARTESIAN_POINT('',(9.22512257892E-03,-0.293790941208,
    0.418983007223));
#853 = CARTESIAN_POINT('',(9.225122500616E-03,-0.191526867235,
    0.418983003276));
#854 = ORIENTED_EDGE('',*,*,#855,.T.);
#855 = EDGE_CURVE('',#848,#289,#856,.T.);
#856 = LINE('',#857,#858);
#857 = CARTESIAN_POINT('',(9.225122500616E-03,-0.191526867235,
    0.418983003276));
#858 = VECTOR('',#859,1.);
#859 = DIRECTION('',(1.899571590547E-10,-3.859256819877E-08,-1.));
#860 = B_SPLINE_SURFACE_WITH_KNOTS('',3,1,(
    (#861,#862)
    ,(#863,#864)
    ,(#865,#866)
    ,(#867,#868)),.UNSPECIFIED.,.F.,.F.,.F.,(4,4),(2,2),(0.,1.),(0.,1.),
  .PIECEWISE_BEZIER_KNOTS.);
#861 = CARTESIAN_POINT('',(4.321002879294E-02,-0.346690723614,
    0.418983009271));
#862 = CARTESIAN_POINT('',(4.321002879484E-02,-0.346690724,
    0.408983009271));
#863 = CARTESIAN_POINT('',(2.055342465026E-02,-0.31142420201,
    0.418983007905));
#864 = CARTESIAN_POINT('',(2.055342465216E-02,-0.311424202396,
    0.408983007905));
#865 = CARTESIAN_POINT('',(9.225122552819E-03,-0.259702916551,
    0.418983005907));
#866 = CARTESIAN_POINT('',(9.225122554718E-03,-0.259702916936,
    0.408983005907));
#867 = CARTESIAN_POINT('',(9.225122500616E-03,-0.191526867235,
    0.418983003276));
#868 = CARTESIAN_POINT('',(9.225122502516E-03,-0.191526867621,
    0.408983003276));
#869 = ADVANCED_FACE('',(#870),#888,.T.);
#870 = FACE_BOUND('',#871,.T.);
#871 = EDGE_LOOP('',(#872,#873,#874,#882));
#872 = ORIENTED_EDGE('',*,*,#296,.F.);
#873 = ORIENTED_EDGE('',*,*,#855,.F.);
#874 = ORIENTED_EDGE('',*,*,#875,.T.);
#875 = EDGE_CURVE('',#848,#876,#878,.T.);
#876 = VERTEX_POINT('',#877);
#877 = CARTESIAN_POINT('',(4.210518765132E-02,-3.494881444982E-02,
    0.418982997239));
#878 = B_SPLINE_CURVE_WITH_KNOTS('',2,(#879,#880,#881),.UNSPECIFIED.,.F.
  ,.F.,(3,3),(0.,1.),.PIECEWISE_BEZIER_KNOTS.);
#879 = CARTESIAN_POINT('',(9.225122500616E-03,-0.191526867235,
    0.418983003276));
#880 = CARTESIAN_POINT('',(9.225122419875E-03,-8.608085146122E-02,
    0.418982999207));
#881 = CARTESIAN_POINT('',(4.210518765132E-02,-3.494881444982E-02,
    0.418982997239));
#882 = ORIENTED_EDGE('',*,*,#883,.T.);
#883 = EDGE_CURVE('',#876,#297,#884,.T.);
#884 = LINE('',#885,#886);
#885 = CARTESIAN_POINT('',(4.210518765132E-02,-3.494881444982E-02,
    0.418982997239));
#886 = VECTOR('',#887,1.);
#887 = DIRECTION('',(1.899571590547E-10,-3.859256819877E-08,-1.));
#888 = B_SPLINE_SURFACE_WITH_KNOTS('',3,1,(
    (#889,#890)
    ,(#891,#892)
    ,(#893,#894)
    ,(#895,#896)),.UNSPECIFIED.,.F.,.F.,.F.,(4,4),(2,2),(0.,1.),(0.,1.),
  .PIECEWISE_BEZIER_KNOTS.);
#889 = CARTESIAN_POINT('',(9.225122500616E-03,-0.191526867235,
    0.418983003276));
#890 = CARTESIAN_POINT('',(9.225122502516E-03,-0.191526867621,
    0.408983003276));
#891 = CARTESIAN_POINT('',(9.225122446789E-03,-0.121229523386,
    0.418983000563));
#892 = CARTESIAN_POINT('',(9.225122448688E-03,-0.121229523772,
    0.408983000563));
#893 = CARTESIAN_POINT('',(2.018514416369E-02,-6.90368391236E-02,
    0.418982998551));
#894 = CARTESIAN_POINT('',(2.018514416559E-02,-6.903683950953E-02,
    0.408982998551));
#895 = CARTESIAN_POINT('',(4.210518765132E-02,-3.494881444982E-02,
    0.418982997239));
#896 = CARTESIAN_POINT('',(4.210518765322E-02,-3.494881483574E-02,
    0.408982997239));
#897 = ADVANCED_FACE('',(#898),#917,.T.);
#898 = FACE_BOUND('',#899,.T.);
#899 = EDGE_LOOP('',(#900,#901,#902,#911));
#900 = ORIENTED_EDGE('',*,*,#304,.F.);
#901 = ORIENTED_EDGE('',*,*,#883,.F.);
#902 = ORIENTED_EDGE('',*,*,#903,.T.);
#903 = EDGE_CURVE('',#876,#904,#906,.T.);
#904 = VERTEX_POINT('',#905);
#905 = CARTESIAN_POINT('',(0.142336742177,1.593985055093E-02,
    0.418982995295));
#906 = CIRCLE('',#907,0.11059720768);
#907 = AXIS2_PLACEMENT_3D('',#908,#909,#910);
#908 = CARTESIAN_POINT('',(0.135009907208,-9.465663485509E-02,
    0.418982999561));
#909 = DIRECTION('',(1.899571590547E-10,-3.859256819877E-08,-1.));
#910 = DIRECTION('',(-1.,-7.657069556151E-10,-1.899571295041E-10));
#911 = ORIENTED_EDGE('',*,*,#912,.T.);
#912 = EDGE_CURVE('',#904,#305,#913,.T.);
#913 = LINE('',#914,#915);
#914 = CARTESIAN_POINT('',(0.142336354324,1.618322261393E-02,
    0.418982995285));
#915 = VECTOR('',#916,1.);
#916 = DIRECTION('',(1.899571590547E-10,-3.859256819877E-08,-1.));
#917 = CYLINDRICAL_SURFACE('',#918,0.11059720768);
#918 = AXIS2_PLACEMENT_3D('',#919,#920,#921);
#919 = CARTESIAN_POINT('',(0.135009907208,-9.465663485509E-02,
    0.418982999561));
#920 = DIRECTION('',(1.899571590547E-10,-3.859256819877E-08,-1.));
#921 = DIRECTION('',(-0.464317289497,0.885668930625,-3.426843899989E-08)
  );
#922 = ADVANCED_FACE('',(#923),#935,.T.);
#923 = FACE_BOUND('',#924,.T.);
#924 = EDGE_LOOP('',(#925,#926,#927,#934));
#925 = ORIENTED_EDGE('',*,*,#313,.F.);
#926 = ORIENTED_EDGE('',*,*,#912,.F.);
#927 = ORIENTED_EDGE('',*,*,#928,.T.);
#928 = EDGE_CURVE('',#904,#737,#929,.T.);
#929 = CIRCLE('',#930,0.110672574676);
#930 = AXIS2_PLACEMENT_3D('',#931,#932,#933);
#931 = CARTESIAN_POINT('',(0.14759013239,-9.465806252986E-02,
    0.418982999564));
#932 = DIRECTION('',(1.899571590547E-10,-3.859256819877E-08,-1.));
#933 = DIRECTION('',(-1.,-7.657069556151E-10,-1.899571295041E-10));
#934 = ORIENTED_EDGE('',*,*,#736,.T.);
#935 = CYLINDRICAL_SURFACE('',#936,0.110672574676);
#936 = AXIS2_PLACEMENT_3D('',#937,#938,#939);
#937 = CARTESIAN_POINT('',(0.14759013239,-9.465806252986E-02,
    0.418982999564));
#938 = DIRECTION('',(1.899571590547E-10,-3.859256819877E-08,-1.));
#939 = DIRECTION('',(0.474747233495,0.880122187136,-3.387599389455E-08)
  );
#940 = ADVANCED_FACE('',(#941),#966,.T.);
#941 = FACE_BOUND('',#942,.T.);
#942 = EDGE_LOOP('',(#943,#944,#952,#960));
#943 = ORIENTED_EDGE('',*,*,#322,.F.);
#944 = ORIENTED_EDGE('',*,*,#945,.F.);
#945 = EDGE_CURVE('',#946,#323,#948,.T.);
#946 = VERTEX_POINT('',#947);
#947 = CARTESIAN_POINT('',(-0.468331309218,-0.394022108286,0.418983011)
  );
#948 = LINE('',#949,#950);
#949 = CARTESIAN_POINT('',(-0.468331309218,-0.394022108286,0.418983011)
  );
#950 = VECTOR('',#951,1.);
#951 = DIRECTION('',(1.899571590547E-10,-3.859256819877E-08,-1.));
#952 = ORIENTED_EDGE('',*,*,#953,.T.);
#953 = EDGE_CURVE('',#946,#954,#956,.T.);
#954 = VERTEX_POINT('',#955);
#955 = CARTESIAN_POINT('',(-0.513055268968,-0.39402210832,0.418983010992
    ));
#956 = LINE('',#957,#958);
#957 = CARTESIAN_POINT('',(-0.490693289093,-0.394022108303,
    0.418983010996));
#958 = VECTOR('',#959,1.);
#959 = DIRECTION('',(-1.,-7.657069556151E-10,-1.899571295041E-10));
#960 = ORIENTED_EDGE('',*,*,#961,.T.);
#961 = EDGE_CURVE('',#954,#325,#962,.T.);
#962 = LINE('',#963,#964);
#963 = CARTESIAN_POINT('',(-0.513055268968,-0.39402210832,0.418983010992
    ));
#964 = VECTOR('',#965,1.);
#965 = DIRECTION('',(1.899571590547E-10,-3.859256819877E-08,-1.));
#966 = PLANE('',#967);
#967 = AXIS2_PLACEMENT_3D('',#968,#969,#970);
#968 = CARTESIAN_POINT('',(-0.490693289093,-0.394022108303,
    0.418983010996));
#969 = DIRECTION('',(7.657069482842E-10,-1.,3.859256819892E-08));
#970 = DIRECTION('',(1.899571590547E-10,-3.859256819877E-08,-1.));
#971 = ADVANCED_FACE('',(#972),#990,.T.);
#972 = FACE_BOUND('',#973,.T.);
#973 = EDGE_LOOP('',(#974,#975,#976,#984));
#974 = ORIENTED_EDGE('',*,*,#332,.F.);
#975 = ORIENTED_EDGE('',*,*,#961,.F.);
#976 = ORIENTED_EDGE('',*,*,#977,.T.);
#977 = EDGE_CURVE('',#954,#978,#980,.T.);
#978 = VERTEX_POINT('',#979);
#979 = CARTESIAN_POINT('',(-0.513049700689,-0.106233137745,
    0.418982749885));
#980 = LINE('',#981,#982);
#981 = CARTESIAN_POINT('',(-0.513055269078,-0.250127629125,
    0.418983005438));
#982 = VECTOR('',#983,1.);
#983 = DIRECTION('',(-7.657069482842E-10,1.,-3.859256819892E-08));
#984 = ORIENTED_EDGE('',*,*,#985,.T.);
#985 = EDGE_CURVE('',#978,#333,#986,.T.);
#986 = LINE('',#987,#988);
#987 = CARTESIAN_POINT('',(-0.513055269189,-0.10623314993,0.418982999885
    ));
#988 = VECTOR('',#989,1.);
#989 = DIRECTION('',(1.899571590547E-10,-3.859256819877E-08,-1.));
#990 = PLANE('',#991);
#991 = AXIS2_PLACEMENT_3D('',#992,#993,#994);
#992 = CARTESIAN_POINT('',(-0.513055269078,-0.250127629125,
    0.418983005438));
#993 = DIRECTION('',(-1.,-7.657069556151E-10,-1.899571295041E-10));
#994 = DIRECTION('',(-1.899571590547E-10,3.859256819877E-08,1.));
#995 = ADVANCED_FACE('',(#996),#1015,.T.);
#996 = FACE_BOUND('',#997,.T.);
#997 = EDGE_LOOP('',(#998,#999,#1000,#1009));
#998 = ORIENTED_EDGE('',*,*,#340,.F.);
#999 = ORIENTED_EDGE('',*,*,#985,.F.);
#1000 = ORIENTED_EDGE('',*,*,#1001,.T.);
#1001 = EDGE_CURVE('',#978,#1002,#1004,.T.);
#1002 = VERTEX_POINT('',#1003);
#1003 = CARTESIAN_POINT('',(-0.510868050874,-3.842622617923E-02,
    0.418982997269));
#1004 = CIRCLE('',#1005,0.99002129478);
#1005 = AXIS2_PLACEMENT_3D('',#1006,#1007,#1008);
#1006 = CARTESIAN_POINT('',(0.476974792391,-0.10406677102,0.41898299999)
  );
#1007 = DIRECTION('',(1.899571590547E-10,-3.859256819877E-08,-1.));
#1008 = DIRECTION('',(-1.,-7.657069556151E-10,-1.899571295041E-10));
#1009 = ORIENTED_EDGE('',*,*,#1010,.T.);
#1010 = EDGE_CURVE('',#1002,#341,#1011,.T.);
#1011 = LINE('',#1012,#1013);
#1012 = CARTESIAN_POINT('',(-0.510868050874,-3.842622617923E-02,
    0.418982997269));
#1013 = VECTOR('',#1014,1.);
#1014 = DIRECTION('',(1.899571590547E-10,-3.859256819877E-08,-1.));
#1015 = CYLINDRICAL_SURFACE('',#1016,0.99002129478);
#1016 = AXIS2_PLACEMENT_3D('',#1017,#1018,#1019);
#1017 = CARTESIAN_POINT('',(0.476974792391,-0.10406677102,0.41898299999)
  );
#1018 = DIRECTION('',(1.899571590547E-10,-3.859256819877E-08,-1.));
#1019 = DIRECTION('',(-0.999450599784,3.314360558179E-02,
    -1.468949655319E-09));
#1020 = ADVANCED_FACE('',(#1021),#1039,.T.);
#1021 = FACE_BOUND('',#1022,.T.);
#1022 = EDGE_LOOP('',(#1023,#1024,#1025,#1033));
#1023 = ORIENTED_EDGE('',*,*,#349,.F.);
#1024 = ORIENTED_EDGE('',*,*,#1010,.F.);
#1025 = ORIENTED_EDGE('',*,*,#1026,.T.);
#1026 = EDGE_CURVE('',#1002,#1027,#1029,.T.);
#1027 = VERTEX_POINT('',#1028);
#1028 = CARTESIAN_POINT('',(-0.523887225843,-5.06404891272E-02,
    0.418982997738));
#1029 = LINE('',#1030,#1031);
#1030 = CARTESIAN_POINT('',(-0.517089683017,-4.4263205184E-02,
    0.418982997493));
#1031 = VECTOR('',#1032,1.);
#1032 = DIRECTION('',(-0.729291575645,-0.684203038355,2.626661826367E-08
    ));
#1033 = ORIENTED_EDGE('',*,*,#1034,.T.);
#1034 = EDGE_CURVE('',#1027,#350,#1035,.T.);
#1035 = LINE('',#1036,#1037);
#1036 = CARTESIAN_POINT('',(-0.523887225843,-5.06404891272E-02,
    0.418982993403));
#1037 = VECTOR('',#1038,1.);
#1038 = DIRECTION('',(1.899571590547E-10,-3.859256819877E-08,-1.));
#1039 = PLANE('',#1040);
#1040 = AXIS2_PLACEMENT_3D('',#1041,#1042,#1043);
#1041 = CARTESIAN_POINT('',(-0.517089683017,-4.4263205184E-02,
    0.418982993159));
#1042 = DIRECTION('',(0.684203038355,-0.729291575645,2.827520413522E-08)
  );
#1043 = DIRECTION('',(-0.729291575645,-0.684203038355,2.626661826367E-08
    ));
#1044 = ADVANCED_FACE('',(#1045),#1063,.T.);
#1045 = FACE_BOUND('',#1046,.T.);
#1046 = EDGE_LOOP('',(#1047,#1048,#1049,#1057));
#1047 = ORIENTED_EDGE('',*,*,#357,.F.);
#1048 = ORIENTED_EDGE('',*,*,#1034,.F.);
#1049 = ORIENTED_EDGE('',*,*,#1050,.T.);
#1050 = EDGE_CURVE('',#1027,#1051,#1053,.T.);
#1051 = VERTEX_POINT('',#1052);
#1052 = CARTESIAN_POINT('',(-0.589461601856,-0.104351619753,
    0.418982999798));
#1053 = LINE('',#1054,#1055);
#1054 = CARTESIAN_POINT('',(-0.54855089995,-7.084218836109E-02,
    0.418982998513));
#1055 = VECTOR('',#1056,1.);
#1056 = DIRECTION('',(-0.773613920486,-0.633657243335,2.430750687548E-08
    ));
#1057 = ORIENTED_EDGE('',*,*,#1058,.T.);
#1058 = EDGE_CURVE('',#1051,#358,#1059,.T.);
#1059 = LINE('',#1060,#1061);
#1060 = CARTESIAN_POINT('',(-0.589461601856,-0.104351619753,
    0.418982995464));
#1061 = VECTOR('',#1062,1.);
#1062 = DIRECTION('',(1.899571590547E-10,-3.859256819877E-08,-1.));
#1063 = PLANE('',#1064);
#1064 = AXIS2_PLACEMENT_3D('',#1065,#1066,#1067);
#1065 = CARTESIAN_POINT('',(-0.54855089995,-7.084218836109E-02,
    0.418982994178));
#1066 = DIRECTION('',(0.633657243335,-0.773613920486,2.997611571562E-08)
  );
#1067 = DIRECTION('',(-0.773613920486,-0.633657243335,2.430750687548E-08
    ));
#1068 = ADVANCED_FACE('',(#1069),#1087,.T.);
#1069 = FACE_BOUND('',#1070,.T.);
#1070 = EDGE_LOOP('',(#1071,#1072,#1073,#1081));
#1071 = ORIENTED_EDGE('',*,*,#365,.F.);
#1072 = ORIENTED_EDGE('',*,*,#1058,.F.);
#1073 = ORIENTED_EDGE('',*,*,#1074,.T.);
#1074 = EDGE_CURVE('',#1051,#1075,#1077,.T.);
#1075 = VERTEX_POINT('',#1076);
#1076 = CARTESIAN_POINT('',(-0.613816759559,-7.282276110306E-02,
    0.418982998577));
#1077 = LINE('',#1078,#1079);
#1078 = CARTESIAN_POINT('',(-0.601663509615,-8.855569555149E-02,
    0.418982999186));
#1079 = VECTOR('',#1080,1.);
#1080 = DIRECTION('',(-0.611320959125,0.791382767651,-3.065761822455E-08
    ));
#1081 = ORIENTED_EDGE('',*,*,#1082,.T.);
#1082 = EDGE_CURVE('',#1075,#366,#1083,.T.);
#1083 = LINE('',#1084,#1085);
#1084 = CARTESIAN_POINT('',(-0.613816759559,-7.282276110306E-02,
    0.418982998577));
#1085 = VECTOR('',#1086,1.);
#1086 = DIRECTION('',(1.899571590547E-10,-3.859256819877E-08,-1.));
#1087 = PLANE('',#1088);
#1088 = AXIS2_PLACEMENT_3D('',#1089,#1090,#1091);
#1089 = CARTESIAN_POINT('',(-0.601663509615,-8.855569555149E-02,
    0.418982999186));
#1090 = DIRECTION('',(-0.791382767651,-0.611320959125,2.344211698409E-08
    ));
#1091 = DIRECTION('',(0.611320959125,-0.791382767651,3.065761822455E-08)
  );
#1092 = ADVANCED_FACE('',(#1093),#1111,.T.);
#1093 = FACE_BOUND('',#1094,.T.);
#1094 = EDGE_LOOP('',(#1095,#1096,#1097,#1105));
#1095 = ORIENTED_EDGE('',*,*,#373,.F.);
#1096 = ORIENTED_EDGE('',*,*,#1082,.F.);
#1097 = ORIENTED_EDGE('',*,*,#1098,.T.);
#1098 = EDGE_CURVE('',#1075,#1099,#1101,.T.);
#1099 = VERTEX_POINT('',#1100);
#1100 = CARTESIAN_POINT('',(-0.506956547493,9.81933851576E-03,
    0.418982995407));
#1101 = LINE('',#1102,#1103);
#1102 = CARTESIAN_POINT('',(-0.560386653526,-3.150171129315E-02,
    0.418982996992));
#1103 = VECTOR('',#1104,1.);
#1104 = DIRECTION('',(0.791040318329,0.611764018865,-2.345928084804E-08)
  );
#1105 = ORIENTED_EDGE('',*,*,#1106,.T.);
#1106 = EDGE_CURVE('',#1099,#374,#1107,.T.);
#1107 = LINE('',#1108,#1109);
#1108 = CARTESIAN_POINT('',(-0.506956547493,9.81933851576E-03,
    0.418982995407));
#1109 = VECTOR('',#1110,1.);
#1110 = DIRECTION('',(1.899571590547E-10,-3.859256819877E-08,-1.));
#1111 = PLANE('',#1112);
#1112 = AXIS2_PLACEMENT_3D('',#1113,#1114,#1115);
#1113 = CARTESIAN_POINT('',(-0.560386653526,-3.150171129315E-02,
    0.418982996992));
#1114 = DIRECTION('',(-0.611764018865,0.791040318329,-3.064448638812E-08
    ));
#1115 = DIRECTION('',(-0.791040318329,-0.611764018865,2.345928084804E-08
    ));
#1116 = ADVANCED_FACE('',(#1117),#1135,.T.);
#1117 = FACE_BOUND('',#1118,.T.);
#1118 = EDGE_LOOP('',(#1119,#1120,#1121,#1129));
#1119 = ORIENTED_EDGE('',*,*,#381,.F.);
#1120 = ORIENTED_EDGE('',*,*,#1106,.F.);
#1121 = ORIENTED_EDGE('',*,*,#1122,.T.);
#1122 = EDGE_CURVE('',#1099,#1123,#1125,.T.);
#1123 = VERTEX_POINT('',#1124);
#1124 = CARTESIAN_POINT('',(-0.468331309527,9.819338545336E-03,
    0.418982995415));
#1125 = LINE('',#1126,#1127);
#1126 = CARTESIAN_POINT('',(-0.48764392851,9.819338530548E-03,
    0.418982995411));
#1127 = VECTOR('',#1128,1.);
#1128 = DIRECTION('',(1.,7.657069556151E-10,1.899571295041E-10));
#1129 = ORIENTED_EDGE('',*,*,#1130,.T.);
#1130 = EDGE_CURVE('',#1123,#382,#1131,.T.);
#1131 = LINE('',#1132,#1133);
#1132 = CARTESIAN_POINT('',(-0.468331309527,9.819338545336E-03,
    0.418982995415));
#1133 = VECTOR('',#1134,1.);
#1134 = DIRECTION('',(1.899571590547E-10,-3.859256819877E-08,-1.));
#1135 = PLANE('',#1136);
#1136 = AXIS2_PLACEMENT_3D('',#1137,#1138,#1139);
#1137 = CARTESIAN_POINT('',(-0.48764392851,9.819338530548E-03,
    0.418982995411));
#1138 = DIRECTION('',(-7.657069482842E-10,1.,-3.859256819892E-08));
#1139 = DIRECTION('',(-1.899571590547E-10,3.859256819877E-08,1.));
#1140 = ADVANCED_FACE('',(#1141),#1152,.T.);
#1141 = FACE_BOUND('',#1142,.T.);
#1142 = EDGE_LOOP('',(#1143,#1144,#1145,#1151));
#1143 = ORIENTED_EDGE('',*,*,#389,.F.);
#1144 = ORIENTED_EDGE('',*,*,#1130,.F.);
#1145 = ORIENTED_EDGE('',*,*,#1146,.T.);
#1146 = EDGE_CURVE('',#1123,#946,#1147,.T.);
#1147 = LINE('',#1148,#1149);
#1148 = CARTESIAN_POINT('',(-0.468331309373,-0.19210138487,
    0.418983003207));
#1149 = VECTOR('',#1150,1.);
#1150 = DIRECTION('',(7.657069482842E-10,-1.,3.859256819892E-08));
#1151 = ORIENTED_EDGE('',*,*,#945,.T.);
#1152 = PLANE('',#1153);
#1153 = AXIS2_PLACEMENT_3D('',#1154,#1155,#1156);
#1154 = CARTESIAN_POINT('',(-0.468331309373,-0.19210138487,
    0.418983003207));
#1155 = DIRECTION('',(1.,7.657069556151E-10,1.899571295041E-10));
#1156 = DIRECTION('',(1.899571590547E-10,-3.859256819877E-08,-1.));
#1157 = ADVANCED_FACE('',(#1158),#1183,.T.);
#1158 = FACE_BOUND('',#1159,.T.);
#1159 = EDGE_LOOP('',(#1160,#1161,#1169,#1177));
#1160 = ORIENTED_EDGE('',*,*,#397,.F.);
#1161 = ORIENTED_EDGE('',*,*,#1162,.F.);
#1162 = EDGE_CURVE('',#1163,#398,#1165,.T.);
#1163 = VERTEX_POINT('',#1164);
#1164 = CARTESIAN_POINT('',(0.597530806637,-0.39402210747,0.418983011203
    ));
#1165 = LINE('',#1166,#1167);
#1166 = CARTESIAN_POINT('',(0.597530806637,-0.39402210747,0.418983011203
    ));
#1167 = VECTOR('',#1168,1.);
#1168 = DIRECTION('',(1.899571590547E-10,-3.859256819877E-08,-1.));
#1169 = ORIENTED_EDGE('',*,*,#1170,.T.);
#1170 = EDGE_CURVE('',#1163,#1171,#1173,.T.);
#1171 = VERTEX_POINT('',#1172);
#1172 = CARTESIAN_POINT('',(0.332103828122,-0.394022107673,
    0.418983011152));
#1173 = LINE('',#1174,#1175);
#1174 = CARTESIAN_POINT('',(0.46481731738,-0.394022107571,0.418983011177
    ));
#1175 = VECTOR('',#1176,1.);
#1176 = DIRECTION('',(-1.,-7.657069556151E-10,-1.899571295041E-10));
#1177 = ORIENTED_EDGE('',*,*,#1178,.T.);
#1178 = EDGE_CURVE('',#1171,#400,#1179,.T.);
#1179 = LINE('',#1180,#1181);
#1180 = CARTESIAN_POINT('',(0.332103828122,-0.394022107673,
    0.418983011152));
#1181 = VECTOR('',#1182,1.);
#1182 = DIRECTION('',(1.899571590547E-10,-3.859256819877E-08,-1.));
#1183 = PLANE('',#1184);
#1184 = AXIS2_PLACEMENT_3D('',#1185,#1186,#1187);
#1185 = CARTESIAN_POINT('',(0.46481731738,-0.394022107571,0.418983011177
    ));
#1186 = DIRECTION('',(7.657069482842E-10,-1.,3.859256819892E-08));
#1187 = DIRECTION('',(1.899571590547E-10,-3.859256819877E-08,-1.));
#1188 = ADVANCED_FACE('',(#1189),#1207,.T.);
#1189 = FACE_BOUND('',#1190,.T.);
#1190 = EDGE_LOOP('',(#1191,#1192,#1193,#1201));
#1191 = ORIENTED_EDGE('',*,*,#407,.F.);
#1192 = ORIENTED_EDGE('',*,*,#1178,.F.);
#1193 = ORIENTED_EDGE('',*,*,#1194,.T.);
#1194 = EDGE_CURVE('',#1171,#1195,#1197,.T.);
#1195 = VERTEX_POINT('',#1196);
#1196 = CARTESIAN_POINT('',(0.332103828092,-0.354512996985,
    0.418983009627));
#1197 = LINE('',#1198,#1199);
#1198 = CARTESIAN_POINT('',(0.332103828107,-0.374267552329,0.41898301039
    ));
#1199 = VECTOR('',#1200,1.);
#1200 = DIRECTION('',(-7.657069482842E-10,1.,-3.859256819892E-08));
#1201 = ORIENTED_EDGE('',*,*,#1202,.T.);
#1202 = EDGE_CURVE('',#1195,#408,#1203,.T.);
#1203 = LINE('',#1204,#1205);
#1204 = CARTESIAN_POINT('',(0.332103828092,-0.354512996985,
    0.418983009627));
#1205 = VECTOR('',#1206,1.);
#1206 = DIRECTION('',(1.899571590547E-10,-3.859256819877E-08,-1.));
#1207 = PLANE('',#1208);
#1208 = AXIS2_PLACEMENT_3D('',#1209,#1210,#1211);
#1209 = CARTESIAN_POINT('',(0.332103828107,-0.374267552329,0.41898301039
    ));
#1210 = DIRECTION('',(-1.,-7.657069556151E-10,-1.899571295041E-10));
#1211 = DIRECTION('',(-1.899571590547E-10,3.859256819877E-08,1.));
#1212 = ADVANCED_FACE('',(#1213),#1231,.T.);
#1213 = FACE_BOUND('',#1214,.T.);
#1214 = EDGE_LOOP('',(#1215,#1216,#1217,#1225));
#1215 = ORIENTED_EDGE('',*,*,#415,.F.);
#1216 = ORIENTED_EDGE('',*,*,#1202,.F.);
#1217 = ORIENTED_EDGE('',*,*,#1218,.T.);
#1218 = EDGE_CURVE('',#1195,#1219,#1221,.T.);
#1219 = VERTEX_POINT('',#1220);
#1220 = CARTESIAN_POINT('',(0.438374663774,-0.247592087,0.418982755521)
  );
#1221 = LINE('',#1222,#1223);
#1222 = CARTESIAN_POINT('',(0.385268772299,-0.301082890879,
    0.418983007575));
#1223 = VECTOR('',#1224,1.);
#1224 = DIRECTION('',(0.705345626227,0.708863560611,-2.72228798552E-08)
  );
#1225 = ORIENTED_EDGE('',*,*,#1226,.T.);
#1226 = EDGE_CURVE('',#1219,#416,#1227,.T.);
#1227 = LINE('',#1228,#1229);
#1228 = CARTESIAN_POINT('',(0.438433716506,-0.247652784774,
    0.418983005524));
#1229 = VECTOR('',#1230,1.);
#1230 = DIRECTION('',(1.899571590547E-10,-3.859256819877E-08,-1.));
#1231 = PLANE('',#1232);
#1232 = AXIS2_PLACEMENT_3D('',#1233,#1234,#1235);
#1233 = CARTESIAN_POINT('',(0.385268772299,-0.301082890879,
    0.418983007575));
#1234 = DIRECTION('',(-0.708863560611,0.705345626227,-2.735575289201E-08
    ));
#1235 = DIRECTION('',(-0.705345626227,-0.708863560611,2.72228798552E-08)
  );
#1236 = ADVANCED_FACE('',(#1237),#1256,.F.);
#1237 = FACE_BOUND('',#1238,.F.);
#1238 = EDGE_LOOP('',(#1239,#1247,#1254,#1255));
#1239 = ORIENTED_EDGE('',*,*,#1240,.F.);
#1240 = EDGE_CURVE('',#1241,#424,#1243,.T.);
#1241 = VERTEX_POINT('',#1242);
#1242 = CARTESIAN_POINT('',(0.502587719928,-0.177491393925,
    0.418983002828));
#1243 = LINE('',#1244,#1245);
#1244 = CARTESIAN_POINT('',(0.502514488821,-0.177429096936,
    0.418983002826));
#1245 = VECTOR('',#1246,1.);
#1246 = DIRECTION('',(1.899571590547E-10,-3.859256819877E-08,-1.));
#1247 = ORIENTED_EDGE('',*,*,#1248,.T.);
#1248 = EDGE_CURVE('',#1241,#1219,#1249,.T.);
#1249 = CIRCLE('',#1250,0.863146619553);
#1250 = AXIS2_PLACEMENT_3D('',#1251,#1252,#1253);
#1251 = CARTESIAN_POINT('',(-0.163580078474,0.371131415368,
    0.418982981529));
#1252 = DIRECTION('',(1.899571590547E-10,-3.859256819877E-08,-1.));
#1253 = DIRECTION('',(-1.,-7.657069556151E-10,-1.899571295041E-10));
#1254 = ORIENTED_EDGE('',*,*,#1226,.T.);
#1255 = ORIENTED_EDGE('',*,*,#423,.F.);
#1256 = CYLINDRICAL_SURFACE('',#1257,0.863146619553);
#1257 = AXIS2_PLACEMENT_3D('',#1258,#1259,#1260);
#1258 = CARTESIAN_POINT('',(-0.163580078474,0.371131415368,
    0.418982981529));
#1259 = DIRECTION('',(1.899571590547E-10,-3.859256819877E-08,-1.));
#1260 = DIRECTION('',(0.744154161918,-0.668007921585,2.592149868158E-08)
  );
#1261 = ADVANCED_FACE('',(#1262),#1281,.F.);
#1262 = FACE_BOUND('',#1263,.F.);
#1263 = EDGE_LOOP('',(#1264,#1272,#1279,#1280));
#1264 = ORIENTED_EDGE('',*,*,#1265,.F.);
#1265 = EDGE_CURVE('',#1266,#433,#1268,.T.);
#1266 = VERTEX_POINT('',#1267);
#1267 = CARTESIAN_POINT('',(0.525741277509,-0.136559944133,
    0.418983001253));
#1268 = LINE('',#1269,#1270);
#1269 = CARTESIAN_POINT('',(0.525716147751,-0.136549983511,
    0.418983001252));
#1270 = VECTOR('',#1271,1.);
#1271 = DIRECTION('',(1.899571590547E-10,-3.859256819877E-08,-1.));
#1272 = ORIENTED_EDGE('',*,*,#1273,.T.);
#1273 = EDGE_CURVE('',#1266,#1241,#1274,.T.);
#1274 = CIRCLE('',#1275,0.179794741007);
#1275 = AXIS2_PLACEMENT_3D('',#1276,#1277,#1278);
#1276 = CARTESIAN_POINT('',(0.359293504247,-6.865140338995E-02,
    0.4189829986));
#1277 = DIRECTION('',(1.899571590547E-10,-3.859256819877E-08,-1.));
#1278 = DIRECTION('',(-1.,-7.657069556151E-10,-1.899571295041E-10));
#1279 = ORIENTED_EDGE('',*,*,#1240,.T.);
#1280 = ORIENTED_EDGE('',*,*,#432,.F.);
#1281 = CYLINDRICAL_SURFACE('',#1282,0.179794741007);
#1282 = AXIS2_PLACEMENT_3D('',#1283,#1284,#1285);
#1283 = CARTESIAN_POINT('',(0.359293504247,-6.865140338995E-02,
    0.4189829986));
#1284 = DIRECTION('',(1.899571590547E-10,-3.859256819877E-08,-1.));
#1285 = DIRECTION('',(0.871843771572,-0.489784072802,1.906763819828E-08)
  );
#1286 = ADVANCED_FACE('',(#1287),#1306,.F.);
#1287 = FACE_BOUND('',#1288,.F.);
#1288 = EDGE_LOOP('',(#1289,#1297,#1304,#1305));
#1289 = ORIENTED_EDGE('',*,*,#1290,.F.);
#1290 = EDGE_CURVE('',#1291,#442,#1293,.T.);
#1291 = VERTEX_POINT('',#1292);
#1292 = CARTESIAN_POINT('',(0.533338872445,-9.376182487304E-02,
    0.418982999603));
#1293 = LINE('',#1294,#1295);
#1294 = CARTESIAN_POINT('',(0.533450034039,-9.377054374406E-02,
    0.418982999603));
#1295 = VECTOR('',#1296,1.);
#1296 = DIRECTION('',(1.899571590547E-10,-3.859256819877E-08,-1.));
#1297 = ORIENTED_EDGE('',*,*,#1298,.T.);
#1298 = EDGE_CURVE('',#1291,#1266,#1299,.T.);
#1299 = CIRCLE('',#1300,0.116996156331);
#1300 = AXIS2_PLACEMENT_3D('',#1301,#1302,#1303);
#1301 = CARTESIAN_POINT('',(0.416431330738,-9.484035011791E-02,
    0.418982999622));
#1302 = DIRECTION('',(1.899571590547E-10,-3.859256819877E-08,-1.));
#1303 = DIRECTION('',(-1.,-7.657069556151E-10,-1.899571295041E-10));
#1304 = ORIENTED_EDGE('',*,*,#1265,.T.);
#1305 = ORIENTED_EDGE('',*,*,#441,.F.);
#1306 = CYLINDRICAL_SURFACE('',#1307,0.116996156331);
#1307 = AXIS2_PLACEMENT_3D('',#1308,#1309,#1310);
#1308 = CARTESIAN_POINT('',(0.416431330738,-9.484035011791E-02,
    0.418982999622));
#1309 = DIRECTION('',(1.899571590547E-10,-3.859256819877E-08,-1.));
#1310 = DIRECTION('',(0.983648605937,-0.180098362121,7.137309417332E-09)
  );
#1311 = ADVANCED_FACE('',(#1312),#1331,.F.);
#1312 = FACE_BOUND('',#1313,.F.);
#1313 = EDGE_LOOP('',(#1314,#1322,#1329,#1330));
#1314 = ORIENTED_EDGE('',*,*,#1315,.F.);
#1315 = EDGE_CURVE('',#1316,#451,#1318,.T.);
#1316 = VERTEX_POINT('',#1317);
#1317 = CARTESIAN_POINT('',(0.51390714239,-4.241353824756E-02,
    0.418982997617));
#1318 = LINE('',#1319,#1320);
#1319 = CARTESIAN_POINT('',(0.513828059564,-4.250592586362E-02,
    0.418982997621));
#1320 = VECTOR('',#1321,1.);
#1321 = DIRECTION('',(1.899571590547E-10,-3.859256819877E-08,-1.));
#1322 = ORIENTED_EDGE('',*,*,#1323,.T.);
#1323 = EDGE_CURVE('',#1316,#1291,#1324,.T.);
#1324 = CIRCLE('',#1325,6.794345226996E-02);
#1325 = AXIS2_PLACEMENT_3D('',#1326,#1327,#1328);
#1326 = CARTESIAN_POINT('',(0.465392490764,-8.992954823253E-02,
    0.418982999442));
#1327 = DIRECTION('',(1.899571590547E-10,-3.859256819877E-08,-1.));
#1328 = DIRECTION('',(-1.,-7.657069556151E-10,-1.899571295041E-10));
#1329 = ORIENTED_EDGE('',*,*,#1290,.T.);
#1330 = ORIENTED_EDGE('',*,*,#450,.F.);
#1331 = CYLINDRICAL_SURFACE('',#1332,6.794345226996E-02);
#1332 = AXIS2_PLACEMENT_3D('',#1333,#1334,#1335);
#1333 = CARTESIAN_POINT('',(0.465392490764,-8.992954823253E-02,
    0.418982999442));
#1334 = DIRECTION('',(1.899571590547E-10,-3.859256819877E-08,-1.));
#1335 = DIRECTION('',(0.929037643858,0.369985210914,-1.410220213325E-08)
  );
#1336 = ADVANCED_FACE('',(#1337),#1356,.F.);
#1337 = FACE_BOUND('',#1338,.F.);
#1338 = EDGE_LOOP('',(#1339,#1347,#1354,#1355));
#1339 = ORIENTED_EDGE('',*,*,#1340,.F.);
#1340 = EDGE_CURVE('',#1341,#460,#1343,.T.);
#1341 = VERTEX_POINT('',#1342);
#1342 = CARTESIAN_POINT('',(0.459389840845,-2.37334421743E-02,
    0.418982996886));
#1343 = LINE('',#1344,#1345);
#1344 = CARTESIAN_POINT('',(0.459381499854,-2.359104964831E-02,
    0.41898299688));
#1345 = VECTOR('',#1346,1.);
#1346 = DIRECTION('',(1.899571590547E-10,-3.859256819877E-08,-1.));
#1347 = ORIENTED_EDGE('',*,*,#1348,.T.);
#1348 = EDGE_CURVE('',#1341,#1316,#1349,.T.);
#1349 = CIRCLE('',#1350,7.558014460486E-02);
#1350 = AXIS2_PLACEMENT_3D('',#1351,#1352,#1353);
#1351 = CARTESIAN_POINT('',(0.464324026638,-9.929528959982E-02,
    0.418982999803));
#1352 = DIRECTION('',(1.899571590547E-10,-3.859256819877E-08,-1.));
#1353 = DIRECTION('',(-1.,-7.657069556151E-10,-1.899571295041E-10));
#1354 = ORIENTED_EDGE('',*,*,#1315,.T.);
#1355 = ORIENTED_EDGE('',*,*,#459,.F.);
#1356 = CYLINDRICAL_SURFACE('',#1357,7.558014460486E-02);
#1357 = AXIS2_PLACEMENT_3D('',#1358,#1359,#1360);
#1358 = CARTESIAN_POINT('',(0.464324026638,-9.929528959982E-02,
    0.418982999803));
#1359 = DIRECTION('',(1.899571590547E-10,-3.859256819877E-08,-1.));
#1360 = DIRECTION('',(0.344919598356,0.938632233982,-3.615870855651E-08)
  );
#1361 = ADVANCED_FACE('',(#1362),#1381,.F.);
#1362 = FACE_BOUND('',#1363,.F.);
#1363 = EDGE_LOOP('',(#1364,#1372,#1379,#1380));
#1364 = ORIENTED_EDGE('',*,*,#1365,.F.);
#1365 = EDGE_CURVE('',#1366,#469,#1368,.T.);
#1366 = VERTEX_POINT('',#1367);
#1367 = CARTESIAN_POINT('',(0.411709814169,-3.182833158381E-02,
    0.418982997189));
#1368 = LINE('',#1369,#1370);
#1369 = CARTESIAN_POINT('',(0.411740760127,-3.189945327479E-02,
    0.418982997192));
#1370 = VECTOR('',#1371,1.);
#1371 = DIRECTION('',(1.899571590547E-10,-3.859256819877E-08,-1.));
#1372 = ORIENTED_EDGE('',*,*,#1373,.T.);
#1373 = EDGE_CURVE('',#1366,#1341,#1374,.T.);
#1374 = CIRCLE('',#1375,0.136595474366);
#1375 = AXIS2_PLACEMENT_3D('',#1376,#1377,#1378);
#1376 = CARTESIAN_POINT('',(0.45856694296,-0.160203191588,0.418983002152
    ));
#1377 = DIRECTION('',(1.899571590547E-10,-3.859256819877E-08,-1.));
#1378 = DIRECTION('',(-1.,-7.657069556151E-10,-1.899571295041E-10));
#1379 = ORIENTED_EDGE('',*,*,#1340,.T.);
#1380 = ORIENTED_EDGE('',*,*,#468,.F.);
#1381 = CYLINDRICAL_SURFACE('',#1382,0.136595474366);
#1382 = AXIS2_PLACEMENT_3D('',#1383,#1384,#1385);
#1383 = CARTESIAN_POINT('',(0.45856694296,-0.160203191588,0.418983002152
    ));
#1384 = DIRECTION('',(1.899571590547E-10,-3.859256819877E-08,-1.));
#1385 = DIRECTION('',(-0.17311183723,0.984902173726,-3.804278814145E-08)
  );
#1386 = ADVANCED_FACE('',(#1387),#1406,.F.);
#1387 = FACE_BOUND('',#1388,.F.);
#1388 = EDGE_LOOP('',(#1389,#1397,#1404,#1405));
#1389 = ORIENTED_EDGE('',*,*,#1390,.F.);
#1390 = EDGE_CURVE('',#1391,#478,#1393,.T.);
#1391 = VERTEX_POINT('',#1392);
#1392 = CARTESIAN_POINT('',(0.361709434053,-6.21476688251E-02,
    0.41898299835));
#1393 = LINE('',#1394,#1395);
#1394 = CARTESIAN_POINT('',(0.361709434053,-6.21476688251E-02,
    0.41898299835));
#1395 = VECTOR('',#1396,1.);
#1396 = DIRECTION('',(1.899571590547E-10,-3.859256819877E-08,-1.));
#1397 = ORIENTED_EDGE('',*,*,#1398,.T.);
#1398 = EDGE_CURVE('',#1391,#1366,#1399,.T.);
#1399 = CIRCLE('',#1400,0.192500535022);
#1400 = AXIS2_PLACEMENT_3D('',#1401,#1402,#1403);
#1401 = CARTESIAN_POINT('',(0.485561130497,-0.209515281522,
    0.418983004061));
#1402 = DIRECTION('',(1.899571590547E-10,-3.859256819877E-08,-1.));
#1403 = DIRECTION('',(-1.,-7.657069556151E-10,-1.899571295041E-10));
#1404 = ORIENTED_EDGE('',*,*,#1365,.T.);
#1405 = ORIENTED_EDGE('',*,*,#477,.F.);
#1406 = CYLINDRICAL_SURFACE('',#1407,0.192500535022);
#1407 = AXIS2_PLACEMENT_3D('',#1408,#1409,#1410);
#1408 = CARTESIAN_POINT('',(0.485561130497,-0.209515281522,
    0.418983004061));
#1409 = DIRECTION('',(1.899571590547E-10,-3.859256819877E-08,-1.));
#1410 = DIRECTION('',(-0.507077064243,0.861900719874,-3.335928523084E-08
    ));
#1411 = ADVANCED_FACE('',(#1412),#1430,.T.);
#1412 = FACE_BOUND('',#1413,.T.);
#1413 = EDGE_LOOP('',(#1414,#1415,#1416,#1424));
#1414 = ORIENTED_EDGE('',*,*,#486,.F.);
#1415 = ORIENTED_EDGE('',*,*,#1390,.F.);
#1416 = ORIENTED_EDGE('',*,*,#1417,.T.);
#1417 = EDGE_CURVE('',#1391,#1418,#1420,.T.);
#1418 = VERTEX_POINT('',#1419);
#1419 = CARTESIAN_POINT('',(0.337484659766,-3.105190506265E-02,
    0.418982997145));
#1420 = LINE('',#1421,#1422);
#1421 = CARTESIAN_POINT('',(0.34947192685,-4.643915960447E-02,
    0.418982997741));
#1422 = VECTOR('',#1423,1.);
#1423 = DIRECTION('',(-0.614559282334,0.788870641168,-3.056128395464E-08
    ));
#1424 = ORIENTED_EDGE('',*,*,#1425,.T.);
#1425 = EDGE_CURVE('',#1418,#487,#1426,.T.);
#1426 = LINE('',#1427,#1428);
#1427 = CARTESIAN_POINT('',(0.337484628407,-3.105190217265E-02,
    0.418982997145));
#1428 = VECTOR('',#1429,1.);
#1429 = DIRECTION('',(1.899571590547E-10,-3.859256819877E-08,-1.));
#1430 = PLANE('',#1431);
#1431 = AXIS2_PLACEMENT_3D('',#1432,#1433,#1434);
#1432 = CARTESIAN_POINT('',(0.34947192685,-4.643915960447E-02,
    0.418982997741));
#1433 = DIRECTION('',(-0.788870641168,-0.614559282334,2.35675693898E-08)
  );
#1434 = DIRECTION('',(0.614559282334,-0.788870641168,3.056128395464E-08)
  );
#1435 = ADVANCED_FACE('',(#1436),#1455,.T.);
#1436 = FACE_BOUND('',#1437,.T.);
#1437 = EDGE_LOOP('',(#1438,#1439,#1440,#1449));
#1438 = ORIENTED_EDGE('',*,*,#494,.F.);
#1439 = ORIENTED_EDGE('',*,*,#1425,.F.);
#1440 = ORIENTED_EDGE('',*,*,#1441,.T.);
#1441 = EDGE_CURVE('',#1418,#1442,#1444,.T.);
#1442 = VERTEX_POINT('',#1443);
#1443 = CARTESIAN_POINT('',(0.458871736852,1.54111411763E-02,
    0.418982995375));
#1444 = CIRCLE('',#1445,0.185943979474);
#1445 = AXIS2_PLACEMENT_3D('',#1446,#1447,#1448);
#1446 = CARTESIAN_POINT('',(0.460813996133,-0.17021025671,0.418983002539
    ));
#1447 = DIRECTION('',(1.899571590547E-10,-3.859256819877E-08,-1.));
#1448 = DIRECTION('',(-1.,-7.657069556151E-10,-1.899571295041E-10));
#1449 = ORIENTED_EDGE('',*,*,#1450,.T.);
#1450 = EDGE_CURVE('',#1442,#495,#1451,.T.);
#1451 = LINE('',#1452,#1453);
#1452 = CARTESIAN_POINT('',(0.45885117619,1.556451195129E-02,
    0.418982995369));
#1453 = VECTOR('',#1454,1.);
#1454 = DIRECTION('',(1.899571590547E-10,-3.859256819877E-08,-1.));
#1455 = CYLINDRICAL_SURFACE('',#1456,0.185943979474);
#1456 = AXIS2_PLACEMENT_3D('',#1457,#1458,#1459);
#1457 = CARTESIAN_POINT('',(0.460813996133,-0.17021025671,0.418983002539
    ));
#1458 = DIRECTION('',(1.899571590547E-10,-3.859256819877E-08,-1.));
#1459 = DIRECTION('',(-0.350702850114,0.936486791643,-3.620804889081E-08
    ));
#1460 = ADVANCED_FACE('',(#1461),#1480,.T.);
#1461 = FACE_BOUND('',#1462,.T.);
#1462 = EDGE_LOOP('',(#1463,#1464,#1465,#1474));
#1463 = ORIENTED_EDGE('',*,*,#503,.F.);
#1464 = ORIENTED_EDGE('',*,*,#1450,.F.);
#1465 = ORIENTED_EDGE('',*,*,#1466,.T.);
#1466 = EDGE_CURVE('',#1442,#1467,#1469,.T.);
#1467 = VERTEX_POINT('',#1468);
#1468 = CARTESIAN_POINT('',(0.548214403545,-1.339938446529E-02,
    0.418982996504));
#1469 = CIRCLE('',#1470,0.1293031961);
#1470 = AXIS2_PLACEMENT_3D('',#1471,#1472,#1473);
#1471 = CARTESIAN_POINT('',(0.467233773852,-0.113934342664,
    0.418983000369));
#1472 = DIRECTION('',(1.899571590547E-10,-3.859256819877E-08,-1.));
#1473 = DIRECTION('',(-1.,-7.657069556151E-10,-1.899571295041E-10));
#1474 = ORIENTED_EDGE('',*,*,#1475,.T.);
#1475 = EDGE_CURVE('',#1467,#504,#1476,.T.);
#1476 = LINE('',#1477,#1478);
#1477 = CARTESIAN_POINT('',(0.548078127531,-1.355909418139E-02,
    0.41898299651));
#1478 = VECTOR('',#1479,1.);
#1479 = DIRECTION('',(1.899571590547E-10,-3.859256819877E-08,-1.));
#1480 = CYLINDRICAL_SURFACE('',#1481,0.1293031961);
#1481 = AXIS2_PLACEMENT_3D('',#1482,#1483,#1484);
#1482 = CARTESIAN_POINT('',(0.467233773852,-0.113934342664,
    0.418983000369));
#1483 = DIRECTION('',(1.899571590547E-10,-3.859256819877E-08,-1.));
#1484 = DIRECTION('',(0.327653295294,0.944798030313,-3.639994232978E-08)
  );
#1485 = ADVANCED_FACE('',(#1486),#1505,.T.);
#1486 = FACE_BOUND('',#1487,.T.);
#1487 = EDGE_LOOP('',(#1488,#1489,#1490,#1499));
#1488 = ORIENTED_EDGE('',*,*,#512,.F.);
#1489 = ORIENTED_EDGE('',*,*,#1475,.F.);
#1490 = ORIENTED_EDGE('',*,*,#1491,.T.);
#1491 = EDGE_CURVE('',#1467,#1492,#1494,.T.);
#1492 = VERTEX_POINT('',#1493);
#1493 = CARTESIAN_POINT('',(0.580290276339,-9.181875179229E-02,
    0.418982999536));
#1494 = CIRCLE('',#1495,0.100044545212);
#1495 = AXIS2_PLACEMENT_3D('',#1496,#1497,#1498);
#1496 = CARTESIAN_POINT('',(0.480177418734,-8.681909185798E-02,
    0.418982999325));
#1497 = DIRECTION('',(1.899571590547E-10,-3.859256819877E-08,-1.));
#1498 = DIRECTION('',(-1.,-7.657069556151E-10,-1.899571295041E-10));
#1499 = ORIENTED_EDGE('',*,*,#1500,.T.);
#1500 = EDGE_CURVE('',#1492,#513,#1501,.T.);
#1501 = LINE('',#1502,#1503);
#1502 = CARTESIAN_POINT('',(0.580383675592,-9.182602371901E-02,
    0.418982999537));
#1503 = VECTOR('',#1504,1.);
#1504 = DIRECTION('',(1.899571590547E-10,-3.859256819877E-08,-1.));
#1505 = CYLINDRICAL_SURFACE('',#1506,0.100044545212);
#1506 = AXIS2_PLACEMENT_3D('',#1507,#1508,#1509);
#1507 = CARTESIAN_POINT('',(0.480177418734,-8.681909185798E-02,
    0.418982999325));
#1508 = DIRECTION('',(1.899571590547E-10,-3.859256819877E-08,-1.));
#1509 = DIRECTION('',(0.92041624659,0.390939807404,-1.49125315235E-08));
#1510 = ADVANCED_FACE('',(#1511),#1530,.T.);
#1511 = FACE_BOUND('',#1512,.T.);
#1512 = EDGE_LOOP('',(#1513,#1514,#1515,#1524));
#1513 = ORIENTED_EDGE('',*,*,#521,.F.);
#1514 = ORIENTED_EDGE('',*,*,#1500,.F.);
#1515 = ORIENTED_EDGE('',*,*,#1516,.T.);
#1516 = EDGE_CURVE('',#1492,#1517,#1519,.T.);
#1517 = VERTEX_POINT('',#1518);
#1518 = CARTESIAN_POINT('',(0.558956084483,-0.167940600631,0.41898300247
    ));
#1519 = CIRCLE('',#1520,0.151287254987);
#1520 = AXIS2_PLACEMENT_3D('',#1521,#1522,#1523);
#1521 = CARTESIAN_POINT('',(0.429212929703,-8.955768161189E-02,
    0.418982999421));
#1522 = DIRECTION('',(1.899571590547E-10,-3.859256819877E-08,-1.));
#1523 = DIRECTION('',(-1.,-7.657069556151E-10,-1.899571295041E-10));
#1524 = ORIENTED_EDGE('',*,*,#1525,.T.);
#1525 = EDGE_CURVE('',#1517,#522,#1526,.T.);
#1526 = LINE('',#1527,#1528);
#1527 = CARTESIAN_POINT('',(0.558817181226,-0.167839077856,
    0.418983002466));
#1528 = VECTOR('',#1529,1.);
#1529 = DIRECTION('',(1.899571590547E-10,-3.859256819877E-08,-1.));
#1530 = CYLINDRICAL_SURFACE('',#1531,0.151287254987);
#1531 = AXIS2_PLACEMENT_3D('',#1532,#1533,#1534);
#1532 = CARTESIAN_POINT('',(0.429212929703,-8.955768161189E-02,
    0.418982999421));
#1533 = DIRECTION('',(1.899571590547E-10,-3.859256819877E-08,-1.));
#1534 = DIRECTION('',(0.963515119914,-0.267653906561,1.051247823751E-08)
  );
#1535 = ADVANCED_FACE('',(#1536),#1555,.T.);
#1536 = FACE_BOUND('',#1537,.T.);
#1537 = EDGE_LOOP('',(#1538,#1539,#1540,#1549));
#1538 = ORIENTED_EDGE('',*,*,#530,.F.);
#1539 = ORIENTED_EDGE('',*,*,#1525,.F.);
#1540 = ORIENTED_EDGE('',*,*,#1541,.T.);
#1541 = EDGE_CURVE('',#1517,#1542,#1544,.T.);
#1542 = VERTEX_POINT('',#1543);
#1543 = CARTESIAN_POINT('',(0.478084600315,-0.262719428051,
    0.418983006113));
#1544 = CIRCLE('',#1545,0.505098071425);
#1545 = AXIS2_PLACEMENT_3D('',#1546,#1547,#1548);
#1546 = CARTESIAN_POINT('',(0.138524149979,0.111457370057,0.418982991608
    ));
#1547 = DIRECTION('',(1.899571590547E-10,-3.859256819877E-08,-1.));
#1548 = DIRECTION('',(-1.,-7.657069556151E-10,-1.899571295041E-10));
#1549 = ORIENTED_EDGE('',*,*,#1550,.T.);
#1550 = EDGE_CURVE('',#1542,#531,#1551,.T.);
#1551 = LINE('',#1552,#1553);
#1552 = CARTESIAN_POINT('',(0.478207989022,-0.262855395568,
    0.418983006118));
#1553 = VECTOR('',#1554,1.);
#1554 = DIRECTION('',(1.899571590547E-10,-3.859256819877E-08,-1.));
#1555 = CYLINDRICAL_SURFACE('',#1556,0.505098071425);
#1556 = AXIS2_PLACEMENT_3D('',#1557,#1558,#1559);
#1557 = CARTESIAN_POINT('',(0.138524149979,0.111457370057,0.418982991608
    ));
#1558 = DIRECTION('',(1.899571590547E-10,-3.859256819877E-08,-1.));
#1559 = DIRECTION('',(0.770777345961,-0.637104609114,2.473391775187E-08)
  );
#1560 = ADVANCED_FACE('',(#1561),#1579,.T.);
#1561 = FACE_BOUND('',#1562,.T.);
#1562 = EDGE_LOOP('',(#1563,#1564,#1565,#1573));
#1563 = ORIENTED_EDGE('',*,*,#539,.F.);
#1564 = ORIENTED_EDGE('',*,*,#1550,.F.);
#1565 = ORIENTED_EDGE('',*,*,#1566,.T.);
#1566 = EDGE_CURVE('',#1542,#1567,#1569,.T.);
#1567 = VERTEX_POINT('',#1568);
#1568 = CARTESIAN_POINT('',(0.389820716856,-0.349298147879,
    0.418983009437));
#1569 = LINE('',#1570,#1571);
#1570 = CARTESIAN_POINT('',(0.434014352939,-0.306076771724,
    0.418983007777));
#1571 = VECTOR('',#1572,1.);
#1572 = DIRECTION('',(-0.714927247558,-0.699198849183,2.684807372272E-08
    ));
#1573 = ORIENTED_EDGE('',*,*,#1574,.T.);
#1574 = EDGE_CURVE('',#1567,#540,#1575,.T.);
#1575 = LINE('',#1576,#1577);
#1576 = CARTESIAN_POINT('',(0.389820716856,-0.349298147879,
    0.418983009437));
#1577 = VECTOR('',#1578,1.);
#1578 = DIRECTION('',(1.899571590547E-10,-3.859256819877E-08,-1.));
#1579 = PLANE('',#1580);
#1580 = AXIS2_PLACEMENT_3D('',#1581,#1582,#1583);
#1581 = CARTESIAN_POINT('',(0.434014352939,-0.306076771724,
    0.418983007777));
#1582 = DIRECTION('',(0.699198849183,-0.714927247558,2.772369638555E-08)
  );
#1583 = DIRECTION('',(0.714927247558,0.699198849183,-2.684807372272E-08)
  );
#1584 = ADVANCED_FACE('',(#1585),#1603,.T.);
#1585 = FACE_BOUND('',#1586,.T.);
#1586 = EDGE_LOOP('',(#1587,#1588,#1589,#1597));
#1587 = ORIENTED_EDGE('',*,*,#547,.F.);
#1588 = ORIENTED_EDGE('',*,*,#1574,.F.);
#1589 = ORIENTED_EDGE('',*,*,#1590,.T.);
#1590 = EDGE_CURVE('',#1567,#1591,#1593,.T.);
#1591 = VERTEX_POINT('',#1592);
#1592 = CARTESIAN_POINT('',(0.389820716857,-0.351507829685,
    0.418983009522));
#1593 = LINE('',#1594,#1595);
#1594 = CARTESIAN_POINT('',(0.389820716856,-0.350402988782,0.41898300948
    ));
#1595 = VECTOR('',#1596,1.);
#1596 = DIRECTION('',(7.657069482842E-10,-1.,3.859256819892E-08));
#1597 = ORIENTED_EDGE('',*,*,#1598,.T.);
#1598 = EDGE_CURVE('',#1591,#548,#1599,.T.);
#1599 = LINE('',#1600,#1601);
#1600 = CARTESIAN_POINT('',(0.389820716857,-0.351507829685,
    0.418983009522));
#1601 = VECTOR('',#1602,1.);
#1602 = DIRECTION('',(1.899571590547E-10,-3.859256819877E-08,-1.));
#1603 = PLANE('',#1604);
#1604 = AXIS2_PLACEMENT_3D('',#1605,#1606,#1607);
#1605 = CARTESIAN_POINT('',(0.389820716856,-0.350402988782,0.41898300948
    ));
#1606 = DIRECTION('',(1.,7.657069556151E-10,1.899571295041E-10));
#1607 = DIRECTION('',(1.899571590547E-10,-3.859256819877E-08,-1.));
#1608 = ADVANCED_FACE('',(#1609),#1627,.T.);
#1609 = FACE_BOUND('',#1610,.T.);
#1610 = EDGE_LOOP('',(#1611,#1612,#1613,#1621));
#1611 = ORIENTED_EDGE('',*,*,#555,.F.);
#1612 = ORIENTED_EDGE('',*,*,#1598,.F.);
#1613 = ORIENTED_EDGE('',*,*,#1614,.T.);
#1614 = EDGE_CURVE('',#1591,#1615,#1617,.T.);
#1615 = VERTEX_POINT('',#1616);
#1616 = CARTESIAN_POINT('',(0.597530806604,-0.351507829526,
    0.418983009562));
#1617 = LINE('',#1618,#1619);
#1618 = CARTESIAN_POINT('',(0.493675761731,-0.351507829605,
    0.418983009542));
#1619 = VECTOR('',#1620,1.);
#1620 = DIRECTION('',(1.,7.657069556151E-10,1.899571295041E-10));
#1621 = ORIENTED_EDGE('',*,*,#1622,.T.);
#1622 = EDGE_CURVE('',#1615,#556,#1623,.T.);
#1623 = LINE('',#1624,#1625);
#1624 = CARTESIAN_POINT('',(0.597530806604,-0.351507829526,
    0.418983009562));
#1625 = VECTOR('',#1626,1.);
#1626 = DIRECTION('',(1.899571590547E-10,-3.859256819877E-08,-1.));
#1627 = PLANE('',#1628);
#1628 = AXIS2_PLACEMENT_3D('',#1629,#1630,#1631);
#1629 = CARTESIAN_POINT('',(0.493675761731,-0.351507829605,
    0.418983009542));
#1630 = DIRECTION('',(-7.657069482842E-10,1.,-3.859256819892E-08));
#1631 = DIRECTION('',(-1.899571590547E-10,3.859256819877E-08,1.));
#1632 = ADVANCED_FACE('',(#1633),#1644,.T.);
#1633 = FACE_BOUND('',#1634,.T.);
#1634 = EDGE_LOOP('',(#1635,#1636,#1637,#1643));
#1635 = ORIENTED_EDGE('',*,*,#563,.F.);
#1636 = ORIENTED_EDGE('',*,*,#1622,.F.);
#1637 = ORIENTED_EDGE('',*,*,#1638,.T.);
#1638 = EDGE_CURVE('',#1615,#1163,#1639,.T.);
#1639 = LINE('',#1640,#1641);
#1640 = CARTESIAN_POINT('',(0.597530806621,-0.372764968498,
    0.418983010382));
#1641 = VECTOR('',#1642,1.);
#1642 = DIRECTION('',(7.657069482842E-10,-1.,3.859256819892E-08));
#1643 = ORIENTED_EDGE('',*,*,#1162,.T.);
#1644 = PLANE('',#1645);
#1645 = AXIS2_PLACEMENT_3D('',#1646,#1647,#1648);
#1646 = CARTESIAN_POINT('',(0.597530806621,-0.372764968498,
    0.418983010382));
#1647 = DIRECTION('',(1.,7.657069556151E-10,1.899571295041E-10));
#1648 = DIRECTION('',(1.899571590547E-10,-3.859256819877E-08,-1.));
#1649 = ADVANCED_FACE('',(#1650),#1676,.T.);
#1650 = FACE_BOUND('',#1651,.T.);
#1651 = EDGE_LOOP('',(#1652,#1653,#1661,#1670));
#1652 = ORIENTED_EDGE('',*,*,#596,.F.);
#1653 = ORIENTED_EDGE('',*,*,#1654,.F.);
#1654 = EDGE_CURVE('',#1655,#597,#1657,.T.);
#1655 = VERTEX_POINT('',#1656);
#1656 = CARTESIAN_POINT('',(-8.079538963735E-02,-3.695337196192E-02,
    0.418982997294));
#1657 = LINE('',#1658,#1659);
#1658 = CARTESIAN_POINT('',(-8.119505711173E-02,-3.715849634923E-02,
    0.418982997301));
#1659 = VECTOR('',#1660,1.);
#1660 = DIRECTION('',(1.899571590547E-10,-3.859256819877E-08,-1.));
#1661 = ORIENTED_EDGE('',*,*,#1662,.T.);
#1662 = EDGE_CURVE('',#1655,#1663,#1665,.T.);
#1663 = VERTEX_POINT('',#1664);
#1664 = CARTESIAN_POINT('',(-4.707756991167E-02,-0.191526867278,
    0.418983003265));
#1665 = CIRCLE('',#1666,0.294780768662);
#1666 = AXIS2_PLACEMENT_3D('',#1667,#1668,#1669);
#1667 = CARTESIAN_POINT('',(-0.342080022685,-0.172345462708,
    0.418983002469));
#1668 = DIRECTION('',(1.899571590547E-10,-3.859256819877E-08,-1.));
#1669 = DIRECTION('',(-1.,-7.657069556151E-10,-1.899571295041E-10));
#1670 = ORIENTED_EDGE('',*,*,#1671,.T.);
#1671 = EDGE_CURVE('',#1663,#599,#1672,.T.);
#1672 = LINE('',#1673,#1674);
#1673 = CARTESIAN_POINT('',(-4.707756991167E-02,-0.191526867278,
    0.418983003265));
#1674 = VECTOR('',#1675,1.);
#1675 = DIRECTION('',(1.899571590547E-10,-3.859256819877E-08,-1.));
#1676 = CYLINDRICAL_SURFACE('',#1677,0.294780768662);
#1677 = AXIS2_PLACEMENT_3D('',#1678,#1679,#1680);
#1678 = CARTESIAN_POINT('',(-0.342080022685,-0.172345462708,
    0.418983002469));
#1679 = DIRECTION('',(1.899571590547E-10,-3.859256819877E-08,-1.));
#1680 = DIRECTION('',(0.971479314582,0.237124316211,-8.966696894285E-09)
  );
#1681 = ADVANCED_FACE('',(#1682),#1700,.T.);
#1682 = FACE_BOUND('',#1683,.T.);
#1683 = EDGE_LOOP('',(#1684,#1685,#1686,#1694));
#1684 = ORIENTED_EDGE('',*,*,#607,.F.);
#1685 = ORIENTED_EDGE('',*,*,#1671,.F.);
#1686 = ORIENTED_EDGE('',*,*,#1687,.T.);
#1687 = EDGE_CURVE('',#1663,#1688,#1690,.T.);
#1688 = VERTEX_POINT('',#1689);
#1689 = CARTESIAN_POINT('',(-8.009021597087E-02,-0.347928145519,
    0.418983009295));
#1690 = B_SPLINE_CURVE_WITH_KNOTS('',2,(#1691,#1692,#1693),
  .UNSPECIFIED.,.F.,.F.,(3,3),(0.,1.),.PIECEWISE_BEZIER_KNOTS.);
#1691 = CARTESIAN_POINT('',(-4.707756991167E-02,-0.191526867278,
    0.418983003265));
#1692 = CARTESIAN_POINT('',(-4.707756983147E-02,-0.296265784874,
    0.418983007307));
#1693 = CARTESIAN_POINT('',(-8.009021597087E-02,-0.347928145519,
    0.418983009295));
#1694 = ORIENTED_EDGE('',*,*,#1695,.T.);
#1695 = EDGE_CURVE('',#1688,#608,#1696,.T.);
#1696 = LINE('',#1697,#1698);
#1697 = CARTESIAN_POINT('',(-8.009021597087E-02,-0.347928145519,
    0.418983009295));
#1698 = VECTOR('',#1699,1.);
#1699 = DIRECTION('',(1.899571590547E-10,-3.859256819877E-08,-1.));
#1700 = B_SPLINE_SURFACE_WITH_KNOTS('',3,1,(
    (#1701,#1702)
    ,(#1703,#1704)
    ,(#1705,#1706)
    ,(#1707,#1708
    )),.UNSPECIFIED.,.F.,.F.,.F.,(4,4),(2,2),(0.,1.),(0.,1.),
  .PIECEWISE_BEZIER_KNOTS.);
#1701 = CARTESIAN_POINT('',(-4.707756991167E-02,-0.191526867278,
    0.418983003265));
#1702 = CARTESIAN_POINT('',(-4.707756990977E-02,-0.191526867664,
    0.408983003265));
#1703 = CARTESIAN_POINT('',(-4.707756985821E-02,-0.261352812342,
    0.41898300596));
#1704 = CARTESIAN_POINT('',(-4.707756985631E-02,-0.261352812728,
    0.40898300596));
#1705 = CARTESIAN_POINT('',(-5.808178521127E-02,-0.313486571756,
    0.41898300797));
#1706 = CARTESIAN_POINT('',(-5.808178520937E-02,-0.313486572141,
    0.40898300797));
#1707 = CARTESIAN_POINT('',(-8.009021597087E-02,-0.347928145519,
    0.418983009295));
#1708 = CARTESIAN_POINT('',(-8.009021596897E-02,-0.347928145905,
    0.408983009295));
#1709 = ADVANCED_FACE('',(#1710),#1729,.T.);
#1710 = FACE_BOUND('',#1711,.T.);
#1711 = EDGE_LOOP('',(#1712,#1713,#1714,#1723));
#1712 = ORIENTED_EDGE('',*,*,#615,.F.);
#1713 = ORIENTED_EDGE('',*,*,#1695,.F.);
#1714 = ORIENTED_EDGE('',*,*,#1715,.T.);
#1715 = EDGE_CURVE('',#1688,#1716,#1718,.T.);
#1716 = VERTEX_POINT('',#1717);
#1717 = CARTESIAN_POINT('',(-0.181072018755,-0.399342686597,
    0.41898301126));
#1718 = CIRCLE('',#1719,0.111167846612);
#1719 = AXIS2_PLACEMENT_3D('',#1720,#1721,#1722);
#1720 = CARTESIAN_POINT('',(-0.173640757101,-0.288176767865,
    0.418983006971));
#1721 = DIRECTION('',(1.899571590547E-10,-3.859256819877E-08,-1.));
#1722 = DIRECTION('',(-1.,-7.657069556151E-10,-1.899571295041E-10));
#1723 = ORIENTED_EDGE('',*,*,#1724,.T.);
#1724 = EDGE_CURVE('',#1716,#616,#1725,.T.);
#1725 = LINE('',#1726,#1727);
#1726 = CARTESIAN_POINT('',(-0.181072674457,-0.399590506217,
    0.41898301127));
#1727 = VECTOR('',#1728,1.);
#1728 = DIRECTION('',(1.899571590547E-10,-3.859256819877E-08,-1.));
#1729 = CYLINDRICAL_SURFACE('',#1730,0.111167846612);
#1730 = AXIS2_PLACEMENT_3D('',#1731,#1732,#1733);
#1731 = CARTESIAN_POINT('',(-0.173640757101,-0.288176767865,
    0.418983006971));
#1732 = DIRECTION('',(1.899571590547E-10,-3.859256819877E-08,-1.));
#1733 = DIRECTION('',(0.465447162472,-0.885075668487,3.424575811781E-08)
  );
#1734 = ADVANCED_FACE('',(#1735),#1754,.T.);
#1735 = FACE_BOUND('',#1736,.T.);
#1736 = EDGE_LOOP('',(#1737,#1738,#1739,#1748));
#1737 = ORIENTED_EDGE('',*,*,#624,.F.);
#1738 = ORIENTED_EDGE('',*,*,#1724,.F.);
#1739 = ORIENTED_EDGE('',*,*,#1740,.T.);
#1740 = EDGE_CURVE('',#1716,#1741,#1743,.T.);
#1741 = VERTEX_POINT('',#1742);
#1742 = CARTESIAN_POINT('',(-0.280199000306,-0.346690723862,
    0.418983009209));
#1743 = CIRCLE('',#1744,0.110043510405);
#1744 = AXIS2_PLACEMENT_3D('',#1745,#1746,#1747);
#1745 = CARTESIAN_POINT('',(-0.186186634888,-0.289383710669,
    0.418983007015));
#1746 = DIRECTION('',(1.899571590547E-10,-3.859256819877E-08,-1.));
#1747 = DIRECTION('',(-1.,-7.657069556151E-10,-1.899571295041E-10));
#1748 = ORIENTED_EDGE('',*,*,#1749,.T.);
#1749 = EDGE_CURVE('',#1741,#625,#1750,.T.);
#1750 = LINE('',#1751,#1752);
#1751 = CARTESIAN_POINT('',(-0.280199000306,-0.346690723862,
    0.418983009209));
#1752 = VECTOR('',#1753,1.);
#1753 = DIRECTION('',(1.899571590547E-10,-3.859256819877E-08,-1.));
#1754 = CYLINDRICAL_SURFACE('',#1755,0.110043510405);
#1755 = AXIS2_PLACEMENT_3D('',#1756,#1757,#1758);
#1756 = CARTESIAN_POINT('',(-0.186186634888,-0.289383710669,
    0.418983007015));
#1757 = DIRECTION('',(1.899571590547E-10,-3.859256819877E-08,-1.));
#1758 = DIRECTION('',(-0.474221812597,-0.880405402333,3.388702370382E-08
    ));
#1759 = ADVANCED_FACE('',(#1760),#1778,.T.);
#1760 = FACE_BOUND('',#1761,.T.);
#1761 = EDGE_LOOP('',(#1762,#1763,#1764,#1772));
#1762 = ORIENTED_EDGE('',*,*,#633,.F.);
#1763 = ORIENTED_EDGE('',*,*,#1749,.F.);
#1764 = ORIENTED_EDGE('',*,*,#1765,.T.);
#1765 = EDGE_CURVE('',#1741,#1766,#1768,.T.);
#1766 = VERTEX_POINT('',#1767);
#1767 = CARTESIAN_POINT('',(-0.314183906599,-0.191526867483,
    0.418983003215));
#1768 = B_SPLINE_CURVE_WITH_KNOTS('',2,(#1769,#1770,#1771),
  .UNSPECIFIED.,.F.,.F.,(3,3),(0.,1.),.PIECEWISE_BEZIER_KNOTS.);
#1769 = CARTESIAN_POINT('',(-0.280199000306,-0.346690723862,
    0.418983009209));
#1770 = CARTESIAN_POINT('',(-0.314183906521,-0.293790941456,
    0.418983007161));
#1771 = CARTESIAN_POINT('',(-0.314183906599,-0.191526867483,
    0.418983003215));
#1772 = ORIENTED_EDGE('',*,*,#1773,.T.);
#1773 = EDGE_CURVE('',#1766,#634,#1774,.T.);
#1774 = LINE('',#1775,#1776);
#1775 = CARTESIAN_POINT('',(-0.314183906599,-0.191526867483,
    0.418983003215));
#1776 = VECTOR('',#1777,1.);
#1777 = DIRECTION('',(1.899571590547E-10,-3.859256819877E-08,-1.));
#1778 = B_SPLINE_SURFACE_WITH_KNOTS('',3,1,(
    (#1779,#1780)
    ,(#1781,#1782)
    ,(#1783,#1784)
    ,(#1785,#1786
    )),.UNSPECIFIED.,.F.,.F.,.F.,(4,4),(2,2),(0.,1.),(0.,1.),
  .PIECEWISE_BEZIER_KNOTS.);
#1779 = CARTESIAN_POINT('',(-0.280199000306,-0.346690723862,
    0.418983009209));
#1780 = CARTESIAN_POINT('',(-0.280199000305,-0.346690724248,
    0.408983009209));
#1781 = CARTESIAN_POINT('',(-0.302855604449,-0.311424202258,
    0.418983007844));
#1782 = CARTESIAN_POINT('',(-0.302855604448,-0.311424202644,
    0.408983007844));
#1783 = CARTESIAN_POINT('',(-0.314183906547,-0.259702916798,
    0.418983005846));
#1784 = CARTESIAN_POINT('',(-0.314183906545,-0.259702917184,
    0.408983005846));
#1785 = CARTESIAN_POINT('',(-0.314183906599,-0.191526867483,
    0.418983003215));
#1786 = CARTESIAN_POINT('',(-0.314183906597,-0.191526867868,
    0.408983003215));
#1787 = ADVANCED_FACE('',(#1788),#1806,.T.);
#1788 = FACE_BOUND('',#1789,.T.);
#1789 = EDGE_LOOP('',(#1790,#1791,#1792,#1800));
#1790 = ORIENTED_EDGE('',*,*,#641,.F.);
#1791 = ORIENTED_EDGE('',*,*,#1773,.F.);
#1792 = ORIENTED_EDGE('',*,*,#1793,.T.);
#1793 = EDGE_CURVE('',#1766,#1794,#1796,.T.);
#1794 = VERTEX_POINT('',#1795);
#1795 = CARTESIAN_POINT('',(-0.281303841448,-3.494881469746E-02,
    0.418982997178));
#1796 = B_SPLINE_CURVE_WITH_KNOTS('',2,(#1797,#1798,#1799),
  .UNSPECIFIED.,.F.,.F.,(3,3),(0.,1.),.PIECEWISE_BEZIER_KNOTS.);
#1797 = CARTESIAN_POINT('',(-0.314183906599,-0.191526867483,
    0.418983003215));
#1798 = CARTESIAN_POINT('',(-0.31418390668,-8.608085170885E-02,
    0.418982999145));
#1799 = CARTESIAN_POINT('',(-0.281303841448,-3.494881469746E-02,
    0.418982997178));
#1800 = ORIENTED_EDGE('',*,*,#1801,.T.);
#1801 = EDGE_CURVE('',#1794,#642,#1802,.T.);
#1802 = LINE('',#1803,#1804);
#1803 = CARTESIAN_POINT('',(-0.281303841448,-3.494881469746E-02,
    0.418982997178));
#1804 = VECTOR('',#1805,1.);
#1805 = DIRECTION('',(1.899571590547E-10,-3.859256819877E-08,-1.));
#1806 = B_SPLINE_SURFACE_WITH_KNOTS('',3,1,(
    (#1807,#1808)
    ,(#1809,#1810)
    ,(#1811,#1812)
    ,(#1813,#1814
    )),.UNSPECIFIED.,.F.,.F.,.F.,(4,4),(2,2),(0.,1.),(0.,1.),
  .PIECEWISE_BEZIER_KNOTS.);
#1807 = CARTESIAN_POINT('',(-0.314183906599,-0.191526867483,
    0.418983003215));
#1808 = CARTESIAN_POINT('',(-0.314183906597,-0.191526867868,
    0.408983003215));
#1809 = CARTESIAN_POINT('',(-0.314183906653,-0.121229523633,
    0.418983000502));
#1810 = CARTESIAN_POINT('',(-0.314183906651,-0.121229524019,
    0.408983000502));
#1811 = CARTESIAN_POINT('',(-0.303223884936,-6.903683937124E-02,
    0.418982998489));
#1812 = CARTESIAN_POINT('',(-0.303223884934,-6.903683975717E-02,
    0.408982998489));
#1813 = CARTESIAN_POINT('',(-0.281303841448,-3.494881469746E-02,
    0.418982997178));
#1814 = CARTESIAN_POINT('',(-0.281303841446,-3.494881508338E-02,
    0.408982997178));
#1815 = ADVANCED_FACE('',(#1816),#1835,.T.);
#1816 = FACE_BOUND('',#1817,.T.);
#1817 = EDGE_LOOP('',(#1818,#1819,#1820,#1829));
#1818 = ORIENTED_EDGE('',*,*,#649,.F.);
#1819 = ORIENTED_EDGE('',*,*,#1801,.F.);
#1820 = ORIENTED_EDGE('',*,*,#1821,.T.);
#1821 = EDGE_CURVE('',#1794,#1822,#1824,.T.);
#1822 = VERTEX_POINT('',#1823);
#1823 = CARTESIAN_POINT('',(-0.181069293673,1.594026176429E-02,
    0.418982995233));
#1824 = CIRCLE('',#1825,0.11059720768);
#1825 = AXIS2_PLACEMENT_3D('',#1826,#1827,#1828);
#1826 = CARTESIAN_POINT('',(-0.188399121892,-9.465663510273E-02,
    0.4189829995));
#1827 = DIRECTION('',(1.899571590547E-10,-3.859256819877E-08,-1.));
#1828 = DIRECTION('',(-1.,-7.657069556151E-10,-1.899571295041E-10));
#1829 = ORIENTED_EDGE('',*,*,#1830,.T.);
#1830 = EDGE_CURVE('',#1822,#650,#1831,.T.);
#1831 = LINE('',#1832,#1833);
#1832 = CARTESIAN_POINT('',(-0.181072674775,1.618322236629E-02,
    0.418982995224));
#1833 = VECTOR('',#1834,1.);
#1834 = DIRECTION('',(1.899571590547E-10,-3.859256819877E-08,-1.));
#1835 = CYLINDRICAL_SURFACE('',#1836,0.11059720768);
#1836 = AXIS2_PLACEMENT_3D('',#1837,#1838,#1839);
#1837 = CARTESIAN_POINT('',(-0.188399121892,-9.465663510273E-02,
    0.4189829995));
#1838 = DIRECTION('',(1.899571590547E-10,-3.859256819877E-08,-1.));
#1839 = DIRECTION('',(-0.464317289497,0.885668930625,-3.426843899989E-08
    ));
#1840 = ADVANCED_FACE('',(#1841),#1853,.T.);
#1841 = FACE_BOUND('',#1842,.T.);
#1842 = EDGE_LOOP('',(#1843,#1844,#1845,#1852));
#1843 = ORIENTED_EDGE('',*,*,#658,.F.);
#1844 = ORIENTED_EDGE('',*,*,#1830,.F.);
#1845 = ORIENTED_EDGE('',*,*,#1846,.T.);
#1846 = EDGE_CURVE('',#1822,#1655,#1847,.T.);
#1847 = CIRCLE('',#1848,0.110672574642);
#1848 = AXIS2_PLACEMENT_3D('',#1849,#1850,#1851);
#1849 = CARTESIAN_POINT('',(-0.175818896693,-9.465806274579E-02,
    0.418982999502));
#1850 = DIRECTION('',(1.899571590547E-10,-3.859256819877E-08,-1.));
#1851 = DIRECTION('',(-1.,-7.657069556151E-10,-1.899571295041E-10));
#1852 = ORIENTED_EDGE('',*,*,#1654,.T.);
#1853 = CYLINDRICAL_SURFACE('',#1854,0.110672574642);
#1854 = AXIS2_PLACEMENT_3D('',#1855,#1856,#1857);
#1855 = CARTESIAN_POINT('',(-0.175818896693,-9.465806274579E-02,
    0.418982999502));
#1856 = DIRECTION('',(1.899571590547E-10,-3.859256819877E-08,-1.));
#1857 = DIRECTION('',(0.474747233496,0.880122187135,-3.387599389452E-08)
  );
#1858 = ADVANCED_FACE('',(#1859),#1884,.F.);
#1859 = FACE_BOUND('',#1860,.F.);
#1860 = EDGE_LOOP('',(#1861,#1871,#1877,#1878));
#1861 = ORIENTED_EDGE('',*,*,#1862,.T.);
#1862 = EDGE_CURVE('',#1863,#1865,#1867,.T.);
#1863 = VERTEX_POINT('',#1864);
#1864 = CARTESIAN_POINT('',(-0.99078847507,-0.801932334092,
    0.398982978677));
#1865 = VERTEX_POINT('',#1866);
#1866 = CARTESIAN_POINT('',(-0.990788476027,0.448067665908,
    0.398982974164));
#1867 = LINE('',#1868,#1869);
#1868 = CARTESIAN_POINT('',(-0.99078847507,-0.801932334092,
    0.398982978677));
#1869 = VECTOR('',#1870,1.);
#1870 = DIRECTION('',(-7.657071284016E-10,1.,-3.610792715563E-09));
#1871 = ORIENTED_EDGE('',*,*,#1872,.T.);
#1872 = EDGE_CURVE('',#1865,#676,#1873,.T.);
#1873 = LINE('',#1874,#1875);
#1874 = CARTESIAN_POINT('',(-1.015788476027,0.448067665889,
    0.398982974159));
#1875 = VECTOR('',#1876,1.);
#1876 = DIRECTION('',(1.,7.657071290875E-10,1.899571295042E-10));
#1877 = ORIENTED_EDGE('',*,*,#673,.F.);
#1878 = ORIENTED_EDGE('',*,*,#1879,.F.);
#1879 = EDGE_CURVE('',#1863,#674,#1880,.T.);
#1880 = LINE('',#1881,#1882);
#1881 = CARTESIAN_POINT('',(-1.01578847507,-0.801932334111,
    0.398982978672));
#1882 = VECTOR('',#1883,1.);
#1883 = DIRECTION('',(1.,7.657071290875E-10,1.899571295042E-10));
#1884 = PLANE('',#1885);
#1885 = AXIS2_PLACEMENT_3D('',#1886,#1887,#1888);
#1886 = CARTESIAN_POINT('',(-1.015788475548,-0.176932334111,
    0.398982976416));
#1887 = DIRECTION('',(1.89957132269E-10,-3.610792715417E-09,-1.));
#1888 = DIRECTION('',(7.657071284016E-10,-1.,3.610792715562E-09));
#1889 = ADVANCED_FACE('',(#1890),#1915,.F.);
#1890 = FACE_BOUND('',#1891,.T.);
#1891 = EDGE_LOOP('',(#1892,#1900,#1901,#1909));
#1892 = ORIENTED_EDGE('',*,*,#1893,.T.);
#1893 = EDGE_CURVE('',#1894,#714,#1896,.T.);
#1894 = VERTEX_POINT('',#1895);
#1895 = CARTESIAN_POINT('',(-0.665788475932,0.448067664351,
    -0.101017025775));
#1896 = LINE('',#1897,#1898);
#1897 = CARTESIAN_POINT('',(-0.66578847598,0.448067665254,0.148982974225
    ));
#1898 = VECTOR('',#1899,1.);
#1899 = DIRECTION('',(-1.89957132269E-10,3.610792628681E-09,1.));
#1900 = ORIENTED_EDGE('',*,*,#721,.T.);
#1901 = ORIENTED_EDGE('',*,*,#1902,.F.);
#1902 = EDGE_CURVE('',#1903,#705,#1905,.T.);
#1903 = VERTEX_POINT('',#1904);
#1904 = CARTESIAN_POINT('',(-0.665788474975,-0.801932335649,
    -0.101017021261));
#1905 = LINE('',#1906,#1907);
#1906 = CARTESIAN_POINT('',(-0.665788475022,-0.801932334746,
    0.148982978739));
#1907 = VECTOR('',#1908,1.);
#1908 = DIRECTION('',(-1.89957132269E-10,3.610792628681E-09,1.));
#1909 = ORIENTED_EDGE('',*,*,#1910,.T.);
#1910 = EDGE_CURVE('',#1903,#1894,#1911,.T.);
#1911 = LINE('',#1912,#1913);
#1912 = CARTESIAN_POINT('',(-0.665788475454,-0.176932335649,
    -0.101017023518));
#1913 = VECTOR('',#1914,1.);
#1914 = DIRECTION('',(-7.657071284016E-10,1.,-3.610792715563E-09));
#1915 = PLANE('',#1916);
#1916 = AXIS2_PLACEMENT_3D('',#1917,#1918,#1919);
#1917 = CARTESIAN_POINT('',(-0.665788475501,-0.176932334746,
    0.148982976482));
#1918 = DIRECTION('',(-1.,-7.657071290875E-10,-1.899571295042E-10));
#1919 = DIRECTION('',(7.657071284016E-10,-1.,3.610792628826E-09));
#1920 = ADVANCED_FACE('',(#1921),#1955,.T.);
#1921 = FACE_BOUND('',#1922,.T.);
#1922 = EDGE_LOOP('',(#1923,#1933,#1941,#1949));
#1923 = ORIENTED_EDGE('',*,*,#1924,.F.);
#1924 = EDGE_CURVE('',#1925,#1927,#1929,.T.);
#1925 = VERTEX_POINT('',#1926);
#1926 = CARTESIAN_POINT('',(-1.015788475937,0.448067664174,
    -7.601702584123E-02));
#1927 = VERTEX_POINT('',#1928);
#1928 = CARTESIAN_POINT('',(-1.015788476022,0.448067665798,
    0.373982974159));
#1929 = LINE('',#1930,#1931);
#1930 = CARTESIAN_POINT('',(-1.01578847598,0.448067664986,0.148982974159
    ));
#1931 = VECTOR('',#1932,1.);
#1932 = DIRECTION('',(-1.89957132269E-10,3.610792628681E-09,1.));
#1933 = ORIENTED_EDGE('',*,*,#1934,.F.);
#1934 = EDGE_CURVE('',#1935,#1925,#1937,.T.);
#1935 = VERTEX_POINT('',#1936);
#1936 = CARTESIAN_POINT('',(-1.01578847498,-0.801932335826,
    -7.601702132774E-02));
#1937 = LINE('',#1938,#1939);
#1938 = CARTESIAN_POINT('',(-1.015788475458,-0.176932335826,
    -7.601702358448E-02));
#1939 = VECTOR('',#1940,1.);
#1940 = DIRECTION('',(-7.657071284016E-10,1.,-3.610792715563E-09));
#1941 = ORIENTED_EDGE('',*,*,#1942,.T.);
#1942 = EDGE_CURVE('',#1935,#1943,#1945,.T.);
#1943 = VERTEX_POINT('',#1944);
#1944 = CARTESIAN_POINT('',(-1.015788475065,-0.801932334202,
    0.373982978672));
#1945 = LINE('',#1946,#1947);
#1946 = CARTESIAN_POINT('',(-1.015788475022,-0.801932335014,
    0.148982978672));
#1947 = VECTOR('',#1948,1.);
#1948 = DIRECTION('',(-1.89957132269E-10,3.610792628681E-09,1.));
#1949 = ORIENTED_EDGE('',*,*,#1950,.T.);
#1950 = EDGE_CURVE('',#1943,#1927,#1951,.T.);
#1951 = LINE('',#1952,#1953);
#1952 = CARTESIAN_POINT('',(-1.015788476022,0.448067665798,
    0.373982974159));
#1953 = VECTOR('',#1954,1.);
#1954 = DIRECTION('',(-7.657071284016E-10,1.,-3.610792715563E-09));
#1955 = PLANE('',#1956);
#1956 = AXIS2_PLACEMENT_3D('',#1957,#1958,#1959);
#1957 = CARTESIAN_POINT('',(-1.015788475501,-0.176932335014,
    0.148982976416));
#1958 = DIRECTION('',(-1.,-7.657071290875E-10,-1.899571295042E-10));
#1959 = DIRECTION('',(7.657071284016E-10,-1.,3.610792628826E-09));
#1960 = ADVANCED_FACE('',(#1961),#1988,.T.);
#1961 = FACE_BOUND('',#1962,.T.);
#1962 = EDGE_LOOP('',(#1963,#1972,#1973,#1982));
#1963 = ORIENTED_EDGE('',*,*,#1964,.T.);
#1964 = EDGE_CURVE('',#1965,#1935,#1967,.T.);
#1965 = VERTEX_POINT('',#1966);
#1966 = CARTESIAN_POINT('',(-0.990788474975,-0.801932335898,
    -0.101017021323));
#1967 = CIRCLE('',#1968,2.5E-02);
#1968 = AXIS2_PLACEMENT_3D('',#1969,#1970,#1971);
#1969 = CARTESIAN_POINT('',(-0.99078847498,-0.801932335807,
    -7.601702132299E-02));
#1970 = DIRECTION('',(-7.657071284016E-10,1.,-3.610792628826E-09));
#1971 = DIRECTION('',(1.89957132269E-10,-3.610792628681E-09,-1.));
#1972 = ORIENTED_EDGE('',*,*,#1934,.T.);
#1973 = ORIENTED_EDGE('',*,*,#1974,.F.);
#1974 = EDGE_CURVE('',#1975,#1925,#1977,.T.);
#1975 = VERTEX_POINT('',#1976);
#1976 = CARTESIAN_POINT('',(-0.990788475932,0.448067664102,
    -0.101017025836));
#1977 = CIRCLE('',#1978,2.5E-02);
#1978 = AXIS2_PLACEMENT_3D('',#1979,#1980,#1981);
#1979 = CARTESIAN_POINT('',(-0.990788475937,0.448067664193,
    -7.601702583648E-02));
#1980 = DIRECTION('',(-7.657071284016E-10,1.,-3.610792628826E-09));
#1981 = DIRECTION('',(1.89957132269E-10,-3.610792628681E-09,-1.));
#1982 = ORIENTED_EDGE('',*,*,#1983,.F.);
#1983 = EDGE_CURVE('',#1965,#1975,#1984,.T.);
#1984 = LINE('',#1985,#1986);
#1985 = CARTESIAN_POINT('',(-0.990788475454,-0.176932335898,
    -0.10101702358));
#1986 = VECTOR('',#1987,1.);
#1987 = DIRECTION('',(-7.657071284016E-10,1.,-3.610792715563E-09));
#1988 = CYLINDRICAL_SURFACE('',#1989,2.5E-02);
#1989 = AXIS2_PLACEMENT_3D('',#1990,#1991,#1992);
#1990 = CARTESIAN_POINT('',(-0.990788475458,-0.176932335807,
    -7.601702357974E-02));
#1991 = DIRECTION('',(-7.657071284016E-10,1.,-3.610792715563E-09));
#1992 = DIRECTION('',(1.89957132269E-10,-3.610792715418E-09,-1.));
#1993 = ADVANCED_FACE('',(#1994),#2010,.T.);
#1994 = FACE_BOUND('',#1995,.T.);
#1995 = EDGE_LOOP('',(#1996,#2002,#2003,#2009));
#1996 = ORIENTED_EDGE('',*,*,#1997,.F.);
#1997 = EDGE_CURVE('',#1965,#1903,#1998,.T.);
#1998 = LINE('',#1999,#2000);
#1999 = CARTESIAN_POINT('',(-1.015788474975,-0.801932335917,
    -0.101017021328));
#2000 = VECTOR('',#2001,1.);
#2001 = DIRECTION('',(1.,7.657071290875E-10,1.899571295042E-10));
#2002 = ORIENTED_EDGE('',*,*,#1983,.T.);
#2003 = ORIENTED_EDGE('',*,*,#2004,.T.);
#2004 = EDGE_CURVE('',#1975,#1894,#2005,.T.);
#2005 = LINE('',#2006,#2007);
#2006 = CARTESIAN_POINT('',(-1.015788475932,0.448067664083,
    -0.101017025841));
#2007 = VECTOR('',#2008,1.);
#2008 = DIRECTION('',(1.,7.657071290875E-10,1.899571295042E-10));
#2009 = ORIENTED_EDGE('',*,*,#1910,.F.);
#2010 = PLANE('',#2011);
#2011 = AXIS2_PLACEMENT_3D('',#2012,#2013,#2014);
#2012 = CARTESIAN_POINT('',(-1.015788475454,-0.176932335917,
    -0.101017023584));
#2013 = DIRECTION('',(1.89957132269E-10,-3.610792715417E-09,-1.));
#2014 = DIRECTION('',(7.657071284016E-10,-1.,3.610792715562E-09));
#2015 = ADVANCED_FACE('',(#2016),#2034,.T.);
#2016 = FACE_BOUND('',#2017,.T.);
#2017 = EDGE_LOOP('',(#2018,#2025,#2026,#2033));
#2018 = ORIENTED_EDGE('',*,*,#2019,.T.);
#2019 = EDGE_CURVE('',#1943,#1863,#2020,.T.);
#2020 = CIRCLE('',#2021,2.5E-02);
#2021 = AXIS2_PLACEMENT_3D('',#2022,#2023,#2024);
#2022 = CARTESIAN_POINT('',(-0.990788475065,-0.801932334182,
    0.373982978677));
#2023 = DIRECTION('',(-7.657071284016E-10,1.,-3.610792628826E-09));
#2024 = DIRECTION('',(1.89957132269E-10,-3.610792628681E-09,-1.));
#2025 = ORIENTED_EDGE('',*,*,#1862,.T.);
#2026 = ORIENTED_EDGE('',*,*,#2027,.F.);
#2027 = EDGE_CURVE('',#1927,#1865,#2028,.T.);
#2028 = CIRCLE('',#2029,2.5E-02);
#2029 = AXIS2_PLACEMENT_3D('',#2030,#2031,#2032);
#2030 = CARTESIAN_POINT('',(-0.990788476022,0.448067665818,
    0.373982974164));
#2031 = DIRECTION('',(-7.657071284016E-10,1.,-3.610792628826E-09));
#2032 = DIRECTION('',(1.89957132269E-10,-3.610792628681E-09,-1.));
#2033 = ORIENTED_EDGE('',*,*,#1950,.F.);
#2034 = CYLINDRICAL_SURFACE('',#2035,2.5E-02);
#2035 = AXIS2_PLACEMENT_3D('',#2036,#2037,#2038);
#2036 = CARTESIAN_POINT('',(-0.990788475544,-0.176932334182,
    0.37398297642));
#2037 = DIRECTION('',(7.657071284016E-10,-1.,3.610792715563E-09));
#2038 = DIRECTION('',(-1.89957132269E-10,3.610792715418E-09,1.));
#2039 = ADVANCED_FACE('',(#2040,#2050),#2123,.T.);
#2040 = FACE_BOUND('',#2041,.T.);
#2041 = EDGE_LOOP('',(#2042,#2043,#2044,#2045,#2046,#2047,#2048,#2049));
#2042 = ORIENTED_EDGE('',*,*,#769,.F.);
#2043 = ORIENTED_EDGE('',*,*,#744,.F.);
#2044 = ORIENTED_EDGE('',*,*,#928,.F.);
#2045 = ORIENTED_EDGE('',*,*,#903,.F.);
#2046 = ORIENTED_EDGE('',*,*,#875,.F.);
#2047 = ORIENTED_EDGE('',*,*,#847,.F.);
#2048 = ORIENTED_EDGE('',*,*,#822,.F.);
#2049 = ORIENTED_EDGE('',*,*,#797,.F.);
#2050 = FACE_BOUND('',#2051,.T.);
#2051 = EDGE_LOOP('',(#2052,#2063,#2072,#2081,#2090,#2098,#2107,#2116));
#2052 = ORIENTED_EDGE('',*,*,#2053,.T.);
#2053 = EDGE_CURVE('',#2054,#2056,#2058,.T.);
#2054 = VERTEX_POINT('',#2055);
#2055 = CARTESIAN_POINT('',(7.601447734816E-02,-0.319987234783,
    0.418982758246));
#2056 = VERTEX_POINT('',#2057);
#2057 = CARTESIAN_POINT('',(5.633337358659E-02,-0.191472083207,
    0.418983003283));
#2058 = CIRCLE('',#2059,0.310271589742);
#2059 = AXIS2_PLACEMENT_3D('',#2060,#2061,#2062);
#2060 = CARTESIAN_POINT('',(0.365985166218,-0.211073785218,
    0.418983004098));
#2061 = DIRECTION('',(1.899571590547E-10,-3.859256819877E-08,-1.));
#2062 = DIRECTION('',(-1.,-7.657069556151E-10,-1.899571295041E-10));
#2063 = ORIENTED_EDGE('',*,*,#2064,.T.);
#2064 = EDGE_CURVE('',#2056,#2065,#2067,.T.);
#2065 = VERTEX_POINT('',#2066);
#2066 = CARTESIAN_POINT('',(7.600158271878E-02,-6.337026879386E-02,
    0.418982998343));
#2067 = CIRCLE('',#2068,0.308235581238);
#2068 = AXIS2_PLACEMENT_3D('',#2069,#2070,#2071);
#2069 = CARTESIAN_POINT('',(0.363946616079,-0.171894887678,
    0.418983002586));
#2070 = DIRECTION('',(1.899571590547E-10,-3.859256819877E-08,-1.));
#2071 = DIRECTION('',(-1.,-7.657069556151E-10,-1.899571295041E-10));
#2072 = ORIENTED_EDGE('',*,*,#2073,.T.);
#2073 = EDGE_CURVE('',#2065,#2074,#2076,.T.);
#2074 = VERTEX_POINT('',#2075);
#2075 = CARTESIAN_POINT('',(0.142504596629,-2.377415413294E-02,
    0.418982996827));
#2076 = CIRCLE('',#2077,6.89014716788E-02);
#2077 = AXIS2_PLACEMENT_3D('',#2078,#2079,#2080);
#2078 = CARTESIAN_POINT('',(0.138973432966,-9.258508119189E-02,
    0.418982999482));
#2079 = DIRECTION('',(1.899571590547E-10,-3.859256819877E-08,-1.));
#2080 = DIRECTION('',(-1.,-7.657069556151E-10,-1.899571295041E-10));
#2081 = ORIENTED_EDGE('',*,*,#2082,.T.);
#2082 = EDGE_CURVE('',#2074,#2083,#2085,.T.);
#2083 = VERTEX_POINT('',#2084);
#2084 = CARTESIAN_POINT('',(0.208759389468,-6.407242052221E-02,
    0.418982998395));
#2085 = CIRCLE('',#2086,6.889798200131E-02);
#2086 = AXIS2_PLACEMENT_3D('',#2087,#2088,#2089);
#2087 = CARTESIAN_POINT('',(0.145888276708,-9.25889972484E-02,
    0.418982999484));
#2088 = DIRECTION('',(1.899571590547E-10,-3.859256819877E-08,-1.));
#2089 = DIRECTION('',(-1.,-7.657069556151E-10,-1.899571295041E-10));
#2090 = ORIENTED_EDGE('',*,*,#2091,.F.);
#2091 = EDGE_CURVE('',#2092,#2083,#2094,.T.);
#2092 = VERTEX_POINT('',#2093);
#2093 = CARTESIAN_POINT('',(0.229309430361,-0.191526867066,
    0.418983003318));
#2094 = B_SPLINE_CURVE_WITH_KNOTS('',2,(#2095,#2096,#2097),
  .UNSPECIFIED.,.F.,.F.,(3,3),(0.,1.),.PIECEWISE_BEZIER_KNOTS.);
#2095 = CARTESIAN_POINT('',(0.229309430361,-0.191526867066,
    0.418983003318));
#2096 = CARTESIAN_POINT('',(0.229309430294,-0.104553791189,
    0.418982999961));
#2097 = CARTESIAN_POINT('',(0.208759389468,-6.407242052221E-02,
    0.418982998395));
#2098 = ORIENTED_EDGE('',*,*,#2099,.T.);
#2099 = EDGE_CURVE('',#2092,#2100,#2102,.T.);
#2100 = VERTEX_POINT('',#2101);
#2101 = CARTESIAN_POINT('',(0.209083088884,-0.319450303336,
    0.418983008251));
#2102 = CIRCLE('',#2103,0.312272894835);
#2103 = AXIS2_PLACEMENT_3D('',#2104,#2105,#2106);
#2104 = CARTESIAN_POINT('',(-8.305599727196E-02,-0.210549509051,
    0.418983003993));
#2105 = DIRECTION('',(1.899571590547E-10,-3.859256819877E-08,-1.));
#2106 = DIRECTION('',(-1.,-7.657069556151E-10,-1.899571295041E-10));
#2107 = ORIENTED_EDGE('',*,*,#2108,.T.);
#2108 = EDGE_CURVE('',#2100,#2109,#2111,.T.);
#2109 = VERTEX_POINT('',#2110);
#2110 = CARTESIAN_POINT('',(0.142528578914,-0.35991073182,0.4189830098)
  );
#2111 = CIRCLE('',#2112,6.884765406185E-02);
#2112 = AXIS2_PLACEMENT_3D('',#2113,#2114,#2115);
#2113 = CARTESIAN_POINT('',(0.145782085979,-0.291139995589,
    0.418983007146));
#2114 = DIRECTION('',(1.899571590547E-10,-3.859256819877E-08,-1.));
#2115 = DIRECTION('',(-1.,-7.657069556151E-10,-1.899571295041E-10));
#2116 = ORIENTED_EDGE('',*,*,#2117,.T.);
#2117 = EDGE_CURVE('',#2109,#2054,#2118,.T.);
#2118 = CIRCLE('',#2119,6.883752128767E-02);
#2119 = AXIS2_PLACEMENT_3D('',#2120,#2121,#2122);
#2120 = CARTESIAN_POINT('',(0.139097498036,-0.291158771695,
    0.418983007146));
#2121 = DIRECTION('',(1.899571590547E-10,-3.859256819877E-08,-1.));
#2122 = DIRECTION('',(-1.,-7.657069556151E-10,-1.899571295041E-10));
#2123 = PLANE('',#2124);
#2124 = AXIS2_PLACEMENT_3D('',#2125,#2126,#2127);
#2125 = CARTESIAN_POINT('',(-1.578847555244E-02,-0.176932299891,
    0.418983002708));
#2126 = DIRECTION('',(-1.899571590547E-10,3.859256819877E-08,1.));
#2127 = DIRECTION('',(1.,7.657069556151E-10,1.899571295041E-10));
#2128 = ADVANCED_FACE('',(#2129),#2140,.T.);
#2129 = FACE_BOUND('',#2130,.T.);
#2130 = EDGE_LOOP('',(#2131,#2132,#2133,#2134,#2135,#2136,#2137,#2138,
    #2139));
#2131 = ORIENTED_EDGE('',*,*,#953,.F.);
#2132 = ORIENTED_EDGE('',*,*,#1146,.F.);
#2133 = ORIENTED_EDGE('',*,*,#1122,.F.);
#2134 = ORIENTED_EDGE('',*,*,#1098,.F.);
#2135 = ORIENTED_EDGE('',*,*,#1074,.F.);
#2136 = ORIENTED_EDGE('',*,*,#1050,.F.);
#2137 = ORIENTED_EDGE('',*,*,#1026,.F.);
#2138 = ORIENTED_EDGE('',*,*,#1001,.F.);
#2139 = ORIENTED_EDGE('',*,*,#977,.F.);
#2140 = PLANE('',#2141);
#2141 = AXIS2_PLACEMENT_3D('',#2142,#2143,#2144);
#2142 = CARTESIAN_POINT('',(-1.578847555244E-02,-0.176932299891,
    0.418983002708));
#2143 = DIRECTION('',(-1.899571590547E-10,3.859256819877E-08,1.));
#2144 = DIRECTION('',(1.,7.657069556151E-10,1.899571295041E-10));
#2145 = ADVANCED_FACE('',(#2146),#2168,.T.);
#2146 = FACE_BOUND('',#2147,.T.);
#2147 = EDGE_LOOP('',(#2148,#2149,#2150,#2151,#2152,#2153,#2154,#2155,
    #2156,#2157,#2158,#2159,#2160,#2161,#2162,#2163,#2164,#2165,#2166,
    #2167));
#2148 = ORIENTED_EDGE('',*,*,#1170,.F.);
#2149 = ORIENTED_EDGE('',*,*,#1638,.F.);
#2150 = ORIENTED_EDGE('',*,*,#1614,.F.);
#2151 = ORIENTED_EDGE('',*,*,#1590,.F.);
#2152 = ORIENTED_EDGE('',*,*,#1566,.F.);
#2153 = ORIENTED_EDGE('',*,*,#1541,.F.);
#2154 = ORIENTED_EDGE('',*,*,#1516,.F.);
#2155 = ORIENTED_EDGE('',*,*,#1491,.F.);
#2156 = ORIENTED_EDGE('',*,*,#1466,.F.);
#2157 = ORIENTED_EDGE('',*,*,#1441,.F.);
#2158 = ORIENTED_EDGE('',*,*,#1417,.F.);
#2159 = ORIENTED_EDGE('',*,*,#1398,.T.);
#2160 = ORIENTED_EDGE('',*,*,#1373,.T.);
#2161 = ORIENTED_EDGE('',*,*,#1348,.T.);
#2162 = ORIENTED_EDGE('',*,*,#1323,.T.);
#2163 = ORIENTED_EDGE('',*,*,#1298,.T.);
#2164 = ORIENTED_EDGE('',*,*,#1273,.T.);
#2165 = ORIENTED_EDGE('',*,*,#1248,.T.);
#2166 = ORIENTED_EDGE('',*,*,#1218,.F.);
#2167 = ORIENTED_EDGE('',*,*,#1194,.F.);
#2168 = PLANE('',#2169);
#2169 = AXIS2_PLACEMENT_3D('',#2170,#2171,#2172);
#2170 = CARTESIAN_POINT('',(-1.578847555244E-02,-0.176932299891,
    0.418983002708));
#2171 = DIRECTION('',(-1.899571590547E-10,3.859256819877E-08,1.));
#2172 = DIRECTION('',(1.,7.657069556151E-10,1.899571295041E-10));
#2173 = ADVANCED_FACE('',(#2174,#2184),#2257,.T.);
#2174 = FACE_BOUND('',#2175,.T.);
#2175 = EDGE_LOOP('',(#2176,#2177,#2178,#2179,#2180,#2181,#2182,#2183));
#2176 = ORIENTED_EDGE('',*,*,#1687,.F.);
#2177 = ORIENTED_EDGE('',*,*,#1662,.F.);
#2178 = ORIENTED_EDGE('',*,*,#1846,.F.);
#2179 = ORIENTED_EDGE('',*,*,#1821,.F.);
#2180 = ORIENTED_EDGE('',*,*,#1793,.F.);
#2181 = ORIENTED_EDGE('',*,*,#1765,.F.);
#2182 = ORIENTED_EDGE('',*,*,#1740,.F.);
#2183 = ORIENTED_EDGE('',*,*,#1715,.F.);
#2184 = FACE_BOUND('',#2185,.T.);
#2185 = EDGE_LOOP('',(#2186,#2197,#2206,#2215,#2224,#2232,#2241,#2250));
#2186 = ORIENTED_EDGE('',*,*,#2187,.T.);
#2187 = EDGE_CURVE('',#2188,#2190,#2192,.T.);
#2188 = VERTEX_POINT('',#2189);
#2189 = CARTESIAN_POINT('',(-0.247394551752,-0.319987235031,
    0.418982758185));
#2190 = VERTEX_POINT('',#2191);
#2191 = CARTESIAN_POINT('',(-0.267075655513,-0.191472083454,
    0.418983003221));
#2192 = CIRCLE('',#2193,0.310271589742);
#2193 = AXIS2_PLACEMENT_3D('',#2194,#2195,#2196);
#2194 = CARTESIAN_POINT('',(4.257613711789E-02,-0.211073785466,
    0.418983004037));
#2195 = DIRECTION('',(1.899571590547E-10,-3.859256819877E-08,-1.));
#2196 = DIRECTION('',(-1.,-7.657069556151E-10,-1.899571295041E-10));
#2197 = ORIENTED_EDGE('',*,*,#2198,.T.);
#2198 = EDGE_CURVE('',#2190,#2199,#2201,.T.);
#2199 = VERTEX_POINT('',#2200);
#2200 = CARTESIAN_POINT('',(-0.247407446381,-6.33702690415E-02,
    0.418982998281));
#2201 = CIRCLE('',#2202,0.308235581238);
#2202 = AXIS2_PLACEMENT_3D('',#2203,#2204,#2205);
#2203 = CARTESIAN_POINT('',(4.053758697929E-02,-0.171894887925,
    0.418983002524));
#2204 = DIRECTION('',(1.899571590547E-10,-3.859256819877E-08,-1.));
#2205 = DIRECTION('',(-1.,-7.657069556151E-10,-1.899571295041E-10));
#2206 = ORIENTED_EDGE('',*,*,#2207,.T.);
#2207 = EDGE_CURVE('',#2199,#2208,#2210,.T.);
#2208 = VERTEX_POINT('',#2209);
#2209 = CARTESIAN_POINT('',(-0.180904432471,-2.377415438058E-02,
    0.418982996766));
#2210 = CIRCLE('',#2211,6.890147167875E-02);
#2211 = AXIS2_PLACEMENT_3D('',#2212,#2213,#2214);
#2212 = CARTESIAN_POINT('',(-0.184435596134,-9.258508143948E-02,
    0.418982999421));
#2213 = DIRECTION('',(1.899571590547E-10,-3.859256819877E-08,-1.));
#2214 = DIRECTION('',(-1.,-7.657069556151E-10,-1.899571295041E-10));
#2215 = ORIENTED_EDGE('',*,*,#2216,.T.);
#2216 = EDGE_CURVE('',#2208,#2217,#2219,.T.);
#2217 = VERTEX_POINT('',#2218);
#2218 = CARTESIAN_POINT('',(-0.114649639631,-6.407242076985E-02,
    0.418982998334));
#2219 = CIRCLE('',#2220,6.889798200126E-02);
#2220 = AXIS2_PLACEMENT_3D('',#2221,#2222,#2223);
#2221 = CARTESIAN_POINT('',(-0.177520752392,-9.258899749599E-02,
    0.418982999422));
#2222 = DIRECTION('',(1.899571590547E-10,-3.859256819877E-08,-1.));
#2223 = DIRECTION('',(-1.,-7.657069556151E-10,-1.899571295041E-10));
#2224 = ORIENTED_EDGE('',*,*,#2225,.F.);
#2225 = EDGE_CURVE('',#2226,#2217,#2228,.T.);
#2226 = VERTEX_POINT('',#2227);
#2227 = CARTESIAN_POINT('',(-9.409959873952E-02,-0.191526867314,
    0.418983003256));
#2228 = B_SPLINE_CURVE_WITH_KNOTS('',2,(#2229,#2230,#2231),
  .UNSPECIFIED.,.F.,.F.,(3,3),(0.,1.),.PIECEWISE_BEZIER_KNOTS.);
#2229 = CARTESIAN_POINT('',(-9.409959873952E-02,-0.191526867314,
    0.418983003256));
#2230 = CARTESIAN_POINT('',(-9.409959880612E-02,-0.104553791437,
    0.4189829999));
#2231 = CARTESIAN_POINT('',(-0.114649639631,-6.407242076985E-02,
    0.418982998334));
#2232 = ORIENTED_EDGE('',*,*,#2233,.T.);
#2233 = EDGE_CURVE('',#2226,#2234,#2236,.T.);
#2234 = VERTEX_POINT('',#2235);
#2235 = CARTESIAN_POINT('',(-0.114325940214,-0.319450303585,
    0.418983008189));
#2236 = CIRCLE('',#2237,0.312272895183);
#2237 = AXIS2_PLACEMENT_3D('',#2238,#2239,#2240);
#2238 = CARTESIAN_POINT('',(-0.406465026719,-0.210549509245,
    0.418983003931));
#2239 = DIRECTION('',(1.899571590547E-10,-3.859256819877E-08,-1.));
#2240 = DIRECTION('',(-1.,-7.657069556151E-10,-1.899571295041E-10));
#2241 = ORIENTED_EDGE('',*,*,#2242,.T.);
#2242 = EDGE_CURVE('',#2234,#2243,#2245,.T.);
#2243 = VERTEX_POINT('',#2244);
#2244 = CARTESIAN_POINT('',(-0.180880450185,-0.359910732068,
    0.418983009738));
#2245 = CIRCLE('',#2246,6.884765406185E-02);
#2246 = AXIS2_PLACEMENT_3D('',#2247,#2248,#2249);
#2247 = CARTESIAN_POINT('',(-0.177626943121,-0.291139995837,
    0.418983007085));
#2248 = DIRECTION('',(1.899571590547E-10,-3.859256819877E-08,-1.));
#2249 = DIRECTION('',(-1.,-7.657069556151E-10,-1.899571295041E-10));
#2250 = ORIENTED_EDGE('',*,*,#2251,.T.);
#2251 = EDGE_CURVE('',#2243,#2188,#2252,.T.);
#2252 = CIRCLE('',#2253,6.883752128767E-02);
#2253 = AXIS2_PLACEMENT_3D('',#2254,#2255,#2256);
#2254 = CARTESIAN_POINT('',(-0.184311531064,-0.291158771942,
    0.418983007084));
#2255 = DIRECTION('',(1.899571590547E-10,-3.859256819877E-08,-1.));
#2256 = DIRECTION('',(-1.,-7.657069556151E-10,-1.899571295041E-10));
#2257 = PLANE('',#2258);
#2258 = AXIS2_PLACEMENT_3D('',#2259,#2260,#2261);
#2259 = CARTESIAN_POINT('',(-1.578847555244E-02,-0.176932299891,
    0.418983002708));
#2260 = DIRECTION('',(-1.899571590547E-10,3.859256819877E-08,1.));
#2261 = DIRECTION('',(1.,7.657069556151E-10,1.899571295041E-10));
#2262 = ADVANCED_FACE('',(#2263),#2289,.F.);
#2263 = FACE_BOUND('',#2264,.F.);
#2264 = EDGE_LOOP('',(#2265,#2273,#2274,#2282));
#2265 = ORIENTED_EDGE('',*,*,#2266,.F.);
#2266 = EDGE_CURVE('',#2054,#2267,#2269,.T.);
#2267 = VERTEX_POINT('',#2268);
#2268 = CARTESIAN_POINT('',(7.601447734911E-02,-0.319987235169,
    0.408983008246));
#2269 = LINE('',#2270,#2271);
#2270 = CARTESIAN_POINT('',(7.63552558597E-02,-0.319865186466,
    0.418983008242));
#2271 = VECTOR('',#2272,1.);
#2272 = DIRECTION('',(1.899571590547E-10,-3.859256819877E-08,-1.));
#2273 = ORIENTED_EDGE('',*,*,#2053,.T.);
#2274 = ORIENTED_EDGE('',*,*,#2275,.T.);
#2275 = EDGE_CURVE('',#2056,#2276,#2278,.T.);
#2276 = VERTEX_POINT('',#2277);
#2277 = CARTESIAN_POINT('',(5.633337358849E-02,-0.191472083593,
    0.408983003283));
#2278 = LINE('',#2279,#2280);
#2279 = CARTESIAN_POINT('',(5.633337358606E-02,-0.191472083207,
    0.418983003283));
#2280 = VECTOR('',#2281,1.);
#2281 = DIRECTION('',(1.899571590547E-10,-3.859256819877E-08,-1.));
#2282 = ORIENTED_EDGE('',*,*,#2283,.F.);
#2283 = EDGE_CURVE('',#2267,#2276,#2284,.T.);
#2284 = CIRCLE('',#2285,0.310271589742);
#2285 = AXIS2_PLACEMENT_3D('',#2286,#2287,#2288);
#2286 = CARTESIAN_POINT('',(0.36598516622,-0.211073785604,0.408983004098
    ));
#2287 = DIRECTION('',(1.899571590547E-10,-3.859256819877E-08,-1.));
#2288 = DIRECTION('',(-1.,-7.657069556151E-10,-1.899571295041E-10));
#2289 = CYLINDRICAL_SURFACE('',#2290,0.310271589742);
#2290 = AXIS2_PLACEMENT_3D('',#2291,#2292,#2293);
#2291 = CARTESIAN_POINT('',(0.365985166218,-0.211073785218,
    0.418983004098));
#2292 = DIRECTION('',(1.899571590547E-10,-3.859256819877E-08,-1.));
#2293 = DIRECTION('',(-0.983233037933,-0.182353483971,6.850717111862E-09
    ));
#2294 = ADVANCED_FACE('',(#2295),#2314,.F.);
#2295 = FACE_BOUND('',#2296,.F.);
#2296 = EDGE_LOOP('',(#2297,#2298,#2299,#2307));
#2297 = ORIENTED_EDGE('',*,*,#2275,.F.);
#2298 = ORIENTED_EDGE('',*,*,#2064,.T.);
#2299 = ORIENTED_EDGE('',*,*,#2300,.T.);
#2300 = EDGE_CURVE('',#2065,#2301,#2303,.T.);
#2301 = VERTEX_POINT('',#2302);
#2302 = CARTESIAN_POINT('',(7.600158272068E-02,-6.337026917979E-02,
    0.408982998343));
#2303 = LINE('',#2304,#2305);
#2304 = CARTESIAN_POINT('',(7.635525566339E-02,-6.349790335459E-02,
    0.418982998348));
#2305 = VECTOR('',#2306,1.);
#2306 = DIRECTION('',(1.899571590547E-10,-3.859256819877E-08,-1.));
#2307 = ORIENTED_EDGE('',*,*,#2308,.F.);
#2308 = EDGE_CURVE('',#2276,#2301,#2309,.T.);
#2309 = CIRCLE('',#2310,0.308235581238);
#2310 = AXIS2_PLACEMENT_3D('',#2311,#2312,#2313);
#2311 = CARTESIAN_POINT('',(0.363946616081,-0.171894888064,
    0.408983002586));
#2312 = DIRECTION('',(1.899571590547E-10,-3.859256819877E-08,-1.));
#2313 = DIRECTION('',(-1.,-7.657069556151E-10,-1.899571295041E-10));
#2314 = CYLINDRICAL_SURFACE('',#2315,0.308235581238);
#2315 = AXIS2_PLACEMENT_3D('',#2316,#2317,#2318);
#2316 = CARTESIAN_POINT('',(0.363946616079,-0.171894887678,
    0.418983002586));
#2317 = DIRECTION('',(1.899571590547E-10,-3.859256819877E-08,-1.));
#2318 = DIRECTION('',(-0.983107394834,0.183029643016,-7.25033226826E-09)
  );
#2319 = ADVANCED_FACE('',(#2320),#2339,.F.);
#2320 = FACE_BOUND('',#2321,.F.);
#2321 = EDGE_LOOP('',(#2322,#2323,#2324,#2332));
#2322 = ORIENTED_EDGE('',*,*,#2300,.F.);
#2323 = ORIENTED_EDGE('',*,*,#2073,.T.);
#2324 = ORIENTED_EDGE('',*,*,#2325,.T.);
#2325 = EDGE_CURVE('',#2074,#2326,#2328,.T.);
#2326 = VERTEX_POINT('',#2327);
#2327 = CARTESIAN_POINT('',(0.142504596631,-2.377415451887E-02,
    0.408982996827));
#2328 = LINE('',#2329,#2330);
#2329 = CARTESIAN_POINT('',(0.142504596629,-2.377415413294E-02,
    0.418982996827));
#2330 = VECTOR('',#2331,1.);
#2331 = DIRECTION('',(1.899571590547E-10,-3.859256819877E-08,-1.));
#2332 = ORIENTED_EDGE('',*,*,#2333,.F.);
#2333 = EDGE_CURVE('',#2301,#2326,#2334,.T.);
#2334 = CIRCLE('',#2335,6.89014716788E-02);
#2335 = AXIS2_PLACEMENT_3D('',#2336,#2337,#2338);
#2336 = CARTESIAN_POINT('',(0.138973432968,-9.258508157781E-02,
    0.408982999482));
#2337 = DIRECTION('',(1.899571590547E-10,-3.859256819877E-08,-1.));
#2338 = DIRECTION('',(-1.,-7.657069556151E-10,-1.899571295041E-10));
#2339 = CYLINDRICAL_SURFACE('',#2340,6.89014716788E-02);
#2340 = AXIS2_PLACEMENT_3D('',#2341,#2342,#2343);
#2341 = CARTESIAN_POINT('',(0.138973432966,-9.258508119189E-02,
    0.418982999482));
#2342 = DIRECTION('',(1.899571590547E-10,-3.859256819877E-08,-1.));
#2343 = DIRECTION('',(-0.518210814428,0.855252916867,-3.310484437549E-08
    ));
#2344 = ADVANCED_FACE('',(#2345),#2364,.F.);
#2345 = FACE_BOUND('',#2346,.F.);
#2346 = EDGE_LOOP('',(#2347,#2348,#2349,#2357));
#2347 = ORIENTED_EDGE('',*,*,#2325,.F.);
#2348 = ORIENTED_EDGE('',*,*,#2082,.T.);
#2349 = ORIENTED_EDGE('',*,*,#2350,.T.);
#2350 = EDGE_CURVE('',#2083,#2351,#2353,.T.);
#2351 = VERTEX_POINT('',#2352);
#2352 = CARTESIAN_POINT('',(0.20875938947,-6.407242090814E-02,
    0.408982998395));
#2353 = LINE('',#2354,#2355);
#2354 = CARTESIAN_POINT('',(0.208759389468,-6.407242052221E-02,
    0.418982998395));
#2355 = VECTOR('',#2356,1.);
#2356 = DIRECTION('',(1.899571590547E-10,-3.859256819877E-08,-1.));
#2357 = ORIENTED_EDGE('',*,*,#2358,.F.);
#2358 = EDGE_CURVE('',#2326,#2351,#2359,.T.);
#2359 = CIRCLE('',#2360,6.889798200131E-02);
#2360 = AXIS2_PLACEMENT_3D('',#2361,#2362,#2363);
#2361 = CARTESIAN_POINT('',(0.14588827671,-9.258899763433E-02,
    0.408982999484));
#2362 = DIRECTION('',(1.899571590547E-10,-3.859256819877E-08,-1.));
#2363 = DIRECTION('',(-1.,-7.657069556151E-10,-1.899571295041E-10));
#2364 = CYLINDRICAL_SURFACE('',#2365,6.889798200131E-02);
#2365 = AXIS2_PLACEMENT_3D('',#2366,#2367,#2368);
#2366 = CARTESIAN_POINT('',(0.145888276708,-9.25889972484E-02,
    0.418982999484));
#2367 = DIRECTION('',(1.899571590547E-10,-3.859256819877E-08,-1.));
#2368 = DIRECTION('',(0.521551033548,0.853220088491,-3.282888210102E-08)
  );
#2369 = ADVANCED_FACE('',(#2370),#2388,.T.);
#2370 = FACE_BOUND('',#2371,.T.);
#2371 = EDGE_LOOP('',(#2372,#2380,#2386,#2387));
#2372 = ORIENTED_EDGE('',*,*,#2373,.F.);
#2373 = EDGE_CURVE('',#2374,#2351,#2376,.T.);
#2374 = VERTEX_POINT('',#2375);
#2375 = CARTESIAN_POINT('',(0.229309430363,-0.191526867452,
    0.408983003318));
#2376 = B_SPLINE_CURVE_WITH_KNOTS('',2,(#2377,#2378,#2379),
  .UNSPECIFIED.,.F.,.F.,(3,3),(0.,1.),.PIECEWISE_BEZIER_KNOTS.);
#2377 = CARTESIAN_POINT('',(0.229309430363,-0.191526867452,
    0.408983003318));
#2378 = CARTESIAN_POINT('',(0.229309430296,-0.104553791575,
    0.408982999961));
#2379 = CARTESIAN_POINT('',(0.20875938947,-6.407242090814E-02,
    0.408982998395));
#2380 = ORIENTED_EDGE('',*,*,#2381,.F.);
#2381 = EDGE_CURVE('',#2092,#2374,#2382,.T.);
#2382 = LINE('',#2383,#2384);
#2383 = CARTESIAN_POINT('',(0.229309430361,-0.191526867066,
    0.418983003318));
#2384 = VECTOR('',#2385,1.);
#2385 = DIRECTION('',(1.899571590547E-10,-3.859256819877E-08,-1.));
#2386 = ORIENTED_EDGE('',*,*,#2091,.T.);
#2387 = ORIENTED_EDGE('',*,*,#2350,.T.);
#2388 = B_SPLINE_SURFACE_WITH_KNOTS('',3,1,(
    (#2389,#2390)
    ,(#2391,#2392)
    ,(#2393,#2394)
    ,(#2395,#2396
    )),.UNSPECIFIED.,.F.,.F.,.F.,(4,4),(2,2),(0.,1.),(0.,1.),
  .PIECEWISE_BEZIER_KNOTS.);
#2389 = CARTESIAN_POINT('',(0.229309430361,-0.191526867066,
    0.418983003318));
#2390 = CARTESIAN_POINT('',(0.229309430363,-0.191526867452,
    0.408983003318));
#2391 = CARTESIAN_POINT('',(0.229309430316,-0.133544816482,0.41898300108
    ));
#2392 = CARTESIAN_POINT('',(0.229309430318,-0.133544816868,0.40898300108
    ));
#2393 = CARTESIAN_POINT('',(0.222459416686,-9.106000096705E-02,
    0.418982999439));
#2394 = CARTESIAN_POINT('',(0.222459416688,-9.106000135298E-02,
    0.408982999439));
#2395 = CARTESIAN_POINT('',(0.208759389468,-6.407242052221E-02,
    0.418982998395));
#2396 = CARTESIAN_POINT('',(0.20875938947,-6.407242090814E-02,
    0.408982998395));
#2397 = ADVANCED_FACE('',(#2398),#2417,.F.);
#2398 = FACE_BOUND('',#2399,.F.);
#2399 = EDGE_LOOP('',(#2400,#2401,#2402,#2410));
#2400 = ORIENTED_EDGE('',*,*,#2381,.F.);
#2401 = ORIENTED_EDGE('',*,*,#2099,.T.);
#2402 = ORIENTED_EDGE('',*,*,#2403,.T.);
#2403 = EDGE_CURVE('',#2100,#2404,#2406,.T.);
#2404 = VERTEX_POINT('',#2405);
#2405 = CARTESIAN_POINT('',(0.209083088886,-0.319450303722,
    0.408983008251));
#2406 = LINE('',#2407,#2408);
#2407 = CARTESIAN_POINT('',(0.208759389664,-0.319334862731,
    0.418983008246));
#2408 = VECTOR('',#2409,1.);
#2409 = DIRECTION('',(1.899571590547E-10,-3.859256819877E-08,-1.));
#2410 = ORIENTED_EDGE('',*,*,#2411,.F.);
#2411 = EDGE_CURVE('',#2374,#2404,#2412,.T.);
#2412 = CIRCLE('',#2413,0.312272894835);
#2413 = AXIS2_PLACEMENT_3D('',#2414,#2415,#2416);
#2414 = CARTESIAN_POINT('',(-8.305599727006E-02,-0.210549509437,
    0.408983003993));
#2415 = DIRECTION('',(1.899571590547E-10,-3.859256819877E-08,-1.));
#2416 = DIRECTION('',(-1.,-7.657069556151E-10,-1.899571295041E-10));
#2417 = CYLINDRICAL_SURFACE('',#2418,0.312272894835);
#2418 = AXIS2_PLACEMENT_3D('',#2419,#2420,#2421);
#2419 = CARTESIAN_POINT('',(-8.305599727196E-02,-0.210549509051,
    0.418983003993));
#2420 = DIRECTION('',(1.899571590547E-10,-3.859256819877E-08,-1.));
#2421 = DIRECTION('',(0.983529829633,-0.180745883,7.162276348609E-09));
#2422 = ADVANCED_FACE('',(#2423),#2442,.F.);
#2423 = FACE_BOUND('',#2424,.F.);
#2424 = EDGE_LOOP('',(#2425,#2426,#2427,#2435));
#2425 = ORIENTED_EDGE('',*,*,#2403,.F.);
#2426 = ORIENTED_EDGE('',*,*,#2108,.T.);
#2427 = ORIENTED_EDGE('',*,*,#2428,.T.);
#2428 = EDGE_CURVE('',#2109,#2429,#2431,.T.);
#2429 = VERTEX_POINT('',#2430);
#2430 = CARTESIAN_POINT('',(0.142528578916,-0.359910732206,0.4089830098)
  );
#2431 = LINE('',#2432,#2433);
#2432 = CARTESIAN_POINT('',(0.142528578914,-0.35991073182,0.4189830098)
  );
#2433 = VECTOR('',#2434,1.);
#2434 = DIRECTION('',(1.899571590547E-10,-3.859256819877E-08,-1.));
#2435 = ORIENTED_EDGE('',*,*,#2436,.F.);
#2436 = EDGE_CURVE('',#2404,#2429,#2437,.T.);
#2437 = CIRCLE('',#2438,6.884765406185E-02);
#2438 = AXIS2_PLACEMENT_3D('',#2439,#2440,#2441);
#2439 = CARTESIAN_POINT('',(0.145782085981,-0.291139995975,
    0.408983007146));
#2440 = DIRECTION('',(1.899571590547E-10,-3.859256819877E-08,-1.));
#2441 = DIRECTION('',(-1.,-7.657069556151E-10,-1.899571295041E-10));
#2442 = CYLINDRICAL_SURFACE('',#2443,6.884765406185E-02);
#2443 = AXIS2_PLACEMENT_3D('',#2444,#2445,#2446);
#2444 = CARTESIAN_POINT('',(0.145782085979,-0.291139995589,
    0.418983007146));
#2445 = DIRECTION('',(1.899571590547E-10,-3.859256819877E-08,-1.));
#2446 = DIRECTION('',(0.523463492681,-0.852048104176,3.298216020699E-08)
  );
#2447 = ADVANCED_FACE('',(#2448),#2460,.F.);
#2448 = FACE_BOUND('',#2449,.F.);
#2449 = EDGE_LOOP('',(#2450,#2451,#2452,#2453));
#2450 = ORIENTED_EDGE('',*,*,#2428,.F.);
#2451 = ORIENTED_EDGE('',*,*,#2117,.T.);
#2452 = ORIENTED_EDGE('',*,*,#2266,.T.);
#2453 = ORIENTED_EDGE('',*,*,#2454,.F.);
#2454 = EDGE_CURVE('',#2429,#2267,#2455,.T.);
#2455 = CIRCLE('',#2456,6.883752128767E-02);
#2456 = AXIS2_PLACEMENT_3D('',#2457,#2458,#2459);
#2457 = CARTESIAN_POINT('',(0.139097498038,-0.29115877208,0.408983007146
    ));
#2458 = DIRECTION('',(1.899571590547E-10,-3.859256819877E-08,-1.));
#2459 = DIRECTION('',(-1.,-7.657069556151E-10,-1.899571295041E-10));
#2460 = CYLINDRICAL_SURFACE('',#2461,6.883752128767E-02);
#2461 = AXIS2_PLACEMENT_3D('',#2462,#2463,#2464);
#2462 = CARTESIAN_POINT('',(0.139097498036,-0.291158771695,
    0.418983007146));
#2463 = DIRECTION('',(1.899571590547E-10,-3.859256819877E-08,-1.));
#2464 = DIRECTION('',(-0.520481482446,-0.853872956845,3.285428113637E-08
    ));
#2465 = ADVANCED_FACE('',(#2466),#2492,.F.);
#2466 = FACE_BOUND('',#2467,.F.);
#2467 = EDGE_LOOP('',(#2468,#2476,#2477,#2485));
#2468 = ORIENTED_EDGE('',*,*,#2469,.F.);
#2469 = EDGE_CURVE('',#2188,#2470,#2472,.T.);
#2470 = VERTEX_POINT('',#2471);
#2471 = CARTESIAN_POINT('',(-0.247394551751,-0.319987235416,
    0.408983008185));
#2472 = LINE('',#2473,#2474);
#2473 = CARTESIAN_POINT('',(-0.24705377324,-0.319865186713,0.41898300818
    ));
#2474 = VECTOR('',#2475,1.);
#2475 = DIRECTION('',(1.899571590547E-10,-3.859256819877E-08,-1.));
#2476 = ORIENTED_EDGE('',*,*,#2187,.T.);
#2477 = ORIENTED_EDGE('',*,*,#2478,.T.);
#2478 = EDGE_CURVE('',#2190,#2479,#2481,.T.);
#2479 = VERTEX_POINT('',#2480);
#2480 = CARTESIAN_POINT('',(-0.267075655511,-0.19147208384,
    0.408983003221));
#2481 = LINE('',#2482,#2483);
#2482 = CARTESIAN_POINT('',(-0.267075655513,-0.191472083454,
    0.418983003221));
#2483 = VECTOR('',#2484,1.);
#2484 = DIRECTION('',(1.899571590547E-10,-3.859256819877E-08,-1.));
#2485 = ORIENTED_EDGE('',*,*,#2486,.F.);
#2486 = EDGE_CURVE('',#2470,#2479,#2487,.T.);
#2487 = CIRCLE('',#2488,0.310271589742);
#2488 = AXIS2_PLACEMENT_3D('',#2489,#2490,#2491);
#2489 = CARTESIAN_POINT('',(4.257613711979E-02,-0.211073785852,
    0.408983004037));
#2490 = DIRECTION('',(1.899571590547E-10,-3.859256819877E-08,-1.));
#2491 = DIRECTION('',(-1.,-7.657069556151E-10,-1.899571295041E-10));
#2492 = CYLINDRICAL_SURFACE('',#2493,0.310271589742);
#2493 = AXIS2_PLACEMENT_3D('',#2494,#2495,#2496);
#2494 = CARTESIAN_POINT('',(4.257613711789E-02,-0.211073785466,
    0.418983004037));
#2495 = DIRECTION('',(1.899571590547E-10,-3.859256819877E-08,-1.));
#2496 = DIRECTION('',(-0.983233037933,-0.182353483971,6.850717111862E-09
    ));
#2497 = ADVANCED_FACE('',(#2498),#2517,.F.);
#2498 = FACE_BOUND('',#2499,.F.);
#2499 = EDGE_LOOP('',(#2500,#2501,#2502,#2510));
#2500 = ORIENTED_EDGE('',*,*,#2478,.F.);
#2501 = ORIENTED_EDGE('',*,*,#2198,.T.);
#2502 = ORIENTED_EDGE('',*,*,#2503,.T.);
#2503 = EDGE_CURVE('',#2199,#2504,#2506,.T.);
#2504 = VERTEX_POINT('',#2505);
#2505 = CARTESIAN_POINT('',(-0.247407446379,-6.337026942743E-02,
    0.408982998281));
#2506 = LINE('',#2507,#2508);
#2507 = CARTESIAN_POINT('',(-0.247053773436,-6.349790360223E-02,
    0.418982998286));
#2508 = VECTOR('',#2509,1.);
#2509 = DIRECTION('',(1.899571590547E-10,-3.859256819877E-08,-1.));
#2510 = ORIENTED_EDGE('',*,*,#2511,.F.);
#2511 = EDGE_CURVE('',#2479,#2504,#2512,.T.);
#2512 = CIRCLE('',#2513,0.308235581238);
#2513 = AXIS2_PLACEMENT_3D('',#2514,#2515,#2516);
#2514 = CARTESIAN_POINT('',(4.053758698119E-02,-0.171894888311,
    0.408983002524));
#2515 = DIRECTION('',(1.899571590547E-10,-3.859256819877E-08,-1.));
#2516 = DIRECTION('',(-1.,-7.657069556151E-10,-1.899571295041E-10));
#2517 = CYLINDRICAL_SURFACE('',#2518,0.308235581238);
#2518 = AXIS2_PLACEMENT_3D('',#2519,#2520,#2521);
#2519 = CARTESIAN_POINT('',(4.053758697929E-02,-0.171894887925,
    0.418983002524));
#2520 = DIRECTION('',(1.899571590547E-10,-3.859256819877E-08,-1.));
#2521 = DIRECTION('',(-0.983107394834,0.183029643016,-7.25033226826E-09)
  );
#2522 = ADVANCED_FACE('',(#2523),#2542,.F.);
#2523 = FACE_BOUND('',#2524,.F.);
#2524 = EDGE_LOOP('',(#2525,#2526,#2527,#2535));
#2525 = ORIENTED_EDGE('',*,*,#2503,.F.);
#2526 = ORIENTED_EDGE('',*,*,#2207,.T.);
#2527 = ORIENTED_EDGE('',*,*,#2528,.T.);
#2528 = EDGE_CURVE('',#2208,#2529,#2531,.T.);
#2529 = VERTEX_POINT('',#2530);
#2530 = CARTESIAN_POINT('',(-0.180904432469,-2.37741547665E-02,
    0.408982996766));
#2531 = LINE('',#2532,#2533);
#2532 = CARTESIAN_POINT('',(-0.180904432471,-2.377415438058E-02,
    0.418982996766));
#2533 = VECTOR('',#2534,1.);
#2534 = DIRECTION('',(1.899571590547E-10,-3.859256819877E-08,-1.));
#2535 = ORIENTED_EDGE('',*,*,#2536,.F.);
#2536 = EDGE_CURVE('',#2504,#2529,#2537,.T.);
#2537 = CIRCLE('',#2538,6.890147167875E-02);
#2538 = AXIS2_PLACEMENT_3D('',#2539,#2540,#2541);
#2539 = CARTESIAN_POINT('',(-0.184435596132,-9.258508182541E-02,
    0.408982999421));
#2540 = DIRECTION('',(1.899571590547E-10,-3.859256819877E-08,-1.));
#2541 = DIRECTION('',(-1.,-7.657069556151E-10,-1.899571295041E-10));
#2542 = CYLINDRICAL_SURFACE('',#2543,6.890147167875E-02);
#2543 = AXIS2_PLACEMENT_3D('',#2544,#2545,#2546);
#2544 = CARTESIAN_POINT('',(-0.184435596134,-9.258508143948E-02,
    0.418982999421));
#2545 = DIRECTION('',(1.899571590547E-10,-3.859256819877E-08,-1.));
#2546 = DIRECTION('',(-0.518210814428,0.855252916867,-3.310484437549E-08
    ));
#2547 = ADVANCED_FACE('',(#2548),#2567,.F.);
#2548 = FACE_BOUND('',#2549,.F.);
#2549 = EDGE_LOOP('',(#2550,#2551,#2552,#2560));
#2550 = ORIENTED_EDGE('',*,*,#2528,.F.);
#2551 = ORIENTED_EDGE('',*,*,#2216,.T.);
#2552 = ORIENTED_EDGE('',*,*,#2553,.T.);
#2553 = EDGE_CURVE('',#2217,#2554,#2556,.T.);
#2554 = VERTEX_POINT('',#2555);
#2555 = CARTESIAN_POINT('',(-0.114649639629,-6.407242115577E-02,
    0.408982998334));
#2556 = LINE('',#2557,#2558);
#2557 = CARTESIAN_POINT('',(-0.114649639631,-6.407242076985E-02,
    0.418982998334));
#2558 = VECTOR('',#2559,1.);
#2559 = DIRECTION('',(1.899571590547E-10,-3.859256819877E-08,-1.));
#2560 = ORIENTED_EDGE('',*,*,#2561,.F.);
#2561 = EDGE_CURVE('',#2529,#2554,#2562,.T.);
#2562 = CIRCLE('',#2563,6.889798200126E-02);
#2563 = AXIS2_PLACEMENT_3D('',#2564,#2565,#2566);
#2564 = CARTESIAN_POINT('',(-0.17752075239,-9.258899788191E-02,
    0.408982999422));
#2565 = DIRECTION('',(1.899571590547E-10,-3.859256819877E-08,-1.));
#2566 = DIRECTION('',(-1.,-7.657069556151E-10,-1.899571295041E-10));
#2567 = CYLINDRICAL_SURFACE('',#2568,6.889798200126E-02);
#2568 = AXIS2_PLACEMENT_3D('',#2569,#2570,#2571);
#2569 = CARTESIAN_POINT('',(-0.177520752392,-9.258899749599E-02,
    0.418982999422));
#2570 = DIRECTION('',(1.899571590547E-10,-3.859256819877E-08,-1.));
#2571 = DIRECTION('',(0.521551033548,0.853220088491,-3.282888210102E-08)
  );
#2572 = ADVANCED_FACE('',(#2573),#2591,.T.);
#2573 = FACE_BOUND('',#2574,.T.);
#2574 = EDGE_LOOP('',(#2575,#2583,#2589,#2590));
#2575 = ORIENTED_EDGE('',*,*,#2576,.F.);
#2576 = EDGE_CURVE('',#2577,#2554,#2579,.T.);
#2577 = VERTEX_POINT('',#2578);
#2578 = CARTESIAN_POINT('',(-9.409959873762E-02,-0.1915268677,
    0.408983003256));
#2579 = B_SPLINE_CURVE_WITH_KNOTS('',2,(#2580,#2581,#2582),
  .UNSPECIFIED.,.F.,.F.,(3,3),(0.,1.),.PIECEWISE_BEZIER_KNOTS.);
#2580 = CARTESIAN_POINT('',(-9.409959873762E-02,-0.1915268677,
    0.408983003256));
#2581 = CARTESIAN_POINT('',(-9.409959880422E-02,-0.104553791823,
    0.4089829999));
#2582 = CARTESIAN_POINT('',(-0.114649639629,-6.407242115577E-02,
    0.408982998334));
#2583 = ORIENTED_EDGE('',*,*,#2584,.F.);
#2584 = EDGE_CURVE('',#2226,#2577,#2585,.T.);
#2585 = LINE('',#2586,#2587);
#2586 = CARTESIAN_POINT('',(-9.409959873952E-02,-0.191526867314,
    0.418983003256));
#2587 = VECTOR('',#2588,1.);
#2588 = DIRECTION('',(1.899571590547E-10,-3.859256819877E-08,-1.));
#2589 = ORIENTED_EDGE('',*,*,#2225,.T.);
#2590 = ORIENTED_EDGE('',*,*,#2553,.T.);
#2591 = B_SPLINE_SURFACE_WITH_KNOTS('',3,1,(
    (#2592,#2593)
    ,(#2594,#2595)
    ,(#2596,#2597)
    ,(#2598,#2599
    )),.UNSPECIFIED.,.F.,.F.,.F.,(4,4),(2,2),(0.,1.),(0.,1.),
  .PIECEWISE_BEZIER_KNOTS.);
#2592 = CARTESIAN_POINT('',(-9.409959873952E-02,-0.191526867314,
    0.418983003256));
#2593 = CARTESIAN_POINT('',(-9.409959873762E-02,-0.1915268677,
    0.408983003256));
#2594 = CARTESIAN_POINT('',(-9.409959878392E-02,-0.133544816729,
    0.418983001019));
#2595 = CARTESIAN_POINT('',(-9.409959878202E-02,-0.133544817115,
    0.408983001019));
#2596 = CARTESIAN_POINT('',(-0.100949612414,-9.106000121469E-02,
    0.418982999378));
#2597 = CARTESIAN_POINT('',(-0.100949612413,-9.106000160061E-02,
    0.408982999378));
#2598 = CARTESIAN_POINT('',(-0.114649639631,-6.407242076985E-02,
    0.418982998334));
#2599 = CARTESIAN_POINT('',(-0.114649639629,-6.407242115577E-02,
    0.408982998334));
#2600 = ADVANCED_FACE('',(#2601),#2620,.F.);
#2601 = FACE_BOUND('',#2602,.F.);
#2602 = EDGE_LOOP('',(#2603,#2604,#2605,#2613));
#2603 = ORIENTED_EDGE('',*,*,#2584,.F.);
#2604 = ORIENTED_EDGE('',*,*,#2233,.T.);
#2605 = ORIENTED_EDGE('',*,*,#2606,.T.);
#2606 = EDGE_CURVE('',#2234,#2607,#2609,.T.);
#2607 = VERTEX_POINT('',#2608);
#2608 = CARTESIAN_POINT('',(-0.114325940212,-0.319450303971,
    0.408983008189));
#2609 = LINE('',#2610,#2611);
#2610 = CARTESIAN_POINT('',(-0.114649639436,-0.319334862979,
    0.418983008185));
#2611 = VECTOR('',#2612,1.);
#2612 = DIRECTION('',(1.899571590547E-10,-3.859256819877E-08,-1.));
#2613 = ORIENTED_EDGE('',*,*,#2614,.F.);
#2614 = EDGE_CURVE('',#2577,#2607,#2615,.T.);
#2615 = CIRCLE('',#2616,0.312272895183);
#2616 = AXIS2_PLACEMENT_3D('',#2617,#2618,#2619);
#2617 = CARTESIAN_POINT('',(-0.406465026717,-0.210549509631,
    0.408983003931));
#2618 = DIRECTION('',(1.899571590547E-10,-3.859256819877E-08,-1.));
#2619 = DIRECTION('',(-1.,-7.657069556151E-10,-1.899571295041E-10));
#2620 = CYLINDRICAL_SURFACE('',#2621,0.312272895183);
#2621 = AXIS2_PLACEMENT_3D('',#2622,#2623,#2624);
#2622 = CARTESIAN_POINT('',(-0.406465026719,-0.210549509245,
    0.418983003931));
#2623 = DIRECTION('',(1.899571590547E-10,-3.859256819877E-08,-1.));
#2624 = DIRECTION('',(0.983529829639,-0.18074588297,7.162276347449E-09)
  );
#2625 = ADVANCED_FACE('',(#2626),#2645,.F.);
#2626 = FACE_BOUND('',#2627,.F.);
#2627 = EDGE_LOOP('',(#2628,#2629,#2630,#2638));
#2628 = ORIENTED_EDGE('',*,*,#2606,.F.);
#2629 = ORIENTED_EDGE('',*,*,#2242,.T.);
#2630 = ORIENTED_EDGE('',*,*,#2631,.T.);
#2631 = EDGE_CURVE('',#2243,#2632,#2634,.T.);
#2632 = VERTEX_POINT('',#2633);
#2633 = CARTESIAN_POINT('',(-0.180880450183,-0.359910732453,
    0.408983009738));
#2634 = LINE('',#2635,#2636);
#2635 = CARTESIAN_POINT('',(-0.180880450185,-0.359910732068,
    0.418983009738));
#2636 = VECTOR('',#2637,1.);
#2637 = DIRECTION('',(1.899571590547E-10,-3.859256819877E-08,-1.));
#2638 = ORIENTED_EDGE('',*,*,#2639,.F.);
#2639 = EDGE_CURVE('',#2607,#2632,#2640,.T.);
#2640 = CIRCLE('',#2641,6.884765406185E-02);
#2641 = AXIS2_PLACEMENT_3D('',#2642,#2643,#2644);
#2642 = CARTESIAN_POINT('',(-0.177626943119,-0.291139996223,
    0.408983007085));
#2643 = DIRECTION('',(1.899571590547E-10,-3.859256819877E-08,-1.));
#2644 = DIRECTION('',(-1.,-7.657069556151E-10,-1.899571295041E-10));
#2645 = CYLINDRICAL_SURFACE('',#2646,6.884765406185E-02);
#2646 = AXIS2_PLACEMENT_3D('',#2647,#2648,#2649);
#2647 = CARTESIAN_POINT('',(-0.177626943121,-0.291139995837,
    0.418983007085));
#2648 = DIRECTION('',(1.899571590547E-10,-3.859256819877E-08,-1.));
#2649 = DIRECTION('',(0.523463492681,-0.852048104176,3.298216020699E-08)
  );
#2650 = ADVANCED_FACE('',(#2651),#2663,.F.);
#2651 = FACE_BOUND('',#2652,.F.);
#2652 = EDGE_LOOP('',(#2653,#2654,#2655,#2656));
#2653 = ORIENTED_EDGE('',*,*,#2631,.F.);
#2654 = ORIENTED_EDGE('',*,*,#2251,.T.);
#2655 = ORIENTED_EDGE('',*,*,#2469,.T.);
#2656 = ORIENTED_EDGE('',*,*,#2657,.F.);
#2657 = EDGE_CURVE('',#2632,#2470,#2658,.T.);
#2658 = CIRCLE('',#2659,6.883752128767E-02);
#2659 = AXIS2_PLACEMENT_3D('',#2660,#2661,#2662);
#2660 = CARTESIAN_POINT('',(-0.184311531062,-0.291158772328,
    0.408983007084));
#2661 = DIRECTION('',(1.899571590547E-10,-3.859256819877E-08,-1.));
#2662 = DIRECTION('',(-1.,-7.657069556151E-10,-1.899571295041E-10));
#2663 = CYLINDRICAL_SURFACE('',#2664,6.883752128767E-02);
#2664 = AXIS2_PLACEMENT_3D('',#2665,#2666,#2667);
#2665 = CARTESIAN_POINT('',(-0.184311531064,-0.291158771942,
    0.418983007084));
#2666 = DIRECTION('',(1.899571590547E-10,-3.859256819877E-08,-1.));
#2667 = DIRECTION('',(-0.520481482446,-0.853872956845,3.285428113637E-08
    ));
#2668 = ADVANCED_FACE('',(#2669),#2679,.T.);
#2669 = FACE_BOUND('',#2670,.T.);
#2670 = EDGE_LOOP('',(#2671,#2672,#2673,#2674,#2675,#2676,#2677,#2678));
#2671 = ORIENTED_EDGE('',*,*,#2308,.F.);
#2672 = ORIENTED_EDGE('',*,*,#2283,.F.);
#2673 = ORIENTED_EDGE('',*,*,#2454,.F.);
#2674 = ORIENTED_EDGE('',*,*,#2436,.F.);
#2675 = ORIENTED_EDGE('',*,*,#2411,.F.);
#2676 = ORIENTED_EDGE('',*,*,#2373,.T.);
#2677 = ORIENTED_EDGE('',*,*,#2358,.F.);
#2678 = ORIENTED_EDGE('',*,*,#2333,.F.);
#2679 = PLANE('',#2680);
#2680 = AXIS2_PLACEMENT_3D('',#2681,#2682,#2683);
#2681 = CARTESIAN_POINT('',(-1.578847555054E-02,-0.176932300277,
    0.408983002708));
#2682 = DIRECTION('',(-1.899571590547E-10,3.859256819877E-08,1.));
#2683 = DIRECTION('',(1.,7.657069556151E-10,1.899571295041E-10));
#2684 = ADVANCED_FACE('',(#2685),#2695,.T.);
#2685 = FACE_BOUND('',#2686,.T.);
#2686 = EDGE_LOOP('',(#2687,#2688,#2689,#2690,#2691,#2692,#2693,#2694));
#2687 = ORIENTED_EDGE('',*,*,#2511,.F.);
#2688 = ORIENTED_EDGE('',*,*,#2486,.F.);
#2689 = ORIENTED_EDGE('',*,*,#2657,.F.);
#2690 = ORIENTED_EDGE('',*,*,#2639,.F.);
#2691 = ORIENTED_EDGE('',*,*,#2614,.F.);
#2692 = ORIENTED_EDGE('',*,*,#2576,.T.);
#2693 = ORIENTED_EDGE('',*,*,#2561,.F.);
#2694 = ORIENTED_EDGE('',*,*,#2536,.F.);
#2695 = PLANE('',#2696);
#2696 = AXIS2_PLACEMENT_3D('',#2697,#2698,#2699);
#2697 = CARTESIAN_POINT('',(-1.578847555054E-02,-0.176932300277,
    0.408983002708));
#2698 = DIRECTION('',(-1.899571590547E-10,3.859256819877E-08,1.));
#2699 = DIRECTION('',(1.,7.657069556151E-10,1.899571295041E-10));
#2700 = ADVANCED_FACE('',(#2701),#2719,.T.);
#2701 = FACE_BOUND('',#2702,.T.);
#2702 = EDGE_LOOP('',(#2703,#2704,#2705,#2706,#2707,#2708,#2709,#2710,
    #2711,#2712,#2713,#2714,#2715,#2716,#2717,#2718));
#2703 = ORIENTED_EDGE('',*,*,#39,.F.);
#2704 = ORIENTED_EDGE('',*,*,#78,.T.);
#2705 = ORIENTED_EDGE('',*,*,#94,.T.);
#2706 = ORIENTED_EDGE('',*,*,#142,.T.);
#2707 = ORIENTED_EDGE('',*,*,#159,.T.);
#2708 = ORIENTED_EDGE('',*,*,#237,.F.);
#2709 = ORIENTED_EDGE('',*,*,#571,.T.);
#2710 = ORIENTED_EDGE('',*,*,#683,.T.);
#2711 = ORIENTED_EDGE('',*,*,#1879,.F.);
#2712 = ORIENTED_EDGE('',*,*,#2019,.F.);
#2713 = ORIENTED_EDGE('',*,*,#1942,.F.);
#2714 = ORIENTED_EDGE('',*,*,#1964,.F.);
#2715 = ORIENTED_EDGE('',*,*,#1997,.T.);
#2716 = ORIENTED_EDGE('',*,*,#1902,.T.);
#2717 = ORIENTED_EDGE('',*,*,#704,.F.);
#2718 = ORIENTED_EDGE('',*,*,#189,.F.);
#2719 = PLANE('',#2720);
#2720 = AXIS2_PLACEMENT_3D('',#2721,#2722,#2723);
#2721 = CARTESIAN_POINT('',(-1.57884750239E-02,-0.801932321975,
    0.156689023433));
#2722 = DIRECTION('',(-9.09811786277E-11,-1.,2.380461778866E-08));
#2723 = DIRECTION('',(1.155557966632E-33,-2.380461778866E-08,-1.));
#2724 = ADVANCED_FACE('',(#2725),#2743,.T.);
#2725 = FACE_BOUND('',#2726,.T.);
#2726 = EDGE_LOOP('',(#2727,#2728,#2729,#2730,#2731,#2732,#2733,#2734,
    #2735,#2736,#2737,#2738,#2739,#2740,#2741,#2742));
#2727 = ORIENTED_EDGE('',*,*,#103,.F.);
#2728 = ORIENTED_EDGE('',*,*,#61,.F.);
#2729 = ORIENTED_EDGE('',*,*,#21,.T.);
#2730 = ORIENTED_EDGE('',*,*,#205,.T.);
#2731 = ORIENTED_EDGE('',*,*,#713,.T.);
#2732 = ORIENTED_EDGE('',*,*,#1893,.F.);
#2733 = ORIENTED_EDGE('',*,*,#2004,.F.);
#2734 = ORIENTED_EDGE('',*,*,#1974,.T.);
#2735 = ORIENTED_EDGE('',*,*,#1924,.T.);
#2736 = ORIENTED_EDGE('',*,*,#2027,.T.);
#2737 = ORIENTED_EDGE('',*,*,#1872,.T.);
#2738 = ORIENTED_EDGE('',*,*,#690,.F.);
#2739 = ORIENTED_EDGE('',*,*,#580,.F.);
#2740 = ORIENTED_EDGE('',*,*,#221,.T.);
#2741 = ORIENTED_EDGE('',*,*,#175,.F.);
#2742 = ORIENTED_EDGE('',*,*,#125,.F.);
#2743 = PLANE('',#2744);
#2744 = AXIS2_PLACEMENT_3D('',#2745,#2746,#2747);
#2745 = CARTESIAN_POINT('',(-1.578847598103E-02,0.448067678025,
    0.156688997202));
#2746 = DIRECTION('',(9.098121608347E-11,1.,-2.380461276095E-08));
#2747 = DIRECTION('',(-1.155557966632E-33,2.380461276095E-08,1.));
#2748 = ( GEOMETRIC_REPRESENTATION_CONTEXT(3) 
GLOBAL_UNCERTAINTY_ASSIGNED_CONTEXT((#2752)) 
GLOBAL_UNIT_ASSIGNED_CONTEXT((#2749,#2750,#2751)) REPRESENTATION_CONTEXT
('Context #1','3D Context with UNIT and UNCERTAINTY') );
#2749 = ( LENGTH_UNIT() NAMED_UNIT(*) SI_UNIT(.MILLI.,.METRE.) );
#2750 = ( NAMED_UNIT(*) PLANE_ANGLE_UNIT() SI_UNIT($,.RADIAN.) );
#2751 = ( NAMED_UNIT(*) SI_UNIT($,.STERADIAN.) SOLID_ANGLE_UNIT() );
#2752 = UNCERTAINTY_MEASURE_WITH_UNIT(LENGTH_MEASURE(2.E-04),#2749,
  'distance_accuracy_value','confusion accuracy');
#2753 = PRODUCT_RELATED_PRODUCT_CATEGORY('part',$,(#7));
#2754 = MECHANICAL_DESIGN_GEOMETRIC_PRESENTATION_REPRESENTATION('',(
    #2755,#2766,#2774,#2781,#2788,#2796,#2804,#2811,#2818,#2825,#2832,
    #2839,#2846,#2853,#2860,#2867,#2874,#2881,#2888,#2895,#2902,#2909,
    #2916,#2923,#2930,#2937,#2944,#2951,#2958,#2965,#2972,#2979,#2986,
    #2993,#3000,#3007,#3014,#3021,#3028,#3035,#3042,#3049,#3056,#3063,
    #3070,#3077,#3084,#3091,#3098,#3105,#3112,#3120,#3127,#3134,#3141,
    #3148,#3155,#3162,#3169,#3176,#3183,#3190,#3197,#3204,#3211,#3218,
    #3225,#3232,#3239,#3246,#3253,#3260,#3267,#3274,#3281,#3288,#3295,
    #3302),#2748);
#2755 = STYLED_ITEM('color',(#2756),#15);
#2756 = PRESENTATION_STYLE_ASSIGNMENT((#2757,#2763));
#2757 = SURFACE_STYLE_USAGE(.BOTH.,#2758);
#2758 = SURFACE_SIDE_STYLE('',(#2759));
#2759 = SURFACE_STYLE_FILL_AREA(#2760);
#2760 = FILL_AREA_STYLE('',(#2761));
#2761 = FILL_AREA_STYLE_COLOUR('',#2762);
#2762 = COLOUR_RGB('',0.623529443769,0.666666687201,0.701960807317);
#2763 = CURVE_STYLE('',#2764,POSITIVE_LENGTH_MEASURE(0.1),#2765);
#2764 = DRAUGHTING_PRE_DEFINED_CURVE_FONT('continuous');
#2765 = COLOUR_RGB('',9.803921802644E-02,9.803921802644E-02,
  9.803921802644E-02);
#2766 = OVER_RIDING_STYLED_ITEM('overriding color',(#2767),#216,#2755);
#2767 = PRESENTATION_STYLE_ASSIGNMENT((#2768));
#2768 = SURFACE_STYLE_USAGE(.BOTH.,#2769);
#2769 = SURFACE_SIDE_STYLE('',(#2770));
#2770 = SURFACE_STYLE_FILL_AREA(#2771);
#2771 = FILL_AREA_STYLE('',(#2772));
#2772 = FILL_AREA_STYLE_COLOUR('',#2773);
#2773 = DRAUGHTING_PRE_DEFINED_COLOUR('black');
#2774 = OVER_RIDING_STYLED_ITEM('overriding color',(#2775),#247,#2755);
#2775 = PRESENTATION_STYLE_ASSIGNMENT((#2776));
#2776 = SURFACE_STYLE_USAGE(.BOTH.,#2777);
#2777 = SURFACE_SIDE_STYLE('',(#2778));
#2778 = SURFACE_STYLE_FILL_AREA(#2779);
#2779 = FILL_AREA_STYLE('',(#2780));
#2780 = FILL_AREA_STYLE_COLOUR('',#2773);
#2781 = OVER_RIDING_STYLED_ITEM('overriding color',(#2782),#669,#2755);
#2782 = PRESENTATION_STYLE_ASSIGNMENT((#2783));
#2783 = SURFACE_STYLE_USAGE(.BOTH.,#2784);
#2784 = SURFACE_SIDE_STYLE('',(#2785));
#2785 = SURFACE_STYLE_FILL_AREA(#2786);
#2786 = FILL_AREA_STYLE('',(#2787));
#2787 = FILL_AREA_STYLE_COLOUR('',#2773);
#2788 = OVER_RIDING_STYLED_ITEM('overriding color',(#2789),#700,#2755);
#2789 = PRESENTATION_STYLE_ASSIGNMENT((#2790));
#2790 = SURFACE_STYLE_USAGE(.BOTH.,#2791);
#2791 = SURFACE_SIDE_STYLE('',(#2792));
#2792 = SURFACE_STYLE_FILL_AREA(#2793);
#2793 = FILL_AREA_STYLE('',(#2794));
#2794 = FILL_AREA_STYLE_COLOUR('',#2795);
#2795 = COLOUR_RGB('',0.984313737446,0.976470577825,0.976470577825);
#2796 = OVER_RIDING_STYLED_ITEM('overriding color',(#2797),#731,#2755);
#2797 = PRESENTATION_STYLE_ASSIGNMENT((#2798));
#2798 = SURFACE_STYLE_USAGE(.BOTH.,#2799);
#2799 = SURFACE_SIDE_STYLE('',(#2800));
#2800 = SURFACE_STYLE_FILL_AREA(#2801);
#2801 = FILL_AREA_STYLE('',(#2802));
#2802 = FILL_AREA_STYLE_COLOUR('',#2803);
#2803 = DRAUGHTING_PRE_DEFINED_COLOUR('white');
#2804 = OVER_RIDING_STYLED_ITEM('overriding color',(#2805),#763,#2755);
#2805 = PRESENTATION_STYLE_ASSIGNMENT((#2806));
#2806 = SURFACE_STYLE_USAGE(.BOTH.,#2807);
#2807 = SURFACE_SIDE_STYLE('',(#2808));
#2808 = SURFACE_STYLE_FILL_AREA(#2809);
#2809 = FILL_AREA_STYLE('',(#2810));
#2810 = FILL_AREA_STYLE_COLOUR('',#2803);
#2811 = OVER_RIDING_STYLED_ITEM('overriding color',(#2812),#791,#2755);
#2812 = PRESENTATION_STYLE_ASSIGNMENT((#2813));
#2813 = SURFACE_STYLE_USAGE(.BOTH.,#2814);
#2814 = SURFACE_SIDE_STYLE('',(#2815));
#2815 = SURFACE_STYLE_FILL_AREA(#2816);
#2816 = FILL_AREA_STYLE('',(#2817));
#2817 = FILL_AREA_STYLE_COLOUR('',#2803);
#2818 = OVER_RIDING_STYLED_ITEM('overriding color',(#2819),#816,#2755);
#2819 = PRESENTATION_STYLE_ASSIGNMENT((#2820));
#2820 = SURFACE_STYLE_USAGE(.BOTH.,#2821);
#2821 = SURFACE_SIDE_STYLE('',(#2822));
#2822 = SURFACE_STYLE_FILL_AREA(#2823);
#2823 = FILL_AREA_STYLE('',(#2824));
#2824 = FILL_AREA_STYLE_COLOUR('',#2803);
#2825 = OVER_RIDING_STYLED_ITEM('overriding color',(#2826),#841,#2755);
#2826 = PRESENTATION_STYLE_ASSIGNMENT((#2827));
#2827 = SURFACE_STYLE_USAGE(.BOTH.,#2828);
#2828 = SURFACE_SIDE_STYLE('',(#2829));
#2829 = SURFACE_STYLE_FILL_AREA(#2830);
#2830 = FILL_AREA_STYLE('',(#2831));
#2831 = FILL_AREA_STYLE_COLOUR('',#2803);
#2832 = OVER_RIDING_STYLED_ITEM('overriding color',(#2833),#869,#2755);
#2833 = PRESENTATION_STYLE_ASSIGNMENT((#2834));
#2834 = SURFACE_STYLE_USAGE(.BOTH.,#2835);
#2835 = SURFACE_SIDE_STYLE('',(#2836));
#2836 = SURFACE_STYLE_FILL_AREA(#2837);
#2837 = FILL_AREA_STYLE('',(#2838));
#2838 = FILL_AREA_STYLE_COLOUR('',#2803);
#2839 = OVER_RIDING_STYLED_ITEM('overriding color',(#2840),#897,#2755);
#2840 = PRESENTATION_STYLE_ASSIGNMENT((#2841));
#2841 = SURFACE_STYLE_USAGE(.BOTH.,#2842);
#2842 = SURFACE_SIDE_STYLE('',(#2843));
#2843 = SURFACE_STYLE_FILL_AREA(#2844);
#2844 = FILL_AREA_STYLE('',(#2845));
#2845 = FILL_AREA_STYLE_COLOUR('',#2803);
#2846 = OVER_RIDING_STYLED_ITEM('overriding color',(#2847),#922,#2755);
#2847 = PRESENTATION_STYLE_ASSIGNMENT((#2848));
#2848 = SURFACE_STYLE_USAGE(.BOTH.,#2849);
#2849 = SURFACE_SIDE_STYLE('',(#2850));
#2850 = SURFACE_STYLE_FILL_AREA(#2851);
#2851 = FILL_AREA_STYLE('',(#2852));
#2852 = FILL_AREA_STYLE_COLOUR('',#2803);
#2853 = OVER_RIDING_STYLED_ITEM('overriding color',(#2854),#940,#2755);
#2854 = PRESENTATION_STYLE_ASSIGNMENT((#2855));
#2855 = SURFACE_STYLE_USAGE(.BOTH.,#2856);
#2856 = SURFACE_SIDE_STYLE('',(#2857));
#2857 = SURFACE_STYLE_FILL_AREA(#2858);
#2858 = FILL_AREA_STYLE('',(#2859));
#2859 = FILL_AREA_STYLE_COLOUR('',#2803);
#2860 = OVER_RIDING_STYLED_ITEM('overriding color',(#2861),#971,#2755);
#2861 = PRESENTATION_STYLE_ASSIGNMENT((#2862));
#2862 = SURFACE_STYLE_USAGE(.BOTH.,#2863);
#2863 = SURFACE_SIDE_STYLE('',(#2864));
#2864 = SURFACE_STYLE_FILL_AREA(#2865);
#2865 = FILL_AREA_STYLE('',(#2866));
#2866 = FILL_AREA_STYLE_COLOUR('',#2803);
#2867 = OVER_RIDING_STYLED_ITEM('overriding color',(#2868),#995,#2755);
#2868 = PRESENTATION_STYLE_ASSIGNMENT((#2869));
#2869 = SURFACE_STYLE_USAGE(.BOTH.,#2870);
#2870 = SURFACE_SIDE_STYLE('',(#2871));
#2871 = SURFACE_STYLE_FILL_AREA(#2872);
#2872 = FILL_AREA_STYLE('',(#2873));
#2873 = FILL_AREA_STYLE_COLOUR('',#2803);
#2874 = OVER_RIDING_STYLED_ITEM('overriding color',(#2875),#1020,#2755);
#2875 = PRESENTATION_STYLE_ASSIGNMENT((#2876));
#2876 = SURFACE_STYLE_USAGE(.BOTH.,#2877);
#2877 = SURFACE_SIDE_STYLE('',(#2878));
#2878 = SURFACE_STYLE_FILL_AREA(#2879);
#2879 = FILL_AREA_STYLE('',(#2880));
#2880 = FILL_AREA_STYLE_COLOUR('',#2803);
#2881 = OVER_RIDING_STYLED_ITEM('overriding color',(#2882),#1044,#2755);
#2882 = PRESENTATION_STYLE_ASSIGNMENT((#2883));
#2883 = SURFACE_STYLE_USAGE(.BOTH.,#2884);
#2884 = SURFACE_SIDE_STYLE('',(#2885));
#2885 = SURFACE_STYLE_FILL_AREA(#2886);
#2886 = FILL_AREA_STYLE('',(#2887));
#2887 = FILL_AREA_STYLE_COLOUR('',#2803);
#2888 = OVER_RIDING_STYLED_ITEM('overriding color',(#2889),#1068,#2755);
#2889 = PRESENTATION_STYLE_ASSIGNMENT((#2890));
#2890 = SURFACE_STYLE_USAGE(.BOTH.,#2891);
#2891 = SURFACE_SIDE_STYLE('',(#2892));
#2892 = SURFACE_STYLE_FILL_AREA(#2893);
#2893 = FILL_AREA_STYLE('',(#2894));
#2894 = FILL_AREA_STYLE_COLOUR('',#2803);
#2895 = OVER_RIDING_STYLED_ITEM('overriding color',(#2896),#1092,#2755);
#2896 = PRESENTATION_STYLE_ASSIGNMENT((#2897));
#2897 = SURFACE_STYLE_USAGE(.BOTH.,#2898);
#2898 = SURFACE_SIDE_STYLE('',(#2899));
#2899 = SURFACE_STYLE_FILL_AREA(#2900);
#2900 = FILL_AREA_STYLE('',(#2901));
#2901 = FILL_AREA_STYLE_COLOUR('',#2803);
#2902 = OVER_RIDING_STYLED_ITEM('overriding color',(#2903),#1116,#2755);
#2903 = PRESENTATION_STYLE_ASSIGNMENT((#2904));
#2904 = SURFACE_STYLE_USAGE(.BOTH.,#2905);
#2905 = SURFACE_SIDE_STYLE('',(#2906));
#2906 = SURFACE_STYLE_FILL_AREA(#2907);
#2907 = FILL_AREA_STYLE('',(#2908));
#2908 = FILL_AREA_STYLE_COLOUR('',#2803);
#2909 = OVER_RIDING_STYLED_ITEM('overriding color',(#2910),#1140,#2755);
#2910 = PRESENTATION_STYLE_ASSIGNMENT((#2911));
#2911 = SURFACE_STYLE_USAGE(.BOTH.,#2912);
#2912 = SURFACE_SIDE_STYLE('',(#2913));
#2913 = SURFACE_STYLE_FILL_AREA(#2914);
#2914 = FILL_AREA_STYLE('',(#2915));
#2915 = FILL_AREA_STYLE_COLOUR('',#2803);
#2916 = OVER_RIDING_STYLED_ITEM('overriding color',(#2917),#1157,#2755);
#2917 = PRESENTATION_STYLE_ASSIGNMENT((#2918));
#2918 = SURFACE_STYLE_USAGE(.BOTH.,#2919);
#2919 = SURFACE_SIDE_STYLE('',(#2920));
#2920 = SURFACE_STYLE_FILL_AREA(#2921);
#2921 = FILL_AREA_STYLE('',(#2922));
#2922 = FILL_AREA_STYLE_COLOUR('',#2803);
#2923 = OVER_RIDING_STYLED_ITEM('overriding color',(#2924),#1188,#2755);
#2924 = PRESENTATION_STYLE_ASSIGNMENT((#2925));
#2925 = SURFACE_STYLE_USAGE(.BOTH.,#2926);
#2926 = SURFACE_SIDE_STYLE('',(#2927));
#2927 = SURFACE_STYLE_FILL_AREA(#2928);
#2928 = FILL_AREA_STYLE('',(#2929));
#2929 = FILL_AREA_STYLE_COLOUR('',#2803);
#2930 = OVER_RIDING_STYLED_ITEM('overriding color',(#2931),#1212,#2755);
#2931 = PRESENTATION_STYLE_ASSIGNMENT((#2932));
#2932 = SURFACE_STYLE_USAGE(.BOTH.,#2933);
#2933 = SURFACE_SIDE_STYLE('',(#2934));
#2934 = SURFACE_STYLE_FILL_AREA(#2935);
#2935 = FILL_AREA_STYLE('',(#2936));
#2936 = FILL_AREA_STYLE_COLOUR('',#2803);
#2937 = OVER_RIDING_STYLED_ITEM('overriding color',(#2938),#1236,#2755);
#2938 = PRESENTATION_STYLE_ASSIGNMENT((#2939));
#2939 = SURFACE_STYLE_USAGE(.BOTH.,#2940);
#2940 = SURFACE_SIDE_STYLE('',(#2941));
#2941 = SURFACE_STYLE_FILL_AREA(#2942);
#2942 = FILL_AREA_STYLE('',(#2943));
#2943 = FILL_AREA_STYLE_COLOUR('',#2803);
#2944 = OVER_RIDING_STYLED_ITEM('overriding color',(#2945),#1261,#2755);
#2945 = PRESENTATION_STYLE_ASSIGNMENT((#2946));
#2946 = SURFACE_STYLE_USAGE(.BOTH.,#2947);
#2947 = SURFACE_SIDE_STYLE('',(#2948));
#2948 = SURFACE_STYLE_FILL_AREA(#2949);
#2949 = FILL_AREA_STYLE('',(#2950));
#2950 = FILL_AREA_STYLE_COLOUR('',#2803);
#2951 = OVER_RIDING_STYLED_ITEM('overriding color',(#2952),#1286,#2755);
#2952 = PRESENTATION_STYLE_ASSIGNMENT((#2953));
#2953 = SURFACE_STYLE_USAGE(.BOTH.,#2954);
#2954 = SURFACE_SIDE_STYLE('',(#2955));
#2955 = SURFACE_STYLE_FILL_AREA(#2956);
#2956 = FILL_AREA_STYLE('',(#2957));
#2957 = FILL_AREA_STYLE_COLOUR('',#2803);
#2958 = OVER_RIDING_STYLED_ITEM('overriding color',(#2959),#1311,#2755);
#2959 = PRESENTATION_STYLE_ASSIGNMENT((#2960));
#2960 = SURFACE_STYLE_USAGE(.BOTH.,#2961);
#2961 = SURFACE_SIDE_STYLE('',(#2962));
#2962 = SURFACE_STYLE_FILL_AREA(#2963);
#2963 = FILL_AREA_STYLE('',(#2964));
#2964 = FILL_AREA_STYLE_COLOUR('',#2803);
#2965 = OVER_RIDING_STYLED_ITEM('overriding color',(#2966),#1336,#2755);
#2966 = PRESENTATION_STYLE_ASSIGNMENT((#2967));
#2967 = SURFACE_STYLE_USAGE(.BOTH.,#2968);
#2968 = SURFACE_SIDE_STYLE('',(#2969));
#2969 = SURFACE_STYLE_FILL_AREA(#2970);
#2970 = FILL_AREA_STYLE('',(#2971));
#2971 = FILL_AREA_STYLE_COLOUR('',#2803);
#2972 = OVER_RIDING_STYLED_ITEM('overriding color',(#2973),#1361,#2755);
#2973 = PRESENTATION_STYLE_ASSIGNMENT((#2974));
#2974 = SURFACE_STYLE_USAGE(.BOTH.,#2975);
#2975 = SURFACE_SIDE_STYLE('',(#2976));
#2976 = SURFACE_STYLE_FILL_AREA(#2977);
#2977 = FILL_AREA_STYLE('',(#2978));
#2978 = FILL_AREA_STYLE_COLOUR('',#2803);
#2979 = OVER_RIDING_STYLED_ITEM('overriding color',(#2980),#1386,#2755);
#2980 = PRESENTATION_STYLE_ASSIGNMENT((#2981));
#2981 = SURFACE_STYLE_USAGE(.BOTH.,#2982);
#2982 = SURFACE_SIDE_STYLE('',(#2983));
#2983 = SURFACE_STYLE_FILL_AREA(#2984);
#2984 = FILL_AREA_STYLE('',(#2985));
#2985 = FILL_AREA_STYLE_COLOUR('',#2803);
#2986 = OVER_RIDING_STYLED_ITEM('overriding color',(#2987),#1411,#2755);
#2987 = PRESENTATION_STYLE_ASSIGNMENT((#2988));
#2988 = SURFACE_STYLE_USAGE(.BOTH.,#2989);
#2989 = SURFACE_SIDE_STYLE('',(#2990));
#2990 = SURFACE_STYLE_FILL_AREA(#2991);
#2991 = FILL_AREA_STYLE('',(#2992));
#2992 = FILL_AREA_STYLE_COLOUR('',#2803);
#2993 = OVER_RIDING_STYLED_ITEM('overriding color',(#2994),#1435,#2755);
#2994 = PRESENTATION_STYLE_ASSIGNMENT((#2995));
#2995 = SURFACE_STYLE_USAGE(.BOTH.,#2996);
#2996 = SURFACE_SIDE_STYLE('',(#2997));
#2997 = SURFACE_STYLE_FILL_AREA(#2998);
#2998 = FILL_AREA_STYLE('',(#2999));
#2999 = FILL_AREA_STYLE_COLOUR('',#2803);
#3000 = OVER_RIDING_STYLED_ITEM('overriding color',(#3001),#1460,#2755);
#3001 = PRESENTATION_STYLE_ASSIGNMENT((#3002));
#3002 = SURFACE_STYLE_USAGE(.BOTH.,#3003);
#3003 = SURFACE_SIDE_STYLE('',(#3004));
#3004 = SURFACE_STYLE_FILL_AREA(#3005);
#3005 = FILL_AREA_STYLE('',(#3006));
#3006 = FILL_AREA_STYLE_COLOUR('',#2803);
#3007 = OVER_RIDING_STYLED_ITEM('overriding color',(#3008),#1485,#2755);
#3008 = PRESENTATION_STYLE_ASSIGNMENT((#3009));
#3009 = SURFACE_STYLE_USAGE(.BOTH.,#3010);
#3010 = SURFACE_SIDE_STYLE('',(#3011));
#3011 = SURFACE_STYLE_FILL_AREA(#3012);
#3012 = FILL_AREA_STYLE('',(#3013));
#3013 = FILL_AREA_STYLE_COLOUR('',#2803);
#3014 = OVER_RIDING_STYLED_ITEM('overriding color',(#3015),#1510,#2755);
#3015 = PRESENTATION_STYLE_ASSIGNMENT((#3016));
#3016 = SURFACE_STYLE_USAGE(.BOTH.,#3017);
#3017 = SURFACE_SIDE_STYLE('',(#3018));
#3018 = SURFACE_STYLE_FILL_AREA(#3019);
#3019 = FILL_AREA_STYLE('',(#3020));
#3020 = FILL_AREA_STYLE_COLOUR('',#2803);
#3021 = OVER_RIDING_STYLED_ITEM('overriding color',(#3022),#1535,#2755);
#3022 = PRESENTATION_STYLE_ASSIGNMENT((#3023));
#3023 = SURFACE_STYLE_USAGE(.BOTH.,#3024);
#3024 = SURFACE_SIDE_STYLE('',(#3025));
#3025 = SURFACE_STYLE_FILL_AREA(#3026);
#3026 = FILL_AREA_STYLE('',(#3027));
#3027 = FILL_AREA_STYLE_COLOUR('',#2803);
#3028 = OVER_RIDING_STYLED_ITEM('overriding color',(#3029),#1560,#2755);
#3029 = PRESENTATION_STYLE_ASSIGNMENT((#3030));
#3030 = SURFACE_STYLE_USAGE(.BOTH.,#3031);
#3031 = SURFACE_SIDE_STYLE('',(#3032));
#3032 = SURFACE_STYLE_FILL_AREA(#3033);
#3033 = FILL_AREA_STYLE('',(#3034));
#3034 = FILL_AREA_STYLE_COLOUR('',#2803);
#3035 = OVER_RIDING_STYLED_ITEM('overriding color',(#3036),#1584,#2755);
#3036 = PRESENTATION_STYLE_ASSIGNMENT((#3037));
#3037 = SURFACE_STYLE_USAGE(.BOTH.,#3038);
#3038 = SURFACE_SIDE_STYLE('',(#3039));
#3039 = SURFACE_STYLE_FILL_AREA(#3040);
#3040 = FILL_AREA_STYLE('',(#3041));
#3041 = FILL_AREA_STYLE_COLOUR('',#2803);
#3042 = OVER_RIDING_STYLED_ITEM('overriding color',(#3043),#1608,#2755);
#3043 = PRESENTATION_STYLE_ASSIGNMENT((#3044));
#3044 = SURFACE_STYLE_USAGE(.BOTH.,#3045);
#3045 = SURFACE_SIDE_STYLE('',(#3046));
#3046 = SURFACE_STYLE_FILL_AREA(#3047);
#3047 = FILL_AREA_STYLE('',(#3048));
#3048 = FILL_AREA_STYLE_COLOUR('',#2803);
#3049 = OVER_RIDING_STYLED_ITEM('overriding color',(#3050),#1632,#2755);
#3050 = PRESENTATION_STYLE_ASSIGNMENT((#3051));
#3051 = SURFACE_STYLE_USAGE(.BOTH.,#3052);
#3052 = SURFACE_SIDE_STYLE('',(#3053));
#3053 = SURFACE_STYLE_FILL_AREA(#3054);
#3054 = FILL_AREA_STYLE('',(#3055));
#3055 = FILL_AREA_STYLE_COLOUR('',#2803);
#3056 = OVER_RIDING_STYLED_ITEM('overriding color',(#3057),#1649,#2755);
#3057 = PRESENTATION_STYLE_ASSIGNMENT((#3058));
#3058 = SURFACE_STYLE_USAGE(.BOTH.,#3059);
#3059 = SURFACE_SIDE_STYLE('',(#3060));
#3060 = SURFACE_STYLE_FILL_AREA(#3061);
#3061 = FILL_AREA_STYLE('',(#3062));
#3062 = FILL_AREA_STYLE_COLOUR('',#2803);
#3063 = OVER_RIDING_STYLED_ITEM('overriding color',(#3064),#1681,#2755);
#3064 = PRESENTATION_STYLE_ASSIGNMENT((#3065));
#3065 = SURFACE_STYLE_USAGE(.BOTH.,#3066);
#3066 = SURFACE_SIDE_STYLE('',(#3067));
#3067 = SURFACE_STYLE_FILL_AREA(#3068);
#3068 = FILL_AREA_STYLE('',(#3069));
#3069 = FILL_AREA_STYLE_COLOUR('',#2803);
#3070 = OVER_RIDING_STYLED_ITEM('overriding color',(#3071),#1709,#2755);
#3071 = PRESENTATION_STYLE_ASSIGNMENT((#3072));
#3072 = SURFACE_STYLE_USAGE(.BOTH.,#3073);
#3073 = SURFACE_SIDE_STYLE('',(#3074));
#3074 = SURFACE_STYLE_FILL_AREA(#3075);
#3075 = FILL_AREA_STYLE('',(#3076));
#3076 = FILL_AREA_STYLE_COLOUR('',#2803);
#3077 = OVER_RIDING_STYLED_ITEM('overriding color',(#3078),#1734,#2755);
#3078 = PRESENTATION_STYLE_ASSIGNMENT((#3079));
#3079 = SURFACE_STYLE_USAGE(.BOTH.,#3080);
#3080 = SURFACE_SIDE_STYLE('',(#3081));
#3081 = SURFACE_STYLE_FILL_AREA(#3082);
#3082 = FILL_AREA_STYLE('',(#3083));
#3083 = FILL_AREA_STYLE_COLOUR('',#2803);
#3084 = OVER_RIDING_STYLED_ITEM('overriding color',(#3085),#1759,#2755);
#3085 = PRESENTATION_STYLE_ASSIGNMENT((#3086));
#3086 = SURFACE_STYLE_USAGE(.BOTH.,#3087);
#3087 = SURFACE_SIDE_STYLE('',(#3088));
#3088 = SURFACE_STYLE_FILL_AREA(#3089);
#3089 = FILL_AREA_STYLE('',(#3090));
#3090 = FILL_AREA_STYLE_COLOUR('',#2803);
#3091 = OVER_RIDING_STYLED_ITEM('overriding color',(#3092),#1787,#2755);
#3092 = PRESENTATION_STYLE_ASSIGNMENT((#3093));
#3093 = SURFACE_STYLE_USAGE(.BOTH.,#3094);
#3094 = SURFACE_SIDE_STYLE('',(#3095));
#3095 = SURFACE_STYLE_FILL_AREA(#3096);
#3096 = FILL_AREA_STYLE('',(#3097));
#3097 = FILL_AREA_STYLE_COLOUR('',#2803);
#3098 = OVER_RIDING_STYLED_ITEM('overriding color',(#3099),#1815,#2755);
#3099 = PRESENTATION_STYLE_ASSIGNMENT((#3100));
#3100 = SURFACE_STYLE_USAGE(.BOTH.,#3101);
#3101 = SURFACE_SIDE_STYLE('',(#3102));
#3102 = SURFACE_STYLE_FILL_AREA(#3103);
#3103 = FILL_AREA_STYLE('',(#3104));
#3104 = FILL_AREA_STYLE_COLOUR('',#2803);
#3105 = OVER_RIDING_STYLED_ITEM('overriding color',(#3106),#1840,#2755);
#3106 = PRESENTATION_STYLE_ASSIGNMENT((#3107));
#3107 = SURFACE_STYLE_USAGE(.BOTH.,#3108);
#3108 = SURFACE_SIDE_STYLE('',(#3109));
#3109 = SURFACE_STYLE_FILL_AREA(#3110);
#3110 = FILL_AREA_STYLE('',(#3111));
#3111 = FILL_AREA_STYLE_COLOUR('',#2803);
#3112 = OVER_RIDING_STYLED_ITEM('overriding color',(#3113),#1920,#2755);
#3113 = PRESENTATION_STYLE_ASSIGNMENT((#3114));
#3114 = SURFACE_STYLE_USAGE(.BOTH.,#3115);
#3115 = SURFACE_SIDE_STYLE('',(#3116));
#3116 = SURFACE_STYLE_FILL_AREA(#3117);
#3117 = FILL_AREA_STYLE('',(#3118));
#3118 = FILL_AREA_STYLE_COLOUR('',#3119);
#3119 = COLOUR_RGB('',0.447058818107,0.474509808674,0.501960817233);
#3120 = OVER_RIDING_STYLED_ITEM('overriding color',(#3121),#1960,#2755);
#3121 = PRESENTATION_STYLE_ASSIGNMENT((#3122));
#3122 = SURFACE_STYLE_USAGE(.BOTH.,#3123);
#3123 = SURFACE_SIDE_STYLE('',(#3124));
#3124 = SURFACE_STYLE_FILL_AREA(#3125);
#3125 = FILL_AREA_STYLE('',(#3126));
#3126 = FILL_AREA_STYLE_COLOUR('',#3119);
#3127 = OVER_RIDING_STYLED_ITEM('overriding color',(#3128),#1993,#2755);
#3128 = PRESENTATION_STYLE_ASSIGNMENT((#3129));
#3129 = SURFACE_STYLE_USAGE(.BOTH.,#3130);
#3130 = SURFACE_SIDE_STYLE('',(#3131));
#3131 = SURFACE_STYLE_FILL_AREA(#3132);
#3132 = FILL_AREA_STYLE('',(#3133));
#3133 = FILL_AREA_STYLE_COLOUR('',#3119);
#3134 = OVER_RIDING_STYLED_ITEM('overriding color',(#3135),#2015,#2755);
#3135 = PRESENTATION_STYLE_ASSIGNMENT((#3136));
#3136 = SURFACE_STYLE_USAGE(.BOTH.,#3137);
#3137 = SURFACE_SIDE_STYLE('',(#3138));
#3138 = SURFACE_STYLE_FILL_AREA(#3139);
#3139 = FILL_AREA_STYLE('',(#3140));
#3140 = FILL_AREA_STYLE_COLOUR('',#3119);
#3141 = OVER_RIDING_STYLED_ITEM('overriding color',(#3142),#2039,#2755);
#3142 = PRESENTATION_STYLE_ASSIGNMENT((#3143));
#3143 = SURFACE_STYLE_USAGE(.BOTH.,#3144);
#3144 = SURFACE_SIDE_STYLE('',(#3145));
#3145 = SURFACE_STYLE_FILL_AREA(#3146);
#3146 = FILL_AREA_STYLE('',(#3147));
#3147 = FILL_AREA_STYLE_COLOUR('',#2803);
#3148 = OVER_RIDING_STYLED_ITEM('overriding color',(#3149),#2128,#2755);
#3149 = PRESENTATION_STYLE_ASSIGNMENT((#3150));
#3150 = SURFACE_STYLE_USAGE(.BOTH.,#3151);
#3151 = SURFACE_SIDE_STYLE('',(#3152));
#3152 = SURFACE_STYLE_FILL_AREA(#3153);
#3153 = FILL_AREA_STYLE('',(#3154));
#3154 = FILL_AREA_STYLE_COLOUR('',#2803);
#3155 = OVER_RIDING_STYLED_ITEM('overriding color',(#3156),#2145,#2755);
#3156 = PRESENTATION_STYLE_ASSIGNMENT((#3157));
#3157 = SURFACE_STYLE_USAGE(.BOTH.,#3158);
#3158 = SURFACE_SIDE_STYLE('',(#3159));
#3159 = SURFACE_STYLE_FILL_AREA(#3160);
#3160 = FILL_AREA_STYLE('',(#3161));
#3161 = FILL_AREA_STYLE_COLOUR('',#2803);
#3162 = OVER_RIDING_STYLED_ITEM('overriding color',(#3163),#2173,#2755);
#3163 = PRESENTATION_STYLE_ASSIGNMENT((#3164));
#3164 = SURFACE_STYLE_USAGE(.BOTH.,#3165);
#3165 = SURFACE_SIDE_STYLE('',(#3166));
#3166 = SURFACE_STYLE_FILL_AREA(#3167);
#3167 = FILL_AREA_STYLE('',(#3168));
#3168 = FILL_AREA_STYLE_COLOUR('',#2803);
#3169 = OVER_RIDING_STYLED_ITEM('overriding color',(#3170),#2262,#2755);
#3170 = PRESENTATION_STYLE_ASSIGNMENT((#3171));
#3171 = SURFACE_STYLE_USAGE(.BOTH.,#3172);
#3172 = SURFACE_SIDE_STYLE('',(#3173));
#3173 = SURFACE_STYLE_FILL_AREA(#3174);
#3174 = FILL_AREA_STYLE('',(#3175));
#3175 = FILL_AREA_STYLE_COLOUR('',#2803);
#3176 = OVER_RIDING_STYLED_ITEM('overriding color',(#3177),#2294,#2755);
#3177 = PRESENTATION_STYLE_ASSIGNMENT((#3178));
#3178 = SURFACE_STYLE_USAGE(.BOTH.,#3179);
#3179 = SURFACE_SIDE_STYLE('',(#3180));
#3180 = SURFACE_STYLE_FILL_AREA(#3181);
#3181 = FILL_AREA_STYLE('',(#3182));
#3182 = FILL_AREA_STYLE_COLOUR('',#2803);
#3183 = OVER_RIDING_STYLED_ITEM('overriding color',(#3184),#2319,#2755);
#3184 = PRESENTATION_STYLE_ASSIGNMENT((#3185));
#3185 = SURFACE_STYLE_USAGE(.BOTH.,#3186);
#3186 = SURFACE_SIDE_STYLE('',(#3187));
#3187 = SURFACE_STYLE_FILL_AREA(#3188);
#3188 = FILL_AREA_STYLE('',(#3189));
#3189 = FILL_AREA_STYLE_COLOUR('',#2803);
#3190 = OVER_RIDING_STYLED_ITEM('overriding color',(#3191),#2344,#2755);
#3191 = PRESENTATION_STYLE_ASSIGNMENT((#3192));
#3192 = SURFACE_STYLE_USAGE(.BOTH.,#3193);
#3193 = SURFACE_SIDE_STYLE('',(#3194));
#3194 = SURFACE_STYLE_FILL_AREA(#3195);
#3195 = FILL_AREA_STYLE('',(#3196));
#3196 = FILL_AREA_STYLE_COLOUR('',#2803);
#3197 = OVER_RIDING_STYLED_ITEM('overriding color',(#3198),#2369,#2755);
#3198 = PRESENTATION_STYLE_ASSIGNMENT((#3199));
#3199 = SURFACE_STYLE_USAGE(.BOTH.,#3200);
#3200 = SURFACE_SIDE_STYLE('',(#3201));
#3201 = SURFACE_STYLE_FILL_AREA(#3202);
#3202 = FILL_AREA_STYLE('',(#3203));
#3203 = FILL_AREA_STYLE_COLOUR('',#2803);
#3204 = OVER_RIDING_STYLED_ITEM('overriding color',(#3205),#2397,#2755);
#3205 = PRESENTATION_STYLE_ASSIGNMENT((#3206));
#3206 = SURFACE_STYLE_USAGE(.BOTH.,#3207);
#3207 = SURFACE_SIDE_STYLE('',(#3208));
#3208 = SURFACE_STYLE_FILL_AREA(#3209);
#3209 = FILL_AREA_STYLE('',(#3210));
#3210 = FILL_AREA_STYLE_COLOUR('',#2803);
#3211 = OVER_RIDING_STYLED_ITEM('overriding color',(#3212),#2422,#2755);
#3212 = PRESENTATION_STYLE_ASSIGNMENT((#3213));
#3213 = SURFACE_STYLE_USAGE(.BOTH.,#3214);
#3214 = SURFACE_SIDE_STYLE('',(#3215));
#3215 = SURFACE_STYLE_FILL_AREA(#3216);
#3216 = FILL_AREA_STYLE('',(#3217));
#3217 = FILL_AREA_STYLE_COLOUR('',#2803);
#3218 = OVER_RIDING_STYLED_ITEM('overriding color',(#3219),#2447,#2755);
#3219 = PRESENTATION_STYLE_ASSIGNMENT((#3220));
#3220 = SURFACE_STYLE_USAGE(.BOTH.,#3221);
#3221 = SURFACE_SIDE_STYLE('',(#3222));
#3222 = SURFACE_STYLE_FILL_AREA(#3223);
#3223 = FILL_AREA_STYLE('',(#3224));
#3224 = FILL_AREA_STYLE_COLOUR('',#2803);
#3225 = OVER_RIDING_STYLED_ITEM('overriding color',(#3226),#2465,#2755);
#3226 = PRESENTATION_STYLE_ASSIGNMENT((#3227));
#3227 = SURFACE_STYLE_USAGE(.BOTH.,#3228);
#3228 = SURFACE_SIDE_STYLE('',(#3229));
#3229 = SURFACE_STYLE_FILL_AREA(#3230);
#3230 = FILL_AREA_STYLE('',(#3231));
#3231 = FILL_AREA_STYLE_COLOUR('',#2803);
#3232 = OVER_RIDING_STYLED_ITEM('overriding color',(#3233),#2497,#2755);
#3233 = PRESENTATION_STYLE_ASSIGNMENT((#3234));
#3234 = SURFACE_STYLE_USAGE(.BOTH.,#3235);
#3235 = SURFACE_SIDE_STYLE('',(#3236));
#3236 = SURFACE_STYLE_FILL_AREA(#3237);
#3237 = FILL_AREA_STYLE('',(#3238));
#3238 = FILL_AREA_STYLE_COLOUR('',#2803);
#3239 = OVER_RIDING_STYLED_ITEM('overriding color',(#3240),#2522,#2755);
#3240 = PRESENTATION_STYLE_ASSIGNMENT((#3241));
#3241 = SURFACE_STYLE_USAGE(.BOTH.,#3242);
#3242 = SURFACE_SIDE_STYLE('',(#3243));
#3243 = SURFACE_STYLE_FILL_AREA(#3244);
#3244 = FILL_AREA_STYLE('',(#3245));
#3245 = FILL_AREA_STYLE_COLOUR('',#2803);
#3246 = OVER_RIDING_STYLED_ITEM('overriding color',(#3247),#2547,#2755);
#3247 = PRESENTATION_STYLE_ASSIGNMENT((#3248));
#3248 = SURFACE_STYLE_USAGE(.BOTH.,#3249);
#3249 = SURFACE_SIDE_STYLE('',(#3250));
#3250 = SURFACE_STYLE_FILL_AREA(#3251);
#3251 = FILL_AREA_STYLE('',(#3252));
#3252 = FILL_AREA_STYLE_COLOUR('',#2803);
#3253 = OVER_RIDING_STYLED_ITEM('overriding color',(#3254),#2572,#2755);
#3254 = PRESENTATION_STYLE_ASSIGNMENT((#3255));
#3255 = SURFACE_STYLE_USAGE(.BOTH.,#3256);
#3256 = SURFACE_SIDE_STYLE('',(#3257));
#3257 = SURFACE_STYLE_FILL_AREA(#3258);
#3258 = FILL_AREA_STYLE('',(#3259));
#3259 = FILL_AREA_STYLE_COLOUR('',#2803);
#3260 = OVER_RIDING_STYLED_ITEM('overriding color',(#3261),#2600,#2755);
#3261 = PRESENTATION_STYLE_ASSIGNMENT((#3262));
#3262 = SURFACE_STYLE_USAGE(.BOTH.,#3263);
#3263 = SURFACE_SIDE_STYLE('',(#3264));
#3264 = SURFACE_STYLE_FILL_AREA(#3265);
#3265 = FILL_AREA_STYLE('',(#3266));
#3266 = FILL_AREA_STYLE_COLOUR('',#2803);
#3267 = OVER_RIDING_STYLED_ITEM('overriding color',(#3268),#2625,#2755);
#3268 = PRESENTATION_STYLE_ASSIGNMENT((#3269));
#3269 = SURFACE_STYLE_USAGE(.BOTH.,#3270);
#3270 = SURFACE_SIDE_STYLE('',(#3271));
#3271 = SURFACE_STYLE_FILL_AREA(#3272);
#3272 = FILL_AREA_STYLE('',(#3273));
#3273 = FILL_AREA_STYLE_COLOUR('',#2803);
#3274 = OVER_RIDING_STYLED_ITEM('overriding color',(#3275),#2650,#2755);
#3275 = PRESENTATION_STYLE_ASSIGNMENT((#3276));
#3276 = SURFACE_STYLE_USAGE(.BOTH.,#3277);
#3277 = SURFACE_SIDE_STYLE('',(#3278));
#3278 = SURFACE_STYLE_FILL_AREA(#3279);
#3279 = FILL_AREA_STYLE('',(#3280));
#3280 = FILL_AREA_STYLE_COLOUR('',#2803);
#3281 = OVER_RIDING_STYLED_ITEM('overriding color',(#3282),#2668,#2755);
#3282 = PRESENTATION_STYLE_ASSIGNMENT((#3283));
#3283 = SURFACE_STYLE_USAGE(.BOTH.,#3284);
#3284 = SURFACE_SIDE_STYLE('',(#3285));
#3285 = SURFACE_STYLE_FILL_AREA(#3286);
#3286 = FILL_AREA_STYLE('',(#3287));
#3287 = FILL_AREA_STYLE_COLOUR('',#2773);
#3288 = OVER_RIDING_STYLED_ITEM('overriding color',(#3289),#2684,#2755);
#3289 = PRESENTATION_STYLE_ASSIGNMENT((#3290));
#3290 = SURFACE_STYLE_USAGE(.BOTH.,#3291);
#3291 = SURFACE_SIDE_STYLE('',(#3292));
#3292 = SURFACE_STYLE_FILL_AREA(#3293);
#3293 = FILL_AREA_STYLE('',(#3294));
#3294 = FILL_AREA_STYLE_COLOUR('',#2773);
#3295 = OVER_RIDING_STYLED_ITEM('overriding color',(#3296),#2700,#2755);
#3296 = PRESENTATION_STYLE_ASSIGNMENT((#3297));
#3297 = SURFACE_STYLE_USAGE(.BOTH.,#3298);
#3298 = SURFACE_SIDE_STYLE('',(#3299));
#3299 = SURFACE_STYLE_FILL_AREA(#3300);
#3300 = FILL_AREA_STYLE('',(#3301));
#3301 = FILL_AREA_STYLE_COLOUR('',#2773);
#3302 = OVER_RIDING_STYLED_ITEM('overriding color',(#3303),#2724,#2755);
#3303 = PRESENTATION_STYLE_ASSIGNMENT((#3304));
#3304 = SURFACE_STYLE_USAGE(.BOTH.,#3305);
#3305 = SURFACE_SIDE_STYLE('',(#3306));
#3306 = SURFACE_STYLE_FILL_AREA(#3307);
#3307 = FILL_AREA_STYLE('',(#3308));
#3308 = FILL_AREA_STYLE_COLOUR('',#2773);
ENDSEC;
END-ISO-10303-21;
