ISO-10303-21;
HEADER;
FILE_DESCRIPTION(('FreeCAD Model'),'2;1');
FILE_NAME('Open CASCADE Shape Model','2026-05-30T04:41:49',('Author'),(
    ''),'Open CASCADE STEP processor 7.8','FreeCAD','Unknown');
FILE_SCHEMA(('AUTOMOTIVE_DESIGN { 1 0 10303 214 1 1 1 1 }'));
ENDSEC;
DATA;
#1 = APPLICATION_PROTOCOL_DEFINITION('international standard',
  'automotive_design',2000,#2);
#2 = APPLICATION_CONTEXT(
  'core data for automotive mechanical design processes');
#3 = SHAPE_DEFINITION_REPRESENTATION(#4,#10);
#4 = PRODUCT_DEFINITION_SHAPE('','',#5);
#5 = PRODUCT_DEFINITION('design','',#6,#9);
#6 = PRODUCT_DEFINITION_FORMATION('','',#7);
#7 = PRODUCT('Unnamed4','Unnamed4','',(#8));
#8 = PRODUCT_CONTEXT('',#2,'mechanical');
#9 = PRODUCT_DEFINITION_CONTEXT('part definition',#2,'design');
#10 = SHAPE_REPRESENTATION('',(#11,#15,#19,#23,#27),#31);
#11 = AXIS2_PLACEMENT_3D('',#12,#13,#14);
#12 = CARTESIAN_POINT('',(0.,0.,0.));
#13 = DIRECTION('',(0.,0.,1.));
#14 = DIRECTION('',(1.,0.,-0.));
#15 = AXIS2_PLACEMENT_3D('',#16,#17,#18);
#16 = CARTESIAN_POINT('',(-1.578847554864E-02,-0.176932300663,
    0.398983002708));
#17 = DIRECTION('',(-1.899571590547E-10,3.859256819877E-08,1.));
#18 = DIRECTION('',(1.,7.657069556151E-10,1.899571295041E-10));
#19 = AXIS2_PLACEMENT_3D('',#20,#21,#22);
#20 = CARTESIAN_POINT('',(-1.578847545841E-02,-0.176932318995,
    -7.6016997292E-02));
#21 = DIRECTION('',(-1.899571590547E-10,3.859256819877E-08,1.));
#22 = DIRECTION('',(1.,7.657069556151E-10,1.899571295041E-10));
#23 = AXIS2_PLACEMENT_3D('',#24,#25,#26);
#24 = CARTESIAN_POINT('',(-0.665788475501,-0.176932334746,0.148982976482
    ));
#25 = DIRECTION('',(-1.89957132269E-10,3.610792628681E-09,1.));
#26 = DIRECTION('',(-1.,-7.657071290875E-10,-1.899571295041E-10));
#27 = AXIS2_PLACEMENT_3D('',#28,#29,#30);
#28 = CARTESIAN_POINT('',(0.634211524499,-0.176932336221,0.148982974034)
  );
#29 = DIRECTION('',(-1.899571295041E-10,-7.272576414116E-20,1.));
#30 = DIRECTION('',(1.,7.657071290875E-10,1.899571295041E-10));
#31 = ( GEOMETRIC_REPRESENTATION_CONTEXT(3) 
GLOBAL_UNCERTAINTY_ASSIGNED_CONTEXT((#35)) GLOBAL_UNIT_ASSIGNED_CONTEXT(
(#32,#33,#34)) REPRESENTATION_CONTEXT('Context #1',
  '3D Context with UNIT and UNCERTAINTY') );
#32 = ( LENGTH_UNIT() NAMED_UNIT(*) SI_UNIT(.MILLI.,.METRE.) );
#33 = ( NAMED_UNIT(*) PLANE_ANGLE_UNIT() SI_UNIT($,.RADIAN.) );
#34 = ( NAMED_UNIT(*) SI_UNIT($,.STERADIAN.) SOLID_ANGLE_UNIT() );
#35 = UNCERTAINTY_MEASURE_WITH_UNIT(LENGTH_MEASURE(1.E-04),#32,
  'distance_accuracy_value','confusion accuracy');
#36 = PRODUCT_RELATED_PRODUCT_CATEGORY('part',$,(#7));
#37 = SHAPE_DEFINITION_REPRESENTATION(#38,#44);
#38 = PRODUCT_DEFINITION_SHAPE('','',#39);
#39 = PRODUCT_DEFINITION('design','',#40,#43);
#40 = PRODUCT_DEFINITION_FORMATION('','',#41);
#41 = PRODUCT('Part 003','Part 003','',(#42));
#42 = PRODUCT_CONTEXT('',#2,'mechanical');
#43 = PRODUCT_DEFINITION_CONTEXT('part definition',#2,'design');
#44 = ADVANCED_BREP_SHAPE_REPRESENTATION('',(#11,#45),#2506);
#45 = MANIFOLD_SOLID_BREP('',#46);
#46 = CLOSED_SHELL('',(#47,#478,#518,#572,#596,#643,#655,#672,#689,#706,
    #718,#749,#773,#797,#821,#845,#870,#895,#920,#945,#970,#994,#1019,
    #1044,#1069,#1094,#1119,#1144,#1169,#1193,#1210,#1238,#1269,#1293,
    #1317,#1341,#1365,#1389,#1413,#1438,#1455,#1472,#1514,#1547,#1580,
    #1613,#1648,#1681,#1714,#1749,#1774,#1799,#1824,#1852,#1880,#1905,
    #1923,#1947,#1973,#2015,#2048,#2081,#2114,#2149,#2182,#2215,#2250,
    #2275,#2300,#2325,#2353,#2381,#2406,#2424,#2448,#2474,#2490));
#47 = ADVANCED_FACE('',(#48,#119,#194,#368,#402),#473,.T.);
#48 = FACE_BOUND('',#49,.T.);
#49 = EDGE_LOOP('',(#50,#61,#69,#78,#87,#95,#103,#112));
#50 = ORIENTED_EDGE('',*,*,#51,.T.);
#51 = EDGE_CURVE('',#52,#54,#56,.T.);
#52 = VERTEX_POINT('',#53);
#53 = CARTESIAN_POINT('',(0.258402115119,0.139978927978,1.E-02));
#54 = VERTEX_POINT('',#55);
#55 = CARTESIAN_POINT('',(0.292119934729,-1.459456736294E-02,1.E-02));
#56 = CIRCLE('',#57,0.294780768233);
#57 = AXIS2_PLACEMENT_3D('',#58,#59,#60);
#58 = CARTESIAN_POINT('',(-2.882517604043E-03,4.586837525055E-03,1.E-02)
  );
#59 = DIRECTION('',(0.,0.,-1.));
#60 = DIRECTION('',(-1.,0.,0.));
#61 = ORIENTED_EDGE('',*,*,#62,.T.);
#62 = EDGE_CURVE('',#54,#63,#65,.T.);
#63 = VERTEX_POINT('',#64);
#64 = CARTESIAN_POINT('',(0.25910728855,-0.170995845579,1.E-02));
#65 = B_SPLINE_CURVE_WITH_KNOTS('',2,(#66,#67,#68),.UNSPECIFIED.,.F.,.F.
  ,(3,3),(0.,1.),.PIECEWISE_BEZIER_KNOTS.);
#66 = CARTESIAN_POINT('',(0.292119934729,-1.459456736294E-02,1.E-02));
#67 = CARTESIAN_POINT('',(0.292119934729,-0.119333484959,1.E-02));
#68 = CARTESIAN_POINT('',(0.25910728855,-0.170995845579,1.E-02));
#69 = ORIENTED_EDGE('',*,*,#70,.T.);
#70 = EDGE_CURVE('',#63,#71,#73,.T.);
#71 = VERTEX_POINT('',#72);
#72 = CARTESIAN_POINT('',(0.158125485727,-0.222410386579,1.E-02));
#73 = CIRCLE('',#74,0.111167846612);
#74 = AXIS2_PLACEMENT_3D('',#75,#76,#77);
#75 = CARTESIAN_POINT('',(0.165556747466,-0.111244467853,1.E-02));
#76 = DIRECTION('',(0.,0.,-1.));
#77 = DIRECTION('',(-1.,0.,0.));
#78 = ORIENTED_EDGE('',*,*,#79,.T.);
#79 = EDGE_CURVE('',#71,#80,#82,.T.);
#80 = VERTEX_POINT('',#81);
#81 = CARTESIAN_POINT('',(5.899850421539E-02,-0.169758423768,1.E-02));
#82 = CIRCLE('',#83,0.110043510405);
#83 = AXIS2_PLACEMENT_3D('',#84,#85,#86);
#84 = CARTESIAN_POINT('',(0.153010869678,-0.112451410647,1.E-02));
#85 = DIRECTION('',(0.,0.,-1.));
#86 = DIRECTION('',(-1.,0.,0.));
#87 = ORIENTED_EDGE('',*,*,#88,.T.);
#88 = EDGE_CURVE('',#80,#89,#91,.T.);
#89 = VERTEX_POINT('',#90);
#90 = CARTESIAN_POINT('',(2.501359804188E-02,-1.459456736294E-02,1.E-02)
  );
#91 = B_SPLINE_CURVE_WITH_KNOTS('',2,(#92,#93,#94),.UNSPECIFIED.,.F.,.F.
  ,(3,3),(0.,1.),.PIECEWISE_BEZIER_KNOTS.);
#92 = CARTESIAN_POINT('',(5.899850421539E-02,-0.169758423768,1.E-02));
#93 = CARTESIAN_POINT('',(2.501359804188E-02,-0.116858641336,1.E-02));
#94 = CARTESIAN_POINT('',(2.501359804188E-02,-1.459456736294E-02,1.E-02)
  );
#95 = ORIENTED_EDGE('',*,*,#96,.T.);
#96 = EDGE_CURVE('',#89,#97,#99,.T.);
#97 = VERTEX_POINT('',#98);
#98 = CARTESIAN_POINT('',(5.789366331248E-02,0.141983485397,1.E-02));
#99 = B_SPLINE_CURVE_WITH_KNOTS('',2,(#100,#101,#102),.UNSPECIFIED.,.F.,
  .F.,(3,3),(0.,1.),.PIECEWISE_BEZIER_KNOTS.);
#100 = CARTESIAN_POINT('',(2.501359804188E-02,-1.459456736294E-02,1.E-02
    ));
#101 = CARTESIAN_POINT('',(2.501359804188E-02,9.085144841078E-02,1.E-02)
  );
#102 = CARTESIAN_POINT('',(5.789366331248E-02,0.141983485397,1.E-02));
#103 = ORIENTED_EDGE('',*,*,#104,.T.);
#104 = EDGE_CURVE('',#97,#105,#107,.T.);
#105 = VERTEX_POINT('',#106);
#106 = CARTESIAN_POINT('',(0.158125217877,0.192872150321,1.E-02));
#107 = CIRCLE('',#108,0.11059720768);
#108 = AXIS2_PLACEMENT_3D('',#109,#110,#111);
#109 = CARTESIAN_POINT('',(0.150798382823,8.227566492059E-02,1.E-02));
#110 = DIRECTION('',(0.,0.,-1.));
#111 = DIRECTION('',(-1.,0.,0.));
#112 = ORIENTED_EDGE('',*,*,#113,.T.);
#113 = EDGE_CURVE('',#105,#52,#114,.T.);
#114 = CIRCLE('',#115,0.110672574676);
#115 = AXIS2_PLACEMENT_3D('',#116,#117,#118);
#116 = CARTESIAN_POINT('',(0.163378608005,8.227423723619E-02,1.E-02));
#117 = DIRECTION('',(0.,0.,-1.));
#118 = DIRECTION('',(-1.,0.,0.));
#119 = FACE_BOUND('',#120,.T.);
#120 = EDGE_LOOP('',(#121,#131,#139,#148,#156,#164,#172,#180,#188));
#121 = ORIENTED_EDGE('',*,*,#122,.T.);
#122 = EDGE_CURVE('',#123,#125,#127,.T.);
#123 = VERTEX_POINT('',#124);
#124 = CARTESIAN_POINT('',(-0.452542833832,-0.217089808048,1.E-02));
#125 = VERTEX_POINT('',#126);
#126 = CARTESIAN_POINT('',(-0.497266793582,-0.217089808048,1.E-02));
#127 = LINE('',#128,#129);
#128 = CARTESIAN_POINT('',(-0.474904813707,-0.217089808048,1.E-02));
#129 = VECTOR('',#130,1.);
#130 = DIRECTION('',(-1.,0.,0.));
#131 = ORIENTED_EDGE('',*,*,#132,.T.);
#132 = EDGE_CURVE('',#125,#133,#135,.T.);
#133 = VERTEX_POINT('',#134);
#134 = CARTESIAN_POINT('',(-0.497261225082,7.069916252667E-02,1.E-02));
#135 = LINE('',#136,#137);
#136 = CARTESIAN_POINT('',(-0.497266793582,-7.319532885329E-02,1.E-02));
#137 = VECTOR('',#138,1.);
#138 = DIRECTION('',(0.,1.,0.));
#139 = ORIENTED_EDGE('',*,*,#140,.T.);
#140 = EDGE_CURVE('',#133,#141,#143,.T.);
#141 = VERTEX_POINT('',#142);
#142 = CARTESIAN_POINT('',(-0.495079575216,0.138506074091,1.E-02));
#143 = CIRCLE('',#144,0.99002129478);
#144 = AXIS2_PLACEMENT_3D('',#145,#146,#147);
#145 = CARTESIAN_POINT('',(0.492763267999,7.286552849417E-02,1.E-02));
#146 = DIRECTION('',(0.,0.,-1.));
#147 = DIRECTION('',(-1.,0.,0.));
#148 = ORIENTED_EDGE('',*,*,#149,.T.);
#149 = EDGE_CURVE('',#141,#150,#152,.T.);
#150 = VERTEX_POINT('',#151);
#151 = CARTESIAN_POINT('',(-0.508098750194,0.126291811153,1.E-02));
#152 = LINE('',#153,#154);
#153 = CARTESIAN_POINT('',(-0.501301207363,0.132669095091,1.E-02));
#154 = VECTOR('',#155,1.);
#155 = DIRECTION('',(-0.729291576168,-0.684203037796,0.));
#156 = ORIENTED_EDGE('',*,*,#157,.T.);
#157 = EDGE_CURVE('',#150,#158,#160,.T.);
#158 = VERTEX_POINT('',#159);
#159 = CARTESIAN_POINT('',(-0.573673126248,7.258068057712E-02,1.E-02));
#160 = LINE('',#161,#162);
#161 = CARTESIAN_POINT('',(-0.532762424316,0.106090111938,1.E-02));
#162 = VECTOR('',#163,1.);
#163 = DIRECTION('',(-0.773613920971,-0.633657242742,0.));
#164 = ORIENTED_EDGE('',*,*,#165,.T.);
#165 = EDGE_CURVE('',#158,#166,#168,.T.);
#166 = VERTEX_POINT('',#167);
#167 = CARTESIAN_POINT('',(-0.598028283927,0.104109539246,1.E-02));
#168 = LINE('',#169,#170);
#169 = CARTESIAN_POINT('',(-0.585875033995,8.837660478827E-02,1.E-02));
#170 = VECTOR('',#171,1.);
#171 = DIRECTION('',(-0.611320958519,0.791382768119,0.));
#172 = ORIENTED_EDGE('',*,*,#173,.T.);
#173 = EDGE_CURVE('',#166,#174,#176,.T.);
#174 = VERTEX_POINT('',#175);
#175 = CARTESIAN_POINT('',(-0.491168071798,0.186751638783,1.E-02));
#176 = LINE('',#177,#178);
#177 = CARTESIAN_POINT('',(-0.544598177862,0.145430589015,1.E-02));
#178 = VECTOR('',#179,1.);
#179 = DIRECTION('',(0.791040318797,0.611764018259,0.));
#180 = ORIENTED_EDGE('',*,*,#181,.T.);
#181 = EDGE_CURVE('',#174,#182,#184,.T.);
#182 = VERTEX_POINT('',#183);
#183 = CARTESIAN_POINT('',(-0.452542833832,0.186751638783,1.E-02));
#184 = LINE('',#185,#186);
#185 = CARTESIAN_POINT('',(-0.471855452815,0.186751638783,1.E-02));
#186 = VECTOR('',#187,1.);
#187 = DIRECTION('',(1.,0.,0.));
#188 = ORIENTED_EDGE('',*,*,#189,.T.);
#189 = EDGE_CURVE('',#182,#123,#190,.T.);
#190 = LINE('',#191,#192);
#191 = CARTESIAN_POINT('',(-0.452542833832,-1.516908463246E-02,1.E-02));
#192 = VECTOR('',#193,1.);
#193 = DIRECTION('',(0.,-1.,0.));
#194 = FACE_BOUND('',#195,.T.);
#195 = EDGE_LOOP('',(#196,#206,#214,#222,#231,#240,#249,#258,#267,#276,
    #285,#293,#302,#311,#320,#329,#338,#346,#354,#362));
#196 = ORIENTED_EDGE('',*,*,#197,.T.);
#197 = EDGE_CURVE('',#198,#200,#202,.T.);
#198 = VERTEX_POINT('',#199);
#199 = CARTESIAN_POINT('',(0.613319282023,-0.217089808048,1.E-02));
#200 = VERTEX_POINT('',#201);
#201 = CARTESIAN_POINT('',(0.347892303508,-0.217089808048,1.E-02));
#202 = LINE('',#203,#204);
#203 = CARTESIAN_POINT('',(0.480605792766,-0.217089808048,1.E-02));
#204 = VECTOR('',#205,1.);
#205 = DIRECTION('',(-1.,0.,0.));
#206 = ORIENTED_EDGE('',*,*,#207,.T.);
#207 = EDGE_CURVE('',#200,#208,#210,.T.);
#208 = VERTEX_POINT('',#209);
#209 = CARTESIAN_POINT('',(0.347892303508,-0.17758069736,1.E-02));
#210 = LINE('',#211,#212);
#211 = CARTESIAN_POINT('',(0.347892303508,-0.197335252704,1.E-02));
#212 = VECTOR('',#213,1.);
#213 = DIRECTION('',(0.,1.,0.));
#214 = ORIENTED_EDGE('',*,*,#215,.T.);
#215 = EDGE_CURVE('',#208,#216,#218,.T.);
#216 = VERTEX_POINT('',#217);
#217 = CARTESIAN_POINT('',(0.454163139272,-7.065978745632E-02,1.E-02));
#218 = LINE('',#219,#220);
#219 = CARTESIAN_POINT('',(0.401057247756,-0.124150591295,1.E-02));
#220 = VECTOR('',#221,1.);
#221 = DIRECTION('',(0.70534562677,0.708863560071,0.));
#222 = ORIENTED_EDGE('',*,*,#223,.F.);
#223 = EDGE_CURVE('',#224,#216,#226,.T.);
#224 = VERTEX_POINT('',#225);
#225 = CARTESIAN_POINT('',(0.51837619548,-5.590944304331E-04,1.E-02));
#226 = CIRCLE('',#227,0.863146619553);
#227 = AXIS2_PLACEMENT_3D('',#228,#229,#230);
#228 = CARTESIAN_POINT('',(-0.147791602502,0.548063715372,1.E-02));
#229 = DIRECTION('',(0.,0.,-1.));
#230 = DIRECTION('',(-1.,0.,0.));
#231 = ORIENTED_EDGE('',*,*,#232,.F.);
#232 = EDGE_CURVE('',#233,#224,#235,.T.);
#233 = VERTEX_POINT('',#234);
#234 = CARTESIAN_POINT('',(0.541529753092,4.03723553438E-02,1.E-02));
#235 = CIRCLE('',#236,0.179794741007);
#236 = AXIS2_PLACEMENT_3D('',#237,#238,#239);
#237 = CARTESIAN_POINT('',(0.375081979882,0.108280896214,1.E-02));
#238 = DIRECTION('',(0.,0.,-1.));
#239 = DIRECTION('',(-1.,0.,0.));
#240 = ORIENTED_EDGE('',*,*,#241,.F.);
#241 = EDGE_CURVE('',#242,#233,#244,.T.);
#242 = VERTEX_POINT('',#243);
#243 = CARTESIAN_POINT('',(0.549127348061,8.317047459764E-02,1.E-02));
#244 = CIRCLE('',#245,0.116996156331);
#245 = AXIS2_PLACEMENT_3D('',#246,#247,#248);
#246 = CARTESIAN_POINT('',(0.432219806353,8.209194944228E-02,1.E-02));
#247 = DIRECTION('',(0.,0.,-1.));
#248 = DIRECTION('',(-1.,0.,0.));
#249 = ORIENTED_EDGE('',*,*,#250,.F.);
#250 = EDGE_CURVE('',#251,#242,#253,.T.);
#251 = VERTEX_POINT('',#252);
#252 = CARTESIAN_POINT('',(0.529695618045,0.134518761238,1.E-02));
#253 = CIRCLE('',#254,6.794345226996E-02);
#254 = AXIS2_PLACEMENT_3D('',#255,#256,#257);
#255 = CARTESIAN_POINT('',(0.481180966383,8.700275129018E-02,1.E-02));
#256 = DIRECTION('',(0.,0.,-1.));
#257 = DIRECTION('',(-1.,0.,0.));
#258 = ORIENTED_EDGE('',*,*,#259,.F.);
#259 = EDGE_CURVE('',#260,#251,#262,.T.);
#260 = VERTEX_POINT('',#261);
#261 = CARTESIAN_POINT('',(0.475178316515,0.153198857353,1.E-02));
#262 = CIRCLE('',#263,7.558014460486E-02);
#263 = AXIS2_PLACEMENT_3D('',#264,#265,#266);
#264 = CARTESIAN_POINT('',(0.48011250225,7.76370099237E-02,1.E-02));
#265 = DIRECTION('',(0.,0.,-1.));
#266 = DIRECTION('',(-1.,0.,0.));
#267 = ORIENTED_EDGE('',*,*,#268,.F.);
#268 = EDGE_CURVE('',#269,#260,#271,.T.);
#269 = VERTEX_POINT('',#270);
#270 = CARTESIAN_POINT('',(0.427498289833,0.14510396798,1.E-02));
#271 = CIRCLE('',#272,0.136595474366);
#272 = AXIS2_PLACEMENT_3D('',#273,#274,#275);
#273 = CARTESIAN_POINT('',(0.474355418525,1.67291079397E-02,1.E-02));
#274 = DIRECTION('',(0.,0.,-1.));
#275 = DIRECTION('',(-1.,0.,0.));
#276 = ORIENTED_EDGE('',*,*,#277,.F.);
#277 = EDGE_CURVE('',#278,#269,#280,.T.);
#278 = VERTEX_POINT('',#279);
#279 = CARTESIAN_POINT('',(0.377497909693,0.114784630777,1.E-02));
#280 = CIRCLE('',#281,0.192500535022);
#281 = AXIS2_PLACEMENT_3D('',#282,#283,#284);
#282 = CARTESIAN_POINT('',(0.501349606024,-3.258298201493E-02,1.E-02));
#283 = DIRECTION('',(0.,0.,-1.));
#284 = DIRECTION('',(-1.,0.,0.));
#285 = ORIENTED_EDGE('',*,*,#286,.T.);
#286 = EDGE_CURVE('',#278,#287,#289,.T.);
#287 = VERTEX_POINT('',#288);
#288 = CARTESIAN_POINT('',(0.35327313543,0.145880394558,1.E-02));
#289 = LINE('',#290,#291);
#290 = CARTESIAN_POINT('',(0.365260402502,0.130493140007,1.E-02));
#291 = VECTOR('',#292,1.);
#292 = DIRECTION('',(-0.61455928173,0.788870641639,0.));
#293 = ORIENTED_EDGE('',*,*,#294,.T.);
#294 = EDGE_CURVE('',#287,#295,#297,.T.);
#295 = VERTEX_POINT('',#296);
#296 = CARTESIAN_POINT('',(0.474660212552,0.192343440704,1.E-02));
#297 = CIRCLE('',#298,0.185943979474);
#298 = AXIS2_PLACEMENT_3D('',#299,#300,#301);
#299 = CARTESIAN_POINT('',(0.476602471691,6.722042816201E-03,1.E-02));
#300 = DIRECTION('',(0.,0.,-1.));
#301 = DIRECTION('',(-1.,0.,0.));
#302 = ORIENTED_EDGE('',*,*,#303,.T.);
#303 = EDGE_CURVE('',#295,#304,#306,.T.);
#304 = VERTEX_POINT('',#305);
#305 = CARTESIAN_POINT('',(0.564002879223,0.163532914994,1.E-02));
#306 = CIRCLE('',#307,0.1293031961);
#307 = AXIS2_PLACEMENT_3D('',#308,#309,#310);
#308 = CARTESIAN_POINT('',(0.483022249453,6.299795685729E-02,1.E-02));
#309 = DIRECTION('',(0.,0.,-1.));
#310 = DIRECTION('',(-1.,0.,0.));
#311 = ORIENTED_EDGE('',*,*,#312,.T.);
#312 = EDGE_CURVE('',#304,#313,#315,.T.);
#313 = VERTEX_POINT('',#314);
#314 = CARTESIAN_POINT('',(0.596078751957,8.511354764244E-02,1.E-02));
#315 = CIRCLE('',#316,0.100044545212);
#316 = AXIS2_PLACEMENT_3D('',#317,#318,#319);
#317 = CARTESIAN_POINT('',(0.495965894355,9.01132076534E-02,1.E-02));
#318 = DIRECTION('',(0.,0.,-1.));
#319 = DIRECTION('',(-1.,0.,0.));
#320 = ORIENTED_EDGE('',*,*,#321,.T.);
#321 = EDGE_CURVE('',#313,#322,#324,.T.);
#322 = VERTEX_POINT('',#323);
#323 = CARTESIAN_POINT('',(0.574744560042,8.99169881965E-03,1.E-02));
#324 = CIRCLE('',#325,0.151287254987);
#325 = AXIS2_PLACEMENT_3D('',#326,#327,#328);
#326 = CARTESIAN_POINT('',(0.445001405322,8.737461793852E-02,1.E-02));
#327 = DIRECTION('',(0.,0.,-1.));
#328 = DIRECTION('',(-1.,0.,0.));
#329 = ORIENTED_EDGE('',*,*,#330,.T.);
#330 = EDGE_CURVE('',#322,#331,#333,.T.);
#331 = VERTEX_POINT('',#332);
#332 = CARTESIAN_POINT('',(0.493873075802,-8.578712853792E-02,1.E-02));
#333 = CIRCLE('',#334,0.505098071425);
#334 = AXIS2_PLACEMENT_3D('',#335,#336,#337);
#335 = CARTESIAN_POINT('',(0.154312625752,0.28838966983,1.E-02));
#336 = DIRECTION('',(0.,0.,-1.));
#337 = DIRECTION('',(-1.,0.,0.));
#338 = ORIENTED_EDGE('',*,*,#339,.T.);
#339 = EDGE_CURVE('',#331,#340,#342,.T.);
#340 = VERTEX_POINT('',#341);
#341 = CARTESIAN_POINT('',(0.405609192276,-0.172365848298,1.E-02));
#342 = LINE('',#343,#344);
#343 = CARTESIAN_POINT('',(0.449802828393,-0.129144472177,1.E-02));
#344 = VECTOR('',#345,1.);
#345 = DIRECTION('',(-0.714927248094,-0.699198848636,0.));
#346 = ORIENTED_EDGE('',*,*,#347,.T.);
#347 = EDGE_CURVE('',#340,#348,#350,.T.);
#348 = VERTEX_POINT('',#349);
#349 = CARTESIAN_POINT('',(0.405609192276,-0.174575530104,1.E-02));
#350 = LINE('',#351,#352);
#351 = CARTESIAN_POINT('',(0.405609192276,-0.173470689201,1.E-02));
#352 = VECTOR('',#353,1.);
#353 = DIRECTION('',(0.,-1.,0.));
#354 = ORIENTED_EDGE('',*,*,#355,.T.);
#355 = EDGE_CURVE('',#348,#356,#358,.T.);
#356 = VERTEX_POINT('',#357);
#357 = CARTESIAN_POINT('',(0.613319282023,-0.174575530104,1.E-02));
#358 = LINE('',#359,#360);
#359 = CARTESIAN_POINT('',(0.50946423715,-0.174575530104,1.E-02));
#360 = VECTOR('',#361,1.);
#361 = DIRECTION('',(1.,0.,0.));
#362 = ORIENTED_EDGE('',*,*,#363,.T.);
#363 = EDGE_CURVE('',#356,#198,#364,.T.);
#364 = LINE('',#365,#366);
#365 = CARTESIAN_POINT('',(0.613319282023,-0.195832669076,1.E-02));
#366 = VECTOR('',#367,1.);
#367 = DIRECTION('',(0.,-1.,0.));
#368 = FACE_BOUND('',#369,.T.);
#369 = EDGE_LOOP('',(#370,#380,#388,#396));
#370 = ORIENTED_EDGE('',*,*,#371,.F.);
#371 = EDGE_CURVE('',#372,#374,#376,.T.);
#372 = VERTEX_POINT('',#373);
#373 = CARTESIAN_POINT('',(0.65,-0.625,1.E-02));
#374 = VERTEX_POINT('',#375);
#375 = CARTESIAN_POINT('',(-0.65,-0.625,1.E-02));
#376 = LINE('',#377,#378);
#377 = CARTESIAN_POINT('',(-1.084202172485E-16,-0.625,1.E-02));
#378 = VECTOR('',#379,1.);
#379 = DIRECTION('',(-1.,-8.340016711427E-17,0.));
#380 = ORIENTED_EDGE('',*,*,#381,.T.);
#381 = EDGE_CURVE('',#372,#382,#384,.T.);
#382 = VERTEX_POINT('',#383);
#383 = CARTESIAN_POINT('',(0.65,0.625,1.E-02));
#384 = LINE('',#385,#386);
#385 = CARTESIAN_POINT('',(0.65,1.084202172485E-16,1.E-02));
#386 = VECTOR('',#387,1.);
#387 = DIRECTION('',(0.,1.,0.));
#388 = ORIENTED_EDGE('',*,*,#389,.T.);
#389 = EDGE_CURVE('',#382,#390,#392,.T.);
#390 = VERTEX_POINT('',#391);
#391 = CARTESIAN_POINT('',(-0.65,0.625,1.E-02));
#392 = LINE('',#393,#394);
#393 = CARTESIAN_POINT('',(-1.084202172485E-16,0.625,1.E-02));
#394 = VECTOR('',#395,1.);
#395 = DIRECTION('',(-1.,0.,0.));
#396 = ORIENTED_EDGE('',*,*,#397,.F.);
#397 = EDGE_CURVE('',#374,#390,#398,.T.);
#398 = LINE('',#399,#400);
#399 = CARTESIAN_POINT('',(-0.65,0.,1.E-02));
#400 = VECTOR('',#401,1.);
#401 = DIRECTION('',(0.,1.,0.));
#402 = FACE_BOUND('',#403,.T.);
#403 = EDGE_LOOP('',(#404,#415,#423,#432,#441,#449,#457,#466));
#404 = ORIENTED_EDGE('',*,*,#405,.T.);
#405 = EDGE_CURVE('',#406,#408,#410,.T.);
#406 = VERTEX_POINT('',#407);
#407 = CARTESIAN_POINT('',(-6.500691397773E-02,0.139978927979,1.E-02));
#408 = VERTEX_POINT('',#409);
#409 = CARTESIAN_POINT('',(-3.128909437041E-02,-1.459456736294E-02,
    1.E-02));
#410 = CIRCLE('',#411,0.294780768662);
#411 = AXIS2_PLACEMENT_3D('',#412,#413,#414);
#412 = CARTESIAN_POINT('',(-0.326291547129,4.586837433194E-03,1.E-02));
#413 = DIRECTION('',(0.,0.,-1.));
#414 = DIRECTION('',(-1.,0.,0.));
#415 = ORIENTED_EDGE('',*,*,#416,.T.);
#416 = EDGE_CURVE('',#408,#417,#419,.T.);
#417 = VERTEX_POINT('',#418);
#418 = CARTESIAN_POINT('',(-6.430174054936E-02,-0.170995845579,1.E-02));
#419 = B_SPLINE_CURVE_WITH_KNOTS('',2,(#420,#421,#422),.UNSPECIFIED.,.F.
  ,.F.,(3,3),(0.,1.),.PIECEWISE_BEZIER_KNOTS.);
#420 = CARTESIAN_POINT('',(-3.128909437041E-02,-1.459456736294E-02,
    1.E-02));
#421 = CARTESIAN_POINT('',(-3.128909437041E-02,-0.119333484959,1.E-02));
#422 = CARTESIAN_POINT('',(-6.430174054936E-02,-0.170995845579,1.E-02));
#423 = ORIENTED_EDGE('',*,*,#424,.T.);
#424 = EDGE_CURVE('',#417,#425,#427,.T.);
#425 = VERTEX_POINT('',#426);
#426 = CARTESIAN_POINT('',(-0.165283543373,-0.222410386579,1.E-02));
#427 = CIRCLE('',#428,0.111167846612);
#428 = AXIS2_PLACEMENT_3D('',#429,#430,#431);
#429 = CARTESIAN_POINT('',(-0.157852281634,-0.111244467853,1.E-02));
#430 = DIRECTION('',(0.,0.,-1.));
#431 = DIRECTION('',(-1.,0.,0.));
#432 = ORIENTED_EDGE('',*,*,#433,.T.);
#433 = EDGE_CURVE('',#425,#434,#436,.T.);
#434 = VERTEX_POINT('',#435);
#435 = CARTESIAN_POINT('',(-0.264410524884,-0.169758423768,1.E-02));
#436 = CIRCLE('',#437,0.110043510405);
#437 = AXIS2_PLACEMENT_3D('',#438,#439,#440);
#438 = CARTESIAN_POINT('',(-0.170398159422,-0.112451410647,1.E-02));
#439 = DIRECTION('',(0.,0.,-1.));
#440 = DIRECTION('',(-1.,0.,0.));
#441 = ORIENTED_EDGE('',*,*,#442,.T.);
#442 = EDGE_CURVE('',#434,#443,#445,.T.);
#443 = VERTEX_POINT('',#444);
#444 = CARTESIAN_POINT('',(-0.298395431058,-1.459456736294E-02,1.E-02));
#445 = B_SPLINE_CURVE_WITH_KNOTS('',2,(#446,#447,#448),.UNSPECIFIED.,.F.
  ,.F.,(3,3),(0.,1.),.PIECEWISE_BEZIER_KNOTS.);
#446 = CARTESIAN_POINT('',(-0.264410524884,-0.169758423768,1.E-02));
#447 = CARTESIAN_POINT('',(-0.298395431058,-0.116858641336,1.E-02));
#448 = CARTESIAN_POINT('',(-0.298395431058,-1.459456736294E-02,1.E-02));
#449 = ORIENTED_EDGE('',*,*,#450,.T.);
#450 = EDGE_CURVE('',#443,#451,#453,.T.);
#451 = VERTEX_POINT('',#452);
#452 = CARTESIAN_POINT('',(-0.265515365787,0.141983485397,1.E-02));
#453 = B_SPLINE_CURVE_WITH_KNOTS('',2,(#454,#455,#456),.UNSPECIFIED.,.F.
  ,.F.,(3,3),(0.,1.),.PIECEWISE_BEZIER_KNOTS.);
#454 = CARTESIAN_POINT('',(-0.298395431058,-1.459456736294E-02,1.E-02));
#455 = CARTESIAN_POINT('',(-0.298395431058,9.085144841078E-02,1.E-02));
#456 = CARTESIAN_POINT('',(-0.265515365787,0.141983485397,1.E-02));
#457 = ORIENTED_EDGE('',*,*,#458,.T.);
#458 = EDGE_CURVE('',#451,#459,#461,.T.);
#459 = VERTEX_POINT('',#460);
#460 = CARTESIAN_POINT('',(-0.165280817973,0.192872561782,1.E-02));
#461 = CIRCLE('',#462,0.11059720768);
#462 = AXIS2_PLACEMENT_3D('',#463,#464,#465);
#463 = CARTESIAN_POINT('',(-0.172610646277,8.227566492059E-02,1.E-02));
#464 = DIRECTION('',(0.,0.,-1.));
#465 = DIRECTION('',(-1.,0.,0.));
#466 = ORIENTED_EDGE('',*,*,#467,.T.);
#467 = EDGE_CURVE('',#459,#406,#468,.T.);
#468 = CIRCLE('',#469,0.110672574642);
#469 = AXIS2_PLACEMENT_3D('',#470,#471,#472);
#470 = CARTESIAN_POINT('',(-0.160030421078,8.22742372679E-02,1.E-02));
#471 = DIRECTION('',(0.,0.,-1.));
#472 = DIRECTION('',(-1.,0.,0.));
#473 = PLANE('',#474);
#474 = AXIS2_PLACEMENT_3D('',#475,#476,#477);
#475 = CARTESIAN_POINT('',(0.,0.,1.E-02));
#476 = DIRECTION('',(0.,0.,1.));
#477 = DIRECTION('',(1.,0.,-0.));
#478 = ADVANCED_FACE('',(#479),#513,.F.);
#479 = FACE_BOUND('',#480,.T.);
#480 = EDGE_LOOP('',(#481,#491,#499,#507));
#481 = ORIENTED_EDGE('',*,*,#482,.F.);
#482 = EDGE_CURVE('',#483,#485,#487,.T.);
#483 = VERTEX_POINT('',#484);
#484 = CARTESIAN_POINT('',(-0.4,-0.625,0.));
#485 = VERTEX_POINT('',#486);
#486 = CARTESIAN_POINT('',(-0.4,0.625,0.));
#487 = LINE('',#488,#489);
#488 = CARTESIAN_POINT('',(-0.4,0.,0.));
#489 = VECTOR('',#490,1.);
#490 = DIRECTION('',(-1.734723475977E-16,1.,0.));
#491 = ORIENTED_EDGE('',*,*,#492,.T.);
#492 = EDGE_CURVE('',#483,#493,#495,.T.);
#493 = VERTEX_POINT('',#494);
#494 = CARTESIAN_POINT('',(-0.65,-0.625,0.));
#495 = LINE('',#496,#497);
#496 = CARTESIAN_POINT('',(-1.084202172485E-16,-0.625,0.));
#497 = VECTOR('',#498,1.);
#498 = DIRECTION('',(-1.,-8.340016711427E-17,0.));
#499 = ORIENTED_EDGE('',*,*,#500,.T.);
#500 = EDGE_CURVE('',#493,#501,#503,.T.);
#501 = VERTEX_POINT('',#502);
#502 = CARTESIAN_POINT('',(-0.65,0.625,0.));
#503 = LINE('',#504,#505);
#504 = CARTESIAN_POINT('',(-0.65,0.,0.));
#505 = VECTOR('',#506,1.);
#506 = DIRECTION('',(0.,1.,0.));
#507 = ORIENTED_EDGE('',*,*,#508,.F.);
#508 = EDGE_CURVE('',#485,#501,#509,.T.);
#509 = LINE('',#510,#511);
#510 = CARTESIAN_POINT('',(-1.084202172485E-16,0.625,0.));
#511 = VECTOR('',#512,1.);
#512 = DIRECTION('',(-1.,0.,0.));
#513 = PLANE('',#514);
#514 = AXIS2_PLACEMENT_3D('',#515,#516,#517);
#515 = CARTESIAN_POINT('',(0.,0.,0.));
#516 = DIRECTION('',(0.,0.,1.));
#517 = DIRECTION('',(1.,0.,-0.));
#518 = ADVANCED_FACE('',(#519),#567,.T.);
#519 = FACE_BOUND('',#520,.T.);
#520 = EDGE_LOOP('',(#521,#531,#537,#538,#544,#545,#553,#561));
#521 = ORIENTED_EDGE('',*,*,#522,.F.);
#522 = EDGE_CURVE('',#523,#525,#527,.T.);
#523 = VERTEX_POINT('',#524);
#524 = CARTESIAN_POINT('',(0.65,-0.625,0.));
#525 = VERTEX_POINT('',#526);
#526 = CARTESIAN_POINT('',(0.4,-0.625,0.));
#527 = LINE('',#528,#529);
#528 = CARTESIAN_POINT('',(-1.084202172485E-16,-0.625,0.));
#529 = VECTOR('',#530,1.);
#530 = DIRECTION('',(-1.,-8.340016711427E-17,0.));
#531 = ORIENTED_EDGE('',*,*,#532,.F.);
#532 = EDGE_CURVE('',#372,#523,#533,.T.);
#533 = LINE('',#534,#535);
#534 = CARTESIAN_POINT('',(0.65,-0.625,1.E-02));
#535 = VECTOR('',#536,1.);
#536 = DIRECTION('',(0.,0.,-1.));
#537 = ORIENTED_EDGE('',*,*,#371,.T.);
#538 = ORIENTED_EDGE('',*,*,#539,.T.);
#539 = EDGE_CURVE('',#374,#493,#540,.T.);
#540 = LINE('',#541,#542);
#541 = CARTESIAN_POINT('',(-0.65,-0.625,1.E-02));
#542 = VECTOR('',#543,1.);
#543 = DIRECTION('',(0.,0.,-1.));
#544 = ORIENTED_EDGE('',*,*,#492,.F.);
#545 = ORIENTED_EDGE('',*,*,#546,.F.);
#546 = EDGE_CURVE('',#547,#483,#549,.T.);
#547 = VERTEX_POINT('',#548);
#548 = CARTESIAN_POINT('',(-0.4,-0.625,-2.5E-02));
#549 = LINE('',#550,#551);
#550 = CARTESIAN_POINT('',(-0.4,-0.625,-2.5E-02));
#551 = VECTOR('',#552,1.);
#552 = DIRECTION('',(0.,0.,1.));
#553 = ORIENTED_EDGE('',*,*,#554,.F.);
#554 = EDGE_CURVE('',#555,#547,#557,.T.);
#555 = VERTEX_POINT('',#556);
#556 = CARTESIAN_POINT('',(0.4,-0.625,-2.5E-02));
#557 = LINE('',#558,#559);
#558 = CARTESIAN_POINT('',(-1.084202172485E-16,-0.625,-2.5E-02));
#559 = VECTOR('',#560,1.);
#560 = DIRECTION('',(-1.,-8.340016711427E-17,0.));
#561 = ORIENTED_EDGE('',*,*,#562,.T.);
#562 = EDGE_CURVE('',#555,#525,#563,.T.);
#563 = LINE('',#564,#565);
#564 = CARTESIAN_POINT('',(0.4,-0.625,-2.5E-02));
#565 = VECTOR('',#566,1.);
#566 = DIRECTION('',(0.,0.,1.));
#567 = PLANE('',#568);
#568 = AXIS2_PLACEMENT_3D('',#569,#570,#571);
#569 = CARTESIAN_POINT('',(-1.084202172485E-16,-0.625,1.E-02));
#570 = DIRECTION('',(8.340016711427E-17,-1.,0.));
#571 = DIRECTION('',(1.,8.340016711427E-17,0.));
#572 = ADVANCED_FACE('',(#573),#591,.F.);
#573 = FACE_BOUND('',#574,.T.);
#574 = EDGE_LOOP('',(#575,#583,#589,#590));
#575 = ORIENTED_EDGE('',*,*,#576,.T.);
#576 = EDGE_CURVE('',#523,#577,#579,.T.);
#577 = VERTEX_POINT('',#578);
#578 = CARTESIAN_POINT('',(0.65,0.625,0.));
#579 = LINE('',#580,#581);
#580 = CARTESIAN_POINT('',(0.65,1.084202172485E-16,0.));
#581 = VECTOR('',#582,1.);
#582 = DIRECTION('',(0.,1.,0.));
#583 = ORIENTED_EDGE('',*,*,#584,.F.);
#584 = EDGE_CURVE('',#382,#577,#585,.T.);
#585 = LINE('',#586,#587);
#586 = CARTESIAN_POINT('',(0.65,0.625,1.E-02));
#587 = VECTOR('',#588,1.);
#588 = DIRECTION('',(0.,0.,-1.));
#589 = ORIENTED_EDGE('',*,*,#381,.F.);
#590 = ORIENTED_EDGE('',*,*,#532,.T.);
#591 = PLANE('',#592);
#592 = AXIS2_PLACEMENT_3D('',#593,#594,#595);
#593 = CARTESIAN_POINT('',(0.65,1.084202172485E-16,1.E-02));
#594 = DIRECTION('',(-1.,0.,0.));
#595 = DIRECTION('',(0.,0.,1.));
#596 = ADVANCED_FACE('',(#597),#638,.F.);
#597 = FACE_BOUND('',#598,.T.);
#598 = EDGE_LOOP('',(#599,#607,#615,#623,#629,#630,#636,#637));
#599 = ORIENTED_EDGE('',*,*,#600,.T.);
#600 = EDGE_CURVE('',#577,#601,#603,.T.);
#601 = VERTEX_POINT('',#602);
#602 = CARTESIAN_POINT('',(0.4,0.625,0.));
#603 = LINE('',#604,#605);
#604 = CARTESIAN_POINT('',(-1.084202172485E-16,0.625,0.));
#605 = VECTOR('',#606,1.);
#606 = DIRECTION('',(-1.,0.,0.));
#607 = ORIENTED_EDGE('',*,*,#608,.F.);
#608 = EDGE_CURVE('',#609,#601,#611,.T.);
#609 = VERTEX_POINT('',#610);
#610 = CARTESIAN_POINT('',(0.4,0.625,-2.5E-02));
#611 = LINE('',#612,#613);
#612 = CARTESIAN_POINT('',(0.4,0.625,-2.5E-02));
#613 = VECTOR('',#614,1.);
#614 = DIRECTION('',(0.,0.,1.));
#615 = ORIENTED_EDGE('',*,*,#616,.T.);
#616 = EDGE_CURVE('',#609,#617,#619,.T.);
#617 = VERTEX_POINT('',#618);
#618 = CARTESIAN_POINT('',(-0.4,0.625,-2.5E-02));
#619 = LINE('',#620,#621);
#620 = CARTESIAN_POINT('',(-1.084202172485E-16,0.625,-2.5E-02));
#621 = VECTOR('',#622,1.);
#622 = DIRECTION('',(-1.,0.,0.));
#623 = ORIENTED_EDGE('',*,*,#624,.T.);
#624 = EDGE_CURVE('',#617,#485,#625,.T.);
#625 = LINE('',#626,#627);
#626 = CARTESIAN_POINT('',(-0.4,0.625,-2.5E-02));
#627 = VECTOR('',#628,1.);
#628 = DIRECTION('',(0.,0.,1.));
#629 = ORIENTED_EDGE('',*,*,#508,.T.);
#630 = ORIENTED_EDGE('',*,*,#631,.F.);
#631 = EDGE_CURVE('',#390,#501,#632,.T.);
#632 = LINE('',#633,#634);
#633 = CARTESIAN_POINT('',(-0.65,0.625,1.E-02));
#634 = VECTOR('',#635,1.);
#635 = DIRECTION('',(0.,0.,-1.));
#636 = ORIENTED_EDGE('',*,*,#389,.F.);
#637 = ORIENTED_EDGE('',*,*,#584,.T.);
#638 = PLANE('',#639);
#639 = AXIS2_PLACEMENT_3D('',#640,#641,#642);
#640 = CARTESIAN_POINT('',(-1.084202172485E-16,0.625,1.E-02));
#641 = DIRECTION('',(0.,-1.,0.));
#642 = DIRECTION('',(0.,0.,-1.));
#643 = ADVANCED_FACE('',(#644),#650,.T.);
#644 = FACE_BOUND('',#645,.T.);
#645 = EDGE_LOOP('',(#646,#647,#648,#649));
#646 = ORIENTED_EDGE('',*,*,#500,.F.);
#647 = ORIENTED_EDGE('',*,*,#539,.F.);
#648 = ORIENTED_EDGE('',*,*,#397,.T.);
#649 = ORIENTED_EDGE('',*,*,#631,.T.);
#650 = PLANE('',#651);
#651 = AXIS2_PLACEMENT_3D('',#652,#653,#654);
#652 = CARTESIAN_POINT('',(-0.65,0.,1.E-02));
#653 = DIRECTION('',(-1.,0.,0.));
#654 = DIRECTION('',(0.,0.,1.));
#655 = ADVANCED_FACE('',(#656),#667,.F.);
#656 = FACE_BOUND('',#657,.T.);
#657 = EDGE_LOOP('',(#658,#659,#665,#666));
#658 = ORIENTED_EDGE('',*,*,#522,.T.);
#659 = ORIENTED_EDGE('',*,*,#660,.T.);
#660 = EDGE_CURVE('',#525,#601,#661,.T.);
#661 = LINE('',#662,#663);
#662 = CARTESIAN_POINT('',(0.4,0.,0.));
#663 = VECTOR('',#664,1.);
#664 = DIRECTION('',(-1.734723475977E-16,1.,0.));
#665 = ORIENTED_EDGE('',*,*,#600,.F.);
#666 = ORIENTED_EDGE('',*,*,#576,.F.);
#667 = PLANE('',#668);
#668 = AXIS2_PLACEMENT_3D('',#669,#670,#671);
#669 = CARTESIAN_POINT('',(0.,0.,0.));
#670 = DIRECTION('',(0.,0.,1.));
#671 = DIRECTION('',(1.,0.,-0.));
#672 = ADVANCED_FACE('',(#673),#684,.F.);
#673 = FACE_BOUND('',#674,.T.);
#674 = EDGE_LOOP('',(#675,#676,#677,#683));
#675 = ORIENTED_EDGE('',*,*,#482,.T.);
#676 = ORIENTED_EDGE('',*,*,#624,.F.);
#677 = ORIENTED_EDGE('',*,*,#678,.F.);
#678 = EDGE_CURVE('',#547,#617,#679,.T.);
#679 = LINE('',#680,#681);
#680 = CARTESIAN_POINT('',(-0.4,0.,-2.5E-02));
#681 = VECTOR('',#682,1.);
#682 = DIRECTION('',(-1.734723475977E-16,1.,0.));
#683 = ORIENTED_EDGE('',*,*,#546,.T.);
#684 = PLANE('',#685);
#685 = AXIS2_PLACEMENT_3D('',#686,#687,#688);
#686 = CARTESIAN_POINT('',(-0.4,0.,-2.5E-02));
#687 = DIRECTION('',(1.,1.734723475977E-16,0.));
#688 = DIRECTION('',(-1.734723475977E-16,1.,0.));
#689 = ADVANCED_FACE('',(#690),#701,.T.);
#690 = FACE_BOUND('',#691,.T.);
#691 = EDGE_LOOP('',(#692,#693,#694,#700));
#692 = ORIENTED_EDGE('',*,*,#660,.F.);
#693 = ORIENTED_EDGE('',*,*,#562,.F.);
#694 = ORIENTED_EDGE('',*,*,#695,.T.);
#695 = EDGE_CURVE('',#555,#609,#696,.T.);
#696 = LINE('',#697,#698);
#697 = CARTESIAN_POINT('',(0.4,0.,-2.5E-02));
#698 = VECTOR('',#699,1.);
#699 = DIRECTION('',(-1.734723475977E-16,1.,0.));
#700 = ORIENTED_EDGE('',*,*,#608,.T.);
#701 = PLANE('',#702);
#702 = AXIS2_PLACEMENT_3D('',#703,#704,#705);
#703 = CARTESIAN_POINT('',(0.4,0.,-2.5E-02));
#704 = DIRECTION('',(1.,1.734723475977E-16,0.));
#705 = DIRECTION('',(-1.734723475977E-16,1.,0.));
#706 = ADVANCED_FACE('',(#707),#713,.T.);
#707 = FACE_BOUND('',#708,.T.);
#708 = EDGE_LOOP('',(#709,#710,#711,#712));
#709 = ORIENTED_EDGE('',*,*,#554,.T.);
#710 = ORIENTED_EDGE('',*,*,#678,.T.);
#711 = ORIENTED_EDGE('',*,*,#616,.F.);
#712 = ORIENTED_EDGE('',*,*,#695,.F.);
#713 = PLANE('',#714);
#714 = AXIS2_PLACEMENT_3D('',#715,#716,#717);
#715 = CARTESIAN_POINT('',(0.,0.,-2.5E-02));
#716 = DIRECTION('',(0.,0.,-1.));
#717 = DIRECTION('',(1.,0.,0.));
#718 = ADVANCED_FACE('',(#719),#744,.T.);
#719 = FACE_BOUND('',#720,.T.);
#720 = EDGE_LOOP('',(#721,#722,#730,#738));
#721 = ORIENTED_EDGE('',*,*,#197,.F.);
#722 = ORIENTED_EDGE('',*,*,#723,.F.);
#723 = EDGE_CURVE('',#724,#198,#726,.T.);
#724 = VERTEX_POINT('',#725);
#725 = CARTESIAN_POINT('',(0.613319282023,-0.217089808048,2.E-02));
#726 = LINE('',#727,#728);
#727 = CARTESIAN_POINT('',(0.613319282023,-0.217089808048,2.E-02));
#728 = VECTOR('',#729,1.);
#729 = DIRECTION('',(0.,0.,-1.));
#730 = ORIENTED_EDGE('',*,*,#731,.T.);
#731 = EDGE_CURVE('',#724,#732,#734,.T.);
#732 = VERTEX_POINT('',#733);
#733 = CARTESIAN_POINT('',(0.347892303508,-0.217089808048,2.E-02));
#734 = LINE('',#735,#736);
#735 = CARTESIAN_POINT('',(0.480605792766,-0.217089808048,2.E-02));
#736 = VECTOR('',#737,1.);
#737 = DIRECTION('',(-1.,0.,0.));
#738 = ORIENTED_EDGE('',*,*,#739,.T.);
#739 = EDGE_CURVE('',#732,#200,#740,.T.);
#740 = LINE('',#741,#742);
#741 = CARTESIAN_POINT('',(0.347892303508,-0.217089808048,2.E-02));
#742 = VECTOR('',#743,1.);
#743 = DIRECTION('',(0.,0.,-1.));
#744 = PLANE('',#745);
#745 = AXIS2_PLACEMENT_3D('',#746,#747,#748);
#746 = CARTESIAN_POINT('',(0.480605792766,-0.217089808048,2.E-02));
#747 = DIRECTION('',(0.,-1.,0.));
#748 = DIRECTION('',(0.,0.,-1.));
#749 = ADVANCED_FACE('',(#750),#768,.T.);
#750 = FACE_BOUND('',#751,.T.);
#751 = EDGE_LOOP('',(#752,#753,#761,#767));
#752 = ORIENTED_EDGE('',*,*,#363,.F.);
#753 = ORIENTED_EDGE('',*,*,#754,.F.);
#754 = EDGE_CURVE('',#755,#356,#757,.T.);
#755 = VERTEX_POINT('',#756);
#756 = CARTESIAN_POINT('',(0.613319282023,-0.174575530104,2.E-02));
#757 = LINE('',#758,#759);
#758 = CARTESIAN_POINT('',(0.613319282023,-0.174575530104,2.E-02));
#759 = VECTOR('',#760,1.);
#760 = DIRECTION('',(0.,0.,-1.));
#761 = ORIENTED_EDGE('',*,*,#762,.T.);
#762 = EDGE_CURVE('',#755,#724,#763,.T.);
#763 = LINE('',#764,#765);
#764 = CARTESIAN_POINT('',(0.613319282023,-0.195832669076,2.E-02));
#765 = VECTOR('',#766,1.);
#766 = DIRECTION('',(0.,-1.,0.));
#767 = ORIENTED_EDGE('',*,*,#723,.T.);
#768 = PLANE('',#769);
#769 = AXIS2_PLACEMENT_3D('',#770,#771,#772);
#770 = CARTESIAN_POINT('',(0.613319282023,-0.195832669076,2.E-02));
#771 = DIRECTION('',(1.,0.,0.));
#772 = DIRECTION('',(0.,0.,-1.));
#773 = ADVANCED_FACE('',(#774),#792,.T.);
#774 = FACE_BOUND('',#775,.T.);
#775 = EDGE_LOOP('',(#776,#777,#785,#791));
#776 = ORIENTED_EDGE('',*,*,#355,.F.);
#777 = ORIENTED_EDGE('',*,*,#778,.F.);
#778 = EDGE_CURVE('',#779,#348,#781,.T.);
#779 = VERTEX_POINT('',#780);
#780 = CARTESIAN_POINT('',(0.405609192276,-0.174575530104,2.E-02));
#781 = LINE('',#782,#783);
#782 = CARTESIAN_POINT('',(0.405609192276,-0.174575530104,2.E-02));
#783 = VECTOR('',#784,1.);
#784 = DIRECTION('',(0.,0.,-1.));
#785 = ORIENTED_EDGE('',*,*,#786,.T.);
#786 = EDGE_CURVE('',#779,#755,#787,.T.);
#787 = LINE('',#788,#789);
#788 = CARTESIAN_POINT('',(0.50946423715,-0.174575530104,2.E-02));
#789 = VECTOR('',#790,1.);
#790 = DIRECTION('',(1.,0.,0.));
#791 = ORIENTED_EDGE('',*,*,#754,.T.);
#792 = PLANE('',#793);
#793 = AXIS2_PLACEMENT_3D('',#794,#795,#796);
#794 = CARTESIAN_POINT('',(0.50946423715,-0.174575530104,2.E-02));
#795 = DIRECTION('',(0.,1.,0.));
#796 = DIRECTION('',(0.,-0.,1.));
#797 = ADVANCED_FACE('',(#798),#816,.T.);
#798 = FACE_BOUND('',#799,.T.);
#799 = EDGE_LOOP('',(#800,#801,#809,#815));
#800 = ORIENTED_EDGE('',*,*,#347,.F.);
#801 = ORIENTED_EDGE('',*,*,#802,.F.);
#802 = EDGE_CURVE('',#803,#340,#805,.T.);
#803 = VERTEX_POINT('',#804);
#804 = CARTESIAN_POINT('',(0.405609192276,-0.172365848298,2.E-02));
#805 = LINE('',#806,#807);
#806 = CARTESIAN_POINT('',(0.405609192276,-0.172365848298,2.E-02));
#807 = VECTOR('',#808,1.);
#808 = DIRECTION('',(0.,0.,-1.));
#809 = ORIENTED_EDGE('',*,*,#810,.T.);
#810 = EDGE_CURVE('',#803,#779,#811,.T.);
#811 = LINE('',#812,#813);
#812 = CARTESIAN_POINT('',(0.405609192276,-0.173470689201,2.E-02));
#813 = VECTOR('',#814,1.);
#814 = DIRECTION('',(0.,-1.,0.));
#815 = ORIENTED_EDGE('',*,*,#778,.T.);
#816 = PLANE('',#817);
#817 = AXIS2_PLACEMENT_3D('',#818,#819,#820);
#818 = CARTESIAN_POINT('',(0.405609192276,-0.173470689201,2.E-02));
#819 = DIRECTION('',(1.,0.,0.));
#820 = DIRECTION('',(0.,0.,-1.));
#821 = ADVANCED_FACE('',(#822),#840,.T.);
#822 = FACE_BOUND('',#823,.T.);
#823 = EDGE_LOOP('',(#824,#825,#833,#839));
#824 = ORIENTED_EDGE('',*,*,#339,.F.);
#825 = ORIENTED_EDGE('',*,*,#826,.F.);
#826 = EDGE_CURVE('',#827,#331,#829,.T.);
#827 = VERTEX_POINT('',#828);
#828 = CARTESIAN_POINT('',(0.493873075802,-8.578712853792E-02,2.E-02));
#829 = LINE('',#830,#831);
#830 = CARTESIAN_POINT('',(0.493996464509,-8.592309605481E-02,2.E-02));
#831 = VECTOR('',#832,1.);
#832 = DIRECTION('',(0.,0.,-1.));
#833 = ORIENTED_EDGE('',*,*,#834,.T.);
#834 = EDGE_CURVE('',#827,#803,#835,.T.);
#835 = LINE('',#836,#837);
#836 = CARTESIAN_POINT('',(0.449802828393,-0.129144472177,2.E-02));
#837 = VECTOR('',#838,1.);
#838 = DIRECTION('',(-0.714927248094,-0.699198848636,0.));
#839 = ORIENTED_EDGE('',*,*,#802,.T.);
#840 = PLANE('',#841);
#841 = AXIS2_PLACEMENT_3D('',#842,#843,#844);
#842 = CARTESIAN_POINT('',(0.449802828393,-0.129144472177,2.E-02));
#843 = DIRECTION('',(0.699198848636,-0.714927248094,0.));
#844 = DIRECTION('',(0.714927248094,0.699198848636,0.));
#845 = ADVANCED_FACE('',(#846),#865,.T.);
#846 = FACE_BOUND('',#847,.T.);
#847 = EDGE_LOOP('',(#848,#849,#857,#864));
#848 = ORIENTED_EDGE('',*,*,#330,.F.);
#849 = ORIENTED_EDGE('',*,*,#850,.F.);
#850 = EDGE_CURVE('',#851,#322,#853,.T.);
#851 = VERTEX_POINT('',#852);
#852 = CARTESIAN_POINT('',(0.574744560042,8.99169881965E-03,2.E-02));
#853 = LINE('',#854,#855);
#854 = CARTESIAN_POINT('',(0.574605656785,9.093221595446E-03,2.E-02));
#855 = VECTOR('',#856,1.);
#856 = DIRECTION('',(0.,0.,-1.));
#857 = ORIENTED_EDGE('',*,*,#858,.T.);
#858 = EDGE_CURVE('',#851,#827,#859,.T.);
#859 = CIRCLE('',#860,0.505098071425);
#860 = AXIS2_PLACEMENT_3D('',#861,#862,#863);
#861 = CARTESIAN_POINT('',(0.154312625752,0.28838966983,2.E-02));
#862 = DIRECTION('',(0.,0.,-1.));
#863 = DIRECTION('',(-1.,0.,0.));
#864 = ORIENTED_EDGE('',*,*,#826,.T.);
#865 = CYLINDRICAL_SURFACE('',#866,0.505098071425);
#866 = AXIS2_PLACEMENT_3D('',#867,#868,#869);
#867 = CARTESIAN_POINT('',(0.154312625752,0.28838966983,2.E-02));
#868 = DIRECTION('',(0.,0.,-1.));
#869 = DIRECTION('',(0.770777345473,-0.637104609704,0.));
#870 = ADVANCED_FACE('',(#871),#890,.T.);
#871 = FACE_BOUND('',#872,.T.);
#872 = EDGE_LOOP('',(#873,#874,#882,#889));
#873 = ORIENTED_EDGE('',*,*,#321,.F.);
#874 = ORIENTED_EDGE('',*,*,#875,.F.);
#875 = EDGE_CURVE('',#876,#313,#878,.T.);
#876 = VERTEX_POINT('',#877);
#877 = CARTESIAN_POINT('',(0.596078751957,8.511354764244E-02,2.E-02));
#878 = LINE('',#879,#880);
#879 = CARTESIAN_POINT('',(0.59617215121,8.510627571565E-02,2.E-02));
#880 = VECTOR('',#881,1.);
#881 = DIRECTION('',(0.,0.,-1.));
#882 = ORIENTED_EDGE('',*,*,#883,.T.);
#883 = EDGE_CURVE('',#876,#851,#884,.T.);
#884 = CIRCLE('',#885,0.151287254987);
#885 = AXIS2_PLACEMENT_3D('',#886,#887,#888);
#886 = CARTESIAN_POINT('',(0.445001405322,8.737461793852E-02,2.E-02));
#887 = DIRECTION('',(0.,0.,-1.));
#888 = DIRECTION('',(-1.,0.,0.));
#889 = ORIENTED_EDGE('',*,*,#850,.T.);
#890 = CYLINDRICAL_SURFACE('',#891,0.151287254987);
#891 = AXIS2_PLACEMENT_3D('',#892,#893,#894);
#892 = CARTESIAN_POINT('',(0.445001405322,8.737461793852E-02,2.E-02));
#893 = DIRECTION('',(0.,0.,-1.));
#894 = DIRECTION('',(0.963515119709,-0.267653907299,0.));
#895 = ADVANCED_FACE('',(#896),#915,.T.);
#896 = FACE_BOUND('',#897,.T.);
#897 = EDGE_LOOP('',(#898,#899,#907,#914));
#898 = ORIENTED_EDGE('',*,*,#312,.F.);
#899 = ORIENTED_EDGE('',*,*,#900,.F.);
#900 = EDGE_CURVE('',#901,#304,#903,.T.);
#901 = VERTEX_POINT('',#902);
#902 = CARTESIAN_POINT('',(0.564002879223,0.163532914994,2.E-02));
#903 = LINE('',#904,#905);
#904 = CARTESIAN_POINT('',(0.563866603209,0.163373205278,2.E-02));
#905 = VECTOR('',#906,1.);
#906 = DIRECTION('',(0.,0.,-1.));
#907 = ORIENTED_EDGE('',*,*,#908,.T.);
#908 = EDGE_CURVE('',#901,#876,#909,.T.);
#909 = CIRCLE('',#910,0.100044545212);
#910 = AXIS2_PLACEMENT_3D('',#911,#912,#913);
#911 = CARTESIAN_POINT('',(0.495965894355,9.01132076534E-02,2.E-02));
#912 = DIRECTION('',(0.,0.,-1.));
#913 = DIRECTION('',(-1.,0.,0.));
#914 = ORIENTED_EDGE('',*,*,#875,.T.);
#915 = CYLINDRICAL_SURFACE('',#916,0.100044545212);
#916 = AXIS2_PLACEMENT_3D('',#917,#918,#919);
#917 = CARTESIAN_POINT('',(0.495965894355,9.01132076534E-02,2.E-02));
#918 = DIRECTION('',(0.,0.,-1.));
#919 = DIRECTION('',(0.92041624689,0.390939806699,0.));
#920 = ADVANCED_FACE('',(#921),#940,.T.);
#921 = FACE_BOUND('',#922,.T.);
#922 = EDGE_LOOP('',(#923,#924,#932,#939));
#923 = ORIENTED_EDGE('',*,*,#303,.F.);
#924 = ORIENTED_EDGE('',*,*,#925,.F.);
#925 = EDGE_CURVE('',#926,#295,#928,.T.);
#926 = VERTEX_POINT('',#927);
#927 = CARTESIAN_POINT('',(0.474660212552,0.192343440704,2.E-02));
#928 = LINE('',#929,#930);
#929 = CARTESIAN_POINT('',(0.47463965189,0.192496811479,2.E-02));
#930 = VECTOR('',#931,1.);
#931 = DIRECTION('',(0.,0.,-1.));
#932 = ORIENTED_EDGE('',*,*,#933,.T.);
#933 = EDGE_CURVE('',#926,#901,#934,.T.);
#934 = CIRCLE('',#935,0.1293031961);
#935 = AXIS2_PLACEMENT_3D('',#936,#937,#938);
#936 = CARTESIAN_POINT('',(0.483022249453,6.299795685729E-02,2.E-02));
#937 = DIRECTION('',(0.,0.,-1.));
#938 = DIRECTION('',(-1.,0.,0.));
#939 = ORIENTED_EDGE('',*,*,#900,.T.);
#940 = CYLINDRICAL_SURFACE('',#941,0.1293031961);
#941 = AXIS2_PLACEMENT_3D('',#942,#943,#944);
#942 = CARTESIAN_POINT('',(0.483022249453,6.299795685729E-02,2.E-02));
#943 = DIRECTION('',(0.,0.,-1.));
#944 = DIRECTION('',(0.327653296017,0.944798030062,0.));
#945 = ADVANCED_FACE('',(#946),#965,.T.);
#946 = FACE_BOUND('',#947,.T.);
#947 = EDGE_LOOP('',(#948,#949,#957,#964));
#948 = ORIENTED_EDGE('',*,*,#294,.F.);
#949 = ORIENTED_EDGE('',*,*,#950,.F.);
#950 = EDGE_CURVE('',#951,#287,#953,.T.);
#951 = VERTEX_POINT('',#952);
#952 = CARTESIAN_POINT('',(0.35327313543,0.145880394558,2.E-02));
#953 = LINE('',#954,#955);
#954 = CARTESIAN_POINT('',(0.353273104071,0.145880397448,2.E-02));
#955 = VECTOR('',#956,1.);
#956 = DIRECTION('',(0.,0.,-1.));
#957 = ORIENTED_EDGE('',*,*,#958,.T.);
#958 = EDGE_CURVE('',#951,#926,#959,.T.);
#959 = CIRCLE('',#960,0.185943979474);
#960 = AXIS2_PLACEMENT_3D('',#961,#962,#963);
#961 = CARTESIAN_POINT('',(0.476602471691,6.722042816201E-03,2.E-02));
#962 = DIRECTION('',(0.,0.,-1.));
#963 = DIRECTION('',(-1.,0.,0.));
#964 = ORIENTED_EDGE('',*,*,#925,.T.);
#965 = CYLINDRICAL_SURFACE('',#966,0.185943979474);
#966 = AXIS2_PLACEMENT_3D('',#967,#968,#969);
#967 = CARTESIAN_POINT('',(0.476602471691,6.722042816201E-03,2.E-02));
#968 = DIRECTION('',(0.,0.,-1.));
#969 = DIRECTION('',(-0.350702849397,0.936486791911,0.));
#970 = ADVANCED_FACE('',(#971),#989,.T.);
#971 = FACE_BOUND('',#972,.T.);
#972 = EDGE_LOOP('',(#973,#974,#982,#988));
#973 = ORIENTED_EDGE('',*,*,#286,.F.);
#974 = ORIENTED_EDGE('',*,*,#975,.F.);
#975 = EDGE_CURVE('',#976,#278,#978,.T.);
#976 = VERTEX_POINT('',#977);
#977 = CARTESIAN_POINT('',(0.377497909693,0.114784630777,2.E-02));
#978 = LINE('',#979,#980);
#979 = CARTESIAN_POINT('',(0.377497909693,0.114784630777,2.E-02));
#980 = VECTOR('',#981,1.);
#981 = DIRECTION('',(0.,0.,-1.));
#982 = ORIENTED_EDGE('',*,*,#983,.T.);
#983 = EDGE_CURVE('',#976,#951,#984,.T.);
#984 = LINE('',#985,#986);
#985 = CARTESIAN_POINT('',(0.365260402502,0.130493140007,2.E-02));
#986 = VECTOR('',#987,1.);
#987 = DIRECTION('',(-0.61455928173,0.788870641639,0.));
#988 = ORIENTED_EDGE('',*,*,#950,.T.);
#989 = PLANE('',#990);
#990 = AXIS2_PLACEMENT_3D('',#991,#992,#993);
#991 = CARTESIAN_POINT('',(0.365260402502,0.130493140007,2.E-02));
#992 = DIRECTION('',(-0.788870641639,-0.61455928173,0.));
#993 = DIRECTION('',(0.61455928173,-0.788870641639,0.));
#994 = ADVANCED_FACE('',(#995),#1014,.F.);
#995 = FACE_BOUND('',#996,.F.);
#996 = EDGE_LOOP('',(#997,#998,#1007,#1013));
#997 = ORIENTED_EDGE('',*,*,#975,.F.);
#998 = ORIENTED_EDGE('',*,*,#999,.T.);
#999 = EDGE_CURVE('',#976,#1000,#1002,.T.);
#1000 = VERTEX_POINT('',#1001);
#1001 = CARTESIAN_POINT('',(0.427498289833,0.14510396798,2.E-02));
#1002 = CIRCLE('',#1003,0.192500535022);
#1003 = AXIS2_PLACEMENT_3D('',#1004,#1005,#1006);
#1004 = CARTESIAN_POINT('',(0.501349606024,-3.258298201493E-02,2.E-02));
#1005 = DIRECTION('',(0.,0.,-1.));
#1006 = DIRECTION('',(-1.,0.,0.));
#1007 = ORIENTED_EDGE('',*,*,#1008,.T.);
#1008 = EDGE_CURVE('',#1000,#269,#1009,.T.);
#1009 = LINE('',#1010,#1011);
#1010 = CARTESIAN_POINT('',(0.42752923579,0.145032846289,2.E-02));
#1011 = VECTOR('',#1012,1.);
#1012 = DIRECTION('',(0.,0.,-1.));
#1013 = ORIENTED_EDGE('',*,*,#277,.F.);
#1014 = CYLINDRICAL_SURFACE('',#1015,0.192500535022);
#1015 = AXIS2_PLACEMENT_3D('',#1016,#1017,#1018);
#1016 = CARTESIAN_POINT('',(0.501349606024,-3.258298201493E-02,2.E-02));
#1017 = DIRECTION('',(0.,0.,-1.));
#1018 = DIRECTION('',(-0.507077063583,0.861900720262,0.));
#1019 = ADVANCED_FACE('',(#1020),#1039,.F.);
#1020 = FACE_BOUND('',#1021,.F.);
#1021 = EDGE_LOOP('',(#1022,#1023,#1032,#1038));
#1022 = ORIENTED_EDGE('',*,*,#1008,.F.);
#1023 = ORIENTED_EDGE('',*,*,#1024,.T.);
#1024 = EDGE_CURVE('',#1000,#1025,#1027,.T.);
#1025 = VERTEX_POINT('',#1026);
#1026 = CARTESIAN_POINT('',(0.475178316515,0.153198857353,2.E-02));
#1027 = CIRCLE('',#1028,0.136595474366);
#1028 = AXIS2_PLACEMENT_3D('',#1029,#1030,#1031);
#1029 = CARTESIAN_POINT('',(0.474355418525,1.67291079397E-02,2.E-02));
#1030 = DIRECTION('',(0.,0.,-1.));
#1031 = DIRECTION('',(-1.,0.,0.));
#1032 = ORIENTED_EDGE('',*,*,#1033,.T.);
#1033 = EDGE_CURVE('',#1025,#260,#1034,.T.);
#1034 = LINE('',#1035,#1036);
#1035 = CARTESIAN_POINT('',(0.475169975524,0.153341249879,2.E-02));
#1036 = VECTOR('',#1037,1.);
#1037 = DIRECTION('',(0.,0.,-1.));
#1038 = ORIENTED_EDGE('',*,*,#268,.F.);
#1039 = CYLINDRICAL_SURFACE('',#1040,0.136595474366);
#1040 = AXIS2_PLACEMENT_3D('',#1041,#1042,#1043);
#1041 = CARTESIAN_POINT('',(0.474355418525,1.67291079397E-02,2.E-02));
#1042 = DIRECTION('',(0.,0.,-1.));
#1043 = DIRECTION('',(-0.173111836476,0.984902173859,0.));
#1044 = ADVANCED_FACE('',(#1045),#1064,.F.);
#1045 = FACE_BOUND('',#1046,.F.);
#1046 = EDGE_LOOP('',(#1047,#1048,#1057,#1063));
#1047 = ORIENTED_EDGE('',*,*,#1033,.F.);
#1048 = ORIENTED_EDGE('',*,*,#1049,.T.);
#1049 = EDGE_CURVE('',#1025,#1050,#1052,.T.);
#1050 = VERTEX_POINT('',#1051);
#1051 = CARTESIAN_POINT('',(0.529695618045,0.134518761238,2.E-02));
#1052 = CIRCLE('',#1053,7.558014460486E-02);
#1053 = AXIS2_PLACEMENT_3D('',#1054,#1055,#1056);
#1054 = CARTESIAN_POINT('',(0.48011250225,7.76370099237E-02,2.E-02));
#1055 = DIRECTION('',(0.,0.,-1.));
#1056 = DIRECTION('',(-1.,0.,0.));
#1057 = ORIENTED_EDGE('',*,*,#1058,.T.);
#1058 = EDGE_CURVE('',#1050,#251,#1059,.T.);
#1059 = LINE('',#1060,#1061);
#1060 = CARTESIAN_POINT('',(0.529616535219,0.134426373622,2.E-02));
#1061 = VECTOR('',#1062,1.);
#1062 = DIRECTION('',(0.,0.,-1.));
#1063 = ORIENTED_EDGE('',*,*,#259,.F.);
#1064 = CYLINDRICAL_SURFACE('',#1065,7.558014460486E-02);
#1065 = AXIS2_PLACEMENT_3D('',#1066,#1067,#1068);
#1066 = CARTESIAN_POINT('',(0.48011250225,7.76370099237E-02,2.E-02));
#1067 = DIRECTION('',(0.,0.,-1.));
#1068 = DIRECTION('',(0.344919599075,0.938632233718,0.));
#1069 = ADVANCED_FACE('',(#1070),#1089,.F.);
#1070 = FACE_BOUND('',#1071,.F.);
#1071 = EDGE_LOOP('',(#1072,#1073,#1082,#1088));
#1072 = ORIENTED_EDGE('',*,*,#1058,.F.);
#1073 = ORIENTED_EDGE('',*,*,#1074,.T.);
#1074 = EDGE_CURVE('',#1050,#1075,#1077,.T.);
#1075 = VERTEX_POINT('',#1076);
#1076 = CARTESIAN_POINT('',(0.549127348061,8.317047459764E-02,2.E-02));
#1077 = CIRCLE('',#1078,6.794345226996E-02);
#1078 = AXIS2_PLACEMENT_3D('',#1079,#1080,#1081);
#1079 = CARTESIAN_POINT('',(0.481180966383,8.700275129018E-02,2.E-02));
#1080 = DIRECTION('',(0.,0.,-1.));
#1081 = DIRECTION('',(-1.,0.,0.));
#1082 = ORIENTED_EDGE('',*,*,#1083,.T.);
#1083 = EDGE_CURVE('',#1075,#242,#1084,.T.);
#1084 = LINE('',#1085,#1086);
#1085 = CARTESIAN_POINT('',(0.549238509655,8.316175572653E-02,2.E-02));
#1086 = VECTOR('',#1087,1.);
#1087 = DIRECTION('',(0.,0.,-1.));
#1088 = ORIENTED_EDGE('',*,*,#250,.F.);
#1089 = CYLINDRICAL_SURFACE('',#1090,6.794345226996E-02);
#1090 = AXIS2_PLACEMENT_3D('',#1091,#1092,#1093);
#1091 = CARTESIAN_POINT('',(0.481180966383,8.700275129018E-02,2.E-02));
#1092 = DIRECTION('',(0.,0.,-1.));
#1093 = DIRECTION('',(0.929037644141,0.369985210203,0.));
#1094 = ADVANCED_FACE('',(#1095),#1114,.F.);
#1095 = FACE_BOUND('',#1096,.F.);
#1096 = EDGE_LOOP('',(#1097,#1098,#1107,#1113));
#1097 = ORIENTED_EDGE('',*,*,#1083,.F.);
#1098 = ORIENTED_EDGE('',*,*,#1099,.T.);
#1099 = EDGE_CURVE('',#1075,#1100,#1102,.T.);
#1100 = VERTEX_POINT('',#1101);
#1101 = CARTESIAN_POINT('',(0.541529753092,4.03723553438E-02,2.E-02));
#1102 = CIRCLE('',#1103,0.116996156331);
#1103 = AXIS2_PLACEMENT_3D('',#1104,#1105,#1106);
#1104 = CARTESIAN_POINT('',(0.432219806353,8.209194944228E-02,2.E-02));
#1105 = DIRECTION('',(0.,0.,-1.));
#1106 = DIRECTION('',(-1.,0.,0.));
#1107 = ORIENTED_EDGE('',*,*,#1108,.T.);
#1108 = EDGE_CURVE('',#1100,#233,#1109,.T.);
#1109 = LINE('',#1110,#1111);
#1110 = CARTESIAN_POINT('',(0.541504623334,4.038231596586E-02,2.E-02));
#1111 = VECTOR('',#1112,1.);
#1112 = DIRECTION('',(0.,0.,-1.));
#1113 = ORIENTED_EDGE('',*,*,#241,.F.);
#1114 = CYLINDRICAL_SURFACE('',#1115,0.116996156331);
#1115 = AXIS2_PLACEMENT_3D('',#1116,#1117,#1118);
#1116 = CARTESIAN_POINT('',(0.432219806353,8.209194944228E-02,2.E-02));
#1117 = DIRECTION('',(0.,0.,-1.));
#1118 = DIRECTION('',(0.983648605799,-0.180098362874,0.));
#1119 = ADVANCED_FACE('',(#1120),#1139,.F.);
#1120 = FACE_BOUND('',#1121,.F.);
#1121 = EDGE_LOOP('',(#1122,#1123,#1132,#1138));
#1122 = ORIENTED_EDGE('',*,*,#1108,.F.);
#1123 = ORIENTED_EDGE('',*,*,#1124,.T.);
#1124 = EDGE_CURVE('',#1100,#1125,#1127,.T.);
#1125 = VERTEX_POINT('',#1126);
#1126 = CARTESIAN_POINT('',(0.51837619548,-5.590944304331E-04,2.E-02));
#1127 = CIRCLE('',#1128,0.179794741007);
#1128 = AXIS2_PLACEMENT_3D('',#1129,#1130,#1131);
#1129 = CARTESIAN_POINT('',(0.375081979882,0.108280896214,2.E-02));
#1130 = DIRECTION('',(0.,0.,-1.));
#1131 = DIRECTION('',(-1.,0.,0.));
#1132 = ORIENTED_EDGE('',*,*,#1133,.T.);
#1133 = EDGE_CURVE('',#1125,#224,#1134,.T.);
#1134 = LINE('',#1135,#1136);
#1135 = CARTESIAN_POINT('',(0.518302964373,-4.967974418131E-04,2.E-02));
#1136 = VECTOR('',#1137,1.);
#1137 = DIRECTION('',(0.,0.,-1.));
#1138 = ORIENTED_EDGE('',*,*,#232,.F.);
#1139 = CYLINDRICAL_SURFACE('',#1140,0.179794741007);
#1140 = AXIS2_PLACEMENT_3D('',#1141,#1142,#1143);
#1141 = CARTESIAN_POINT('',(0.375081979882,0.108280896214,2.E-02));
#1142 = DIRECTION('',(0.,0.,-1.));
#1143 = DIRECTION('',(0.871843771197,-0.48978407347,0.));
#1144 = ADVANCED_FACE('',(#1145),#1164,.F.);
#1145 = FACE_BOUND('',#1146,.F.);
#1146 = EDGE_LOOP('',(#1147,#1148,#1157,#1163));
#1147 = ORIENTED_EDGE('',*,*,#1133,.F.);
#1148 = ORIENTED_EDGE('',*,*,#1149,.T.);
#1149 = EDGE_CURVE('',#1125,#1150,#1152,.T.);
#1150 = VERTEX_POINT('',#1151);
#1151 = CARTESIAN_POINT('',(0.454163139272,-7.065978745632E-02,
    1.999975E-02));
#1152 = CIRCLE('',#1153,0.863146619553);
#1153 = AXIS2_PLACEMENT_3D('',#1154,#1155,#1156);
#1154 = CARTESIAN_POINT('',(-0.147791602502,0.548063715372,2.E-02));
#1155 = DIRECTION('',(0.,0.,-1.));
#1156 = DIRECTION('',(-1.,0.,0.));
#1157 = ORIENTED_EDGE('',*,*,#1158,.T.);
#1158 = EDGE_CURVE('',#1150,#216,#1159,.T.);
#1159 = LINE('',#1160,#1161);
#1160 = CARTESIAN_POINT('',(0.454222192004,-7.072048523077E-02,2.E-02));
#1161 = VECTOR('',#1162,1.);
#1162 = DIRECTION('',(0.,0.,-1.));
#1163 = ORIENTED_EDGE('',*,*,#223,.F.);
#1164 = CYLINDRICAL_SURFACE('',#1165,0.863146619553);
#1165 = AXIS2_PLACEMENT_3D('',#1166,#1167,#1168);
#1166 = CARTESIAN_POINT('',(-0.147791602502,0.548063715372,2.E-02));
#1167 = DIRECTION('',(0.,0.,-1.));
#1168 = DIRECTION('',(0.744154161406,-0.668007922155,0.));
#1169 = ADVANCED_FACE('',(#1170),#1188,.T.);
#1170 = FACE_BOUND('',#1171,.T.);
#1171 = EDGE_LOOP('',(#1172,#1173,#1181,#1187));
#1172 = ORIENTED_EDGE('',*,*,#215,.F.);
#1173 = ORIENTED_EDGE('',*,*,#1174,.F.);
#1174 = EDGE_CURVE('',#1175,#208,#1177,.T.);
#1175 = VERTEX_POINT('',#1176);
#1176 = CARTESIAN_POINT('',(0.347892303508,-0.17758069736,2.E-02));
#1177 = LINE('',#1178,#1179);
#1178 = CARTESIAN_POINT('',(0.347892303508,-0.17758069736,2.E-02));
#1179 = VECTOR('',#1180,1.);
#1180 = DIRECTION('',(0.,0.,-1.));
#1181 = ORIENTED_EDGE('',*,*,#1182,.T.);
#1182 = EDGE_CURVE('',#1175,#1150,#1183,.T.);
#1183 = LINE('',#1184,#1185);
#1184 = CARTESIAN_POINT('',(0.401057247756,-0.124150591295,2.E-02));
#1185 = VECTOR('',#1186,1.);
#1186 = DIRECTION('',(0.70534562677,0.708863560071,0.));
#1187 = ORIENTED_EDGE('',*,*,#1158,.T.);
#1188 = PLANE('',#1189);
#1189 = AXIS2_PLACEMENT_3D('',#1190,#1191,#1192);
#1190 = CARTESIAN_POINT('',(0.401057247756,-0.124150591295,2.E-02));
#1191 = DIRECTION('',(-0.708863560071,0.70534562677,0.));
#1192 = DIRECTION('',(-0.70534562677,-0.708863560071,0.));
#1193 = ADVANCED_FACE('',(#1194),#1205,.T.);
#1194 = FACE_BOUND('',#1195,.T.);
#1195 = EDGE_LOOP('',(#1196,#1197,#1198,#1204));
#1196 = ORIENTED_EDGE('',*,*,#207,.F.);
#1197 = ORIENTED_EDGE('',*,*,#739,.F.);
#1198 = ORIENTED_EDGE('',*,*,#1199,.T.);
#1199 = EDGE_CURVE('',#732,#1175,#1200,.T.);
#1200 = LINE('',#1201,#1202);
#1201 = CARTESIAN_POINT('',(0.347892303508,-0.197335252704,2.E-02));
#1202 = VECTOR('',#1203,1.);
#1203 = DIRECTION('',(0.,1.,0.));
#1204 = ORIENTED_EDGE('',*,*,#1174,.T.);
#1205 = PLANE('',#1206);
#1206 = AXIS2_PLACEMENT_3D('',#1207,#1208,#1209);
#1207 = CARTESIAN_POINT('',(0.347892303508,-0.197335252704,2.E-02));
#1208 = DIRECTION('',(-1.,0.,0.));
#1209 = DIRECTION('',(0.,0.,1.));
#1210 = ADVANCED_FACE('',(#1211),#1233,.T.);
#1211 = FACE_BOUND('',#1212,.T.);
#1212 = EDGE_LOOP('',(#1213,#1214,#1215,#1216,#1217,#1218,#1219,#1220,
    #1221,#1222,#1223,#1224,#1225,#1226,#1227,#1228,#1229,#1230,#1231,
    #1232));
#1213 = ORIENTED_EDGE('',*,*,#731,.F.);
#1214 = ORIENTED_EDGE('',*,*,#762,.F.);
#1215 = ORIENTED_EDGE('',*,*,#786,.F.);
#1216 = ORIENTED_EDGE('',*,*,#810,.F.);
#1217 = ORIENTED_EDGE('',*,*,#834,.F.);
#1218 = ORIENTED_EDGE('',*,*,#858,.F.);
#1219 = ORIENTED_EDGE('',*,*,#883,.F.);
#1220 = ORIENTED_EDGE('',*,*,#908,.F.);
#1221 = ORIENTED_EDGE('',*,*,#933,.F.);
#1222 = ORIENTED_EDGE('',*,*,#958,.F.);
#1223 = ORIENTED_EDGE('',*,*,#983,.F.);
#1224 = ORIENTED_EDGE('',*,*,#999,.T.);
#1225 = ORIENTED_EDGE('',*,*,#1024,.T.);
#1226 = ORIENTED_EDGE('',*,*,#1049,.T.);
#1227 = ORIENTED_EDGE('',*,*,#1074,.T.);
#1228 = ORIENTED_EDGE('',*,*,#1099,.T.);
#1229 = ORIENTED_EDGE('',*,*,#1124,.T.);
#1230 = ORIENTED_EDGE('',*,*,#1149,.T.);
#1231 = ORIENTED_EDGE('',*,*,#1182,.F.);
#1232 = ORIENTED_EDGE('',*,*,#1199,.F.);
#1233 = PLANE('',#1234);
#1234 = AXIS2_PLACEMENT_3D('',#1235,#1236,#1237);
#1235 = CARTESIAN_POINT('',(0.,0.,2.E-02));
#1236 = DIRECTION('',(0.,0.,1.));
#1237 = DIRECTION('',(1.,0.,-0.));
#1238 = ADVANCED_FACE('',(#1239),#1264,.T.);
#1239 = FACE_BOUND('',#1240,.T.);
#1240 = EDGE_LOOP('',(#1241,#1242,#1250,#1258));
#1241 = ORIENTED_EDGE('',*,*,#122,.F.);
#1242 = ORIENTED_EDGE('',*,*,#1243,.F.);
#1243 = EDGE_CURVE('',#1244,#123,#1246,.T.);
#1244 = VERTEX_POINT('',#1245);
#1245 = CARTESIAN_POINT('',(-0.452542833832,-0.217089808048,2.E-02));
#1246 = LINE('',#1247,#1248);
#1247 = CARTESIAN_POINT('',(-0.452542833832,-0.217089808048,2.E-02));
#1248 = VECTOR('',#1249,1.);
#1249 = DIRECTION('',(0.,0.,-1.));
#1250 = ORIENTED_EDGE('',*,*,#1251,.T.);
#1251 = EDGE_CURVE('',#1244,#1252,#1254,.T.);
#1252 = VERTEX_POINT('',#1253);
#1253 = CARTESIAN_POINT('',(-0.497266793582,-0.217089808048,2.E-02));
#1254 = LINE('',#1255,#1256);
#1255 = CARTESIAN_POINT('',(-0.474904813707,-0.217089808048,2.E-02));
#1256 = VECTOR('',#1257,1.);
#1257 = DIRECTION('',(-1.,0.,0.));
#1258 = ORIENTED_EDGE('',*,*,#1259,.T.);
#1259 = EDGE_CURVE('',#1252,#125,#1260,.T.);
#1260 = LINE('',#1261,#1262);
#1261 = CARTESIAN_POINT('',(-0.497266793582,-0.217089808048,2.E-02));
#1262 = VECTOR('',#1263,1.);
#1263 = DIRECTION('',(0.,0.,-1.));
#1264 = PLANE('',#1265);
#1265 = AXIS2_PLACEMENT_3D('',#1266,#1267,#1268);
#1266 = CARTESIAN_POINT('',(-0.474904813707,-0.217089808048,2.E-02));
#1267 = DIRECTION('',(0.,-1.,0.));
#1268 = DIRECTION('',(0.,0.,-1.));
#1269 = ADVANCED_FACE('',(#1270),#1288,.T.);
#1270 = FACE_BOUND('',#1271,.T.);
#1271 = EDGE_LOOP('',(#1272,#1273,#1281,#1287));
#1272 = ORIENTED_EDGE('',*,*,#189,.F.);
#1273 = ORIENTED_EDGE('',*,*,#1274,.F.);
#1274 = EDGE_CURVE('',#1275,#182,#1277,.T.);
#1275 = VERTEX_POINT('',#1276);
#1276 = CARTESIAN_POINT('',(-0.452542833832,0.186751638783,2.E-02));
#1277 = LINE('',#1278,#1279);
#1278 = CARTESIAN_POINT('',(-0.452542833832,0.186751638783,2.E-02));
#1279 = VECTOR('',#1280,1.);
#1280 = DIRECTION('',(0.,0.,-1.));
#1281 = ORIENTED_EDGE('',*,*,#1282,.T.);
#1282 = EDGE_CURVE('',#1275,#1244,#1283,.T.);
#1283 = LINE('',#1284,#1285);
#1284 = CARTESIAN_POINT('',(-0.452542833832,-1.516908463246E-02,2.E-02)
  );
#1285 = VECTOR('',#1286,1.);
#1286 = DIRECTION('',(0.,-1.,0.));
#1287 = ORIENTED_EDGE('',*,*,#1243,.T.);
#1288 = PLANE('',#1289);
#1289 = AXIS2_PLACEMENT_3D('',#1290,#1291,#1292);
#1290 = CARTESIAN_POINT('',(-0.452542833832,-1.516908463246E-02,2.E-02)
  );
#1291 = DIRECTION('',(1.,0.,0.));
#1292 = DIRECTION('',(0.,0.,-1.));
#1293 = ADVANCED_FACE('',(#1294),#1312,.T.);
#1294 = FACE_BOUND('',#1295,.T.);
#1295 = EDGE_LOOP('',(#1296,#1297,#1305,#1311));
#1296 = ORIENTED_EDGE('',*,*,#181,.F.);
#1297 = ORIENTED_EDGE('',*,*,#1298,.F.);
#1298 = EDGE_CURVE('',#1299,#174,#1301,.T.);
#1299 = VERTEX_POINT('',#1300);
#1300 = CARTESIAN_POINT('',(-0.491168071798,0.186751638783,2.E-02));
#1301 = LINE('',#1302,#1303);
#1302 = CARTESIAN_POINT('',(-0.491168071798,0.186751638783,2.E-02));
#1303 = VECTOR('',#1304,1.);
#1304 = DIRECTION('',(0.,0.,-1.));
#1305 = ORIENTED_EDGE('',*,*,#1306,.T.);
#1306 = EDGE_CURVE('',#1299,#1275,#1307,.T.);
#1307 = LINE('',#1308,#1309);
#1308 = CARTESIAN_POINT('',(-0.471855452815,0.186751638783,2.E-02));
#1309 = VECTOR('',#1310,1.);
#1310 = DIRECTION('',(1.,0.,0.));
#1311 = ORIENTED_EDGE('',*,*,#1274,.T.);
#1312 = PLANE('',#1313);
#1313 = AXIS2_PLACEMENT_3D('',#1314,#1315,#1316);
#1314 = CARTESIAN_POINT('',(-0.471855452815,0.186751638783,2.E-02));
#1315 = DIRECTION('',(0.,1.,0.));
#1316 = DIRECTION('',(0.,-0.,1.));
#1317 = ADVANCED_FACE('',(#1318),#1336,.T.);
#1318 = FACE_BOUND('',#1319,.T.);
#1319 = EDGE_LOOP('',(#1320,#1321,#1329,#1335));
#1320 = ORIENTED_EDGE('',*,*,#173,.F.);
#1321 = ORIENTED_EDGE('',*,*,#1322,.F.);
#1322 = EDGE_CURVE('',#1323,#166,#1325,.T.);
#1323 = VERTEX_POINT('',#1324);
#1324 = CARTESIAN_POINT('',(-0.598028283927,0.104109539246,2.E-02));
#1325 = LINE('',#1326,#1327);
#1326 = CARTESIAN_POINT('',(-0.598028283927,0.104109539246,2.E-02));
#1327 = VECTOR('',#1328,1.);
#1328 = DIRECTION('',(0.,0.,-1.));
#1329 = ORIENTED_EDGE('',*,*,#1330,.T.);
#1330 = EDGE_CURVE('',#1323,#1299,#1331,.T.);
#1331 = LINE('',#1332,#1333);
#1332 = CARTESIAN_POINT('',(-0.544598177862,0.145430589015,2.E-02));
#1333 = VECTOR('',#1334,1.);
#1334 = DIRECTION('',(0.791040318797,0.611764018259,0.));
#1335 = ORIENTED_EDGE('',*,*,#1298,.T.);
#1336 = PLANE('',#1337);
#1337 = AXIS2_PLACEMENT_3D('',#1338,#1339,#1340);
#1338 = CARTESIAN_POINT('',(-0.544598177862,0.145430589015,2.E-02));
#1339 = DIRECTION('',(-0.611764018259,0.791040318797,0.));
#1340 = DIRECTION('',(-0.791040318797,-0.611764018259,0.));
#1341 = ADVANCED_FACE('',(#1342),#1360,.T.);
#1342 = FACE_BOUND('',#1343,.T.);
#1343 = EDGE_LOOP('',(#1344,#1345,#1353,#1359));
#1344 = ORIENTED_EDGE('',*,*,#165,.F.);
#1345 = ORIENTED_EDGE('',*,*,#1346,.F.);
#1346 = EDGE_CURVE('',#1347,#158,#1349,.T.);
#1347 = VERTEX_POINT('',#1348);
#1348 = CARTESIAN_POINT('',(-0.573673126248,7.258068057712E-02,2.E-02));
#1349 = LINE('',#1350,#1351);
#1350 = CARTESIAN_POINT('',(-0.573673126248,7.258068057712E-02,
    1.999999566578E-02));
#1351 = VECTOR('',#1352,1.);
#1352 = DIRECTION('',(1.474976425557E-26,-1.909424027267E-26,-1.));
#1353 = ORIENTED_EDGE('',*,*,#1354,.T.);
#1354 = EDGE_CURVE('',#1347,#1323,#1355,.T.);
#1355 = LINE('',#1356,#1357);
#1356 = CARTESIAN_POINT('',(-0.585875033995,8.837660478827E-02,2.E-02));
#1357 = VECTOR('',#1358,1.);
#1358 = DIRECTION('',(-0.611320958519,0.791382768119,0.));
#1359 = ORIENTED_EDGE('',*,*,#1322,.T.);
#1360 = PLANE('',#1361);
#1361 = AXIS2_PLACEMENT_3D('',#1362,#1363,#1364);
#1362 = CARTESIAN_POINT('',(-0.585875033995,8.837660478827E-02,2.E-02));
#1363 = DIRECTION('',(-0.791382768119,-0.611320958519,0.));
#1364 = DIRECTION('',(0.611320958519,-0.791382768119,0.));
#1365 = ADVANCED_FACE('',(#1366),#1384,.T.);
#1366 = FACE_BOUND('',#1367,.T.);
#1367 = EDGE_LOOP('',(#1368,#1369,#1377,#1383));
#1368 = ORIENTED_EDGE('',*,*,#157,.F.);
#1369 = ORIENTED_EDGE('',*,*,#1370,.F.);
#1370 = EDGE_CURVE('',#1371,#150,#1373,.T.);
#1371 = VERTEX_POINT('',#1372);
#1372 = CARTESIAN_POINT('',(-0.508098750194,0.126291811153,2.E-02));
#1373 = LINE('',#1374,#1375);
#1374 = CARTESIAN_POINT('',(-0.508098750194,0.126291811153,
    1.999999566578E-02));
#1375 = VECTOR('',#1376,1.);
#1376 = DIRECTION('',(-4.090565504122E-25,-3.662285582173E-25,-1.));
#1377 = ORIENTED_EDGE('',*,*,#1378,.T.);
#1378 = EDGE_CURVE('',#1371,#1347,#1379,.T.);
#1379 = LINE('',#1380,#1381);
#1380 = CARTESIAN_POINT('',(-0.532762424316,0.106090111938,2.E-02));
#1381 = VECTOR('',#1382,1.);
#1382 = DIRECTION('',(-0.773613920971,-0.633657242742,
    -3.839643998379E-32));
#1383 = ORIENTED_EDGE('',*,*,#1346,.T.);
#1384 = PLANE('',#1385);
#1385 = AXIS2_PLACEMENT_3D('',#1386,#1387,#1388);
#1386 = CARTESIAN_POINT('',(-0.532762424316,0.106090111938,
    1.999999566578E-02));
#1387 = DIRECTION('',(0.633657242742,-0.773613920971,2.411786503459E-26)
  );
#1388 = DIRECTION('',(-0.773613920971,-0.633657242742,-3.83964399823E-32
    ));
#1389 = ADVANCED_FACE('',(#1390),#1408,.T.);
#1390 = FACE_BOUND('',#1391,.T.);
#1391 = EDGE_LOOP('',(#1392,#1393,#1401,#1407));
#1392 = ORIENTED_EDGE('',*,*,#149,.F.);
#1393 = ORIENTED_EDGE('',*,*,#1394,.F.);
#1394 = EDGE_CURVE('',#1395,#141,#1397,.T.);
#1395 = VERTEX_POINT('',#1396);
#1396 = CARTESIAN_POINT('',(-0.495079575216,0.138506074091,2.E-02));
#1397 = LINE('',#1398,#1399);
#1398 = CARTESIAN_POINT('',(-0.495079575216,0.138506074091,2.E-02));
#1399 = VECTOR('',#1400,1.);
#1400 = DIRECTION('',(0.,0.,-1.));
#1401 = ORIENTED_EDGE('',*,*,#1402,.T.);
#1402 = EDGE_CURVE('',#1395,#1371,#1403,.T.);
#1403 = LINE('',#1404,#1405);
#1404 = CARTESIAN_POINT('',(-0.501301207363,0.132669095091,2.E-02));
#1405 = VECTOR('',#1406,1.);
#1406 = DIRECTION('',(-0.729291576168,-0.684203037796,1.080994339292E-32
    ));
#1407 = ORIENTED_EDGE('',*,*,#1370,.T.);
#1408 = PLANE('',#1409);
#1409 = AXIS2_PLACEMENT_3D('',#1410,#1411,#1412);
#1410 = CARTESIAN_POINT('',(-0.501301207363,0.132669095091,
    1.999999566578E-02));
#1411 = DIRECTION('',(0.684203037796,-0.729291576168,-1.279033196227E-26
    ));
#1412 = DIRECTION('',(-0.729291576168,-0.684203037796,1.080994339435E-32
    ));
#1413 = ADVANCED_FACE('',(#1414),#1433,.T.);
#1414 = FACE_BOUND('',#1415,.T.);
#1415 = EDGE_LOOP('',(#1416,#1417,#1425,#1432));
#1416 = ORIENTED_EDGE('',*,*,#140,.F.);
#1417 = ORIENTED_EDGE('',*,*,#1418,.F.);
#1418 = EDGE_CURVE('',#1419,#133,#1421,.T.);
#1419 = VERTEX_POINT('',#1420);
#1420 = CARTESIAN_POINT('',(-0.497261225082,7.069916252667E-02,
    1.999975E-02));
#1421 = LINE('',#1422,#1423);
#1422 = CARTESIAN_POINT('',(-0.497266793582,7.069915034171E-02,2.E-02));
#1423 = VECTOR('',#1424,1.);
#1424 = DIRECTION('',(0.,0.,-1.));
#1425 = ORIENTED_EDGE('',*,*,#1426,.T.);
#1426 = EDGE_CURVE('',#1419,#1395,#1427,.T.);
#1427 = CIRCLE('',#1428,0.99002129478);
#1428 = AXIS2_PLACEMENT_3D('',#1429,#1430,#1431);
#1429 = CARTESIAN_POINT('',(0.492763267999,7.286552849417E-02,2.E-02));
#1430 = DIRECTION('',(0.,0.,-1.));
#1431 = DIRECTION('',(-1.,0.,0.));
#1432 = ORIENTED_EDGE('',*,*,#1394,.T.);
#1433 = CYLINDRICAL_SURFACE('',#1434,0.99002129478);
#1434 = AXIS2_PLACEMENT_3D('',#1435,#1436,#1437);
#1435 = CARTESIAN_POINT('',(0.492763267999,7.286552849417E-02,2.E-02));
#1436 = DIRECTION('',(0.,0.,-1.));
#1437 = DIRECTION('',(-0.999450599759,3.314360634707E-02,0.));
#1438 = ADVANCED_FACE('',(#1439),#1450,.T.);
#1439 = FACE_BOUND('',#1440,.T.);
#1440 = EDGE_LOOP('',(#1441,#1442,#1443,#1449));
#1441 = ORIENTED_EDGE('',*,*,#132,.F.);
#1442 = ORIENTED_EDGE('',*,*,#1259,.F.);
#1443 = ORIENTED_EDGE('',*,*,#1444,.T.);
#1444 = EDGE_CURVE('',#1252,#1419,#1445,.T.);
#1445 = LINE('',#1446,#1447);
#1446 = CARTESIAN_POINT('',(-0.497266793582,-7.319532885329E-02,2.E-02)
  );
#1447 = VECTOR('',#1448,1.);
#1448 = DIRECTION('',(0.,1.,0.));
#1449 = ORIENTED_EDGE('',*,*,#1418,.T.);
#1450 = PLANE('',#1451);
#1451 = AXIS2_PLACEMENT_3D('',#1452,#1453,#1454);
#1452 = CARTESIAN_POINT('',(-0.497266793582,-7.319532885329E-02,2.E-02)
  );
#1453 = DIRECTION('',(-1.,0.,0.));
#1454 = DIRECTION('',(0.,0.,1.));
#1455 = ADVANCED_FACE('',(#1456),#1467,.T.);
#1456 = FACE_BOUND('',#1457,.T.);
#1457 = EDGE_LOOP('',(#1458,#1459,#1460,#1461,#1462,#1463,#1464,#1465,
    #1466));
#1458 = ORIENTED_EDGE('',*,*,#1251,.F.);
#1459 = ORIENTED_EDGE('',*,*,#1282,.F.);
#1460 = ORIENTED_EDGE('',*,*,#1306,.F.);
#1461 = ORIENTED_EDGE('',*,*,#1330,.F.);
#1462 = ORIENTED_EDGE('',*,*,#1354,.F.);
#1463 = ORIENTED_EDGE('',*,*,#1378,.F.);
#1464 = ORIENTED_EDGE('',*,*,#1402,.F.);
#1465 = ORIENTED_EDGE('',*,*,#1426,.F.);
#1466 = ORIENTED_EDGE('',*,*,#1444,.F.);
#1467 = PLANE('',#1468);
#1468 = AXIS2_PLACEMENT_3D('',#1469,#1470,#1471);
#1469 = CARTESIAN_POINT('',(0.,0.,2.E-02));
#1470 = DIRECTION('',(0.,0.,1.));
#1471 = DIRECTION('',(1.,0.,-0.));
#1472 = ADVANCED_FACE('',(#1473),#1509,.F.);
#1473 = FACE_BOUND('',#1474,.F.);
#1474 = EDGE_LOOP('',(#1475,#1485,#1494,#1502));
#1475 = ORIENTED_EDGE('',*,*,#1476,.F.);
#1476 = EDGE_CURVE('',#1477,#1479,#1481,.T.);
#1477 = VERTEX_POINT('',#1478);
#1478 = CARTESIAN_POINT('',(9.180295279106E-02,-0.143054934962,
    1.999975E-02));
#1479 = VERTEX_POINT('',#1480);
#1480 = CARTESIAN_POINT('',(9.180295279011E-02,-0.143054934962,1.E-02));
#1481 = LINE('',#1482,#1483);
#1482 = CARTESIAN_POINT('',(9.214373130269E-02,-0.142932886645,2.E-02));
#1483 = VECTOR('',#1484,1.);
#1484 = DIRECTION('',(0.,0.,-1.));
#1485 = ORIENTED_EDGE('',*,*,#1486,.T.);
#1486 = EDGE_CURVE('',#1477,#1487,#1489,.T.);
#1487 = VERTEX_POINT('',#1488);
#1488 = CARTESIAN_POINT('',(7.21218491279E-02,-1.453978337082E-02,2.E-02
    ));
#1489 = CIRCLE('',#1490,0.310271589742);
#1490 = AXIS2_PLACEMENT_3D('',#1491,#1492,#1493);
#1491 = CARTESIAN_POINT('',(0.381773641744,-3.414148561937E-02,2.E-02));
#1492 = DIRECTION('',(0.,0.,-1.));
#1493 = DIRECTION('',(-1.,0.,0.));
#1494 = ORIENTED_EDGE('',*,*,#1495,.T.);
#1495 = EDGE_CURVE('',#1487,#1496,#1498,.T.);
#1496 = VERTEX_POINT('',#1497);
#1497 = CARTESIAN_POINT('',(7.21218491279E-02,-1.453978337082E-02,1.E-02
    ));
#1498 = LINE('',#1499,#1500);
#1499 = CARTESIAN_POINT('',(7.212184912737E-02,-1.453978337085E-02,
    2.E-02));
#1500 = VECTOR('',#1501,1.);
#1501 = DIRECTION('',(0.,0.,-1.));
#1502 = ORIENTED_EDGE('',*,*,#1503,.F.);
#1503 = EDGE_CURVE('',#1479,#1496,#1504,.T.);
#1504 = CIRCLE('',#1505,0.310271589742);
#1505 = AXIS2_PLACEMENT_3D('',#1506,#1507,#1508);
#1506 = CARTESIAN_POINT('',(0.381773641744,-3.414148561937E-02,1.E-02));
#1507 = DIRECTION('',(0.,0.,-1.));
#1508 = DIRECTION('',(-1.,0.,0.));
#1509 = CYLINDRICAL_SURFACE('',#1510,0.310271589742);
#1510 = AXIS2_PLACEMENT_3D('',#1511,#1512,#1513);
#1511 = CARTESIAN_POINT('',(0.381773641744,-3.414148561937E-02,2.E-02));
#1512 = DIRECTION('',(0.,0.,-1.));
#1513 = DIRECTION('',(-0.983233038073,-0.182353483218,-0.));
#1514 = ADVANCED_FACE('',(#1515),#1542,.F.);
#1515 = FACE_BOUND('',#1516,.F.);
#1516 = EDGE_LOOP('',(#1517,#1518,#1527,#1535));
#1517 = ORIENTED_EDGE('',*,*,#1495,.F.);
#1518 = ORIENTED_EDGE('',*,*,#1519,.T.);
#1519 = EDGE_CURVE('',#1487,#1520,#1522,.T.);
#1520 = VERTEX_POINT('',#1521);
#1521 = CARTESIAN_POINT('',(9.179005835817E-02,0.113562031027,2.E-02));
#1522 = CIRCLE('',#1523,0.308235581238);
#1523 = AXIS2_PLACEMENT_3D('',#1524,#1525,#1526);
#1524 = CARTESIAN_POINT('',(0.379735091635,5.037411922757E-03,2.E-02));
#1525 = DIRECTION('',(0.,0.,-1.));
#1526 = DIRECTION('',(-1.,0.,0.));
#1527 = ORIENTED_EDGE('',*,*,#1528,.T.);
#1528 = EDGE_CURVE('',#1520,#1529,#1531,.T.);
#1529 = VERTEX_POINT('',#1530);
#1530 = CARTESIAN_POINT('',(9.179005835817E-02,0.113562031027,1.E-02));
#1531 = LINE('',#1532,#1533);
#1532 = CARTESIAN_POINT('',(9.214373130269E-02,0.113434396466,2.E-02));
#1533 = VECTOR('',#1534,1.);
#1534 = DIRECTION('',(0.,0.,-1.));
#1535 = ORIENTED_EDGE('',*,*,#1536,.F.);
#1536 = EDGE_CURVE('',#1496,#1529,#1537,.T.);
#1537 = CIRCLE('',#1538,0.308235581238);
#1538 = AXIS2_PLACEMENT_3D('',#1539,#1540,#1541);
#1539 = CARTESIAN_POINT('',(0.379735091635,5.037411922757E-03,1.E-02));
#1540 = DIRECTION('',(0.,0.,-1.));
#1541 = DIRECTION('',(-1.,0.,0.));
#1542 = CYLINDRICAL_SURFACE('',#1543,0.308235581238);
#1543 = AXIS2_PLACEMENT_3D('',#1544,#1545,#1546);
#1544 = CARTESIAN_POINT('',(0.379735091635,5.037411922757E-03,2.E-02));
#1545 = DIRECTION('',(0.,0.,-1.));
#1546 = DIRECTION('',(-0.983107394694,0.183029643769,0.));
#1547 = ADVANCED_FACE('',(#1548),#1575,.F.);
#1548 = FACE_BOUND('',#1549,.F.);
#1549 = EDGE_LOOP('',(#1550,#1551,#1560,#1568));
#1550 = ORIENTED_EDGE('',*,*,#1528,.F.);
#1551 = ORIENTED_EDGE('',*,*,#1552,.T.);
#1552 = EDGE_CURVE('',#1520,#1553,#1555,.T.);
#1553 = VERTEX_POINT('',#1554);
#1554 = CARTESIAN_POINT('',(0.158293072299,0.153158145637,2.E-02));
#1555 = CIRCLE('',#1556,6.89014716788E-02);
#1556 = AXIS2_PLACEMENT_3D('',#1557,#1558,#1559);
#1557 = CARTESIAN_POINT('',(0.154761908583,8.434721858076E-02,2.E-02));
#1558 = DIRECTION('',(0.,0.,-1.));
#1559 = DIRECTION('',(-1.,0.,0.));
#1560 = ORIENTED_EDGE('',*,*,#1561,.T.);
#1561 = EDGE_CURVE('',#1553,#1562,#1564,.T.);
#1562 = VERTEX_POINT('',#1563);
#1563 = CARTESIAN_POINT('',(0.158293072299,0.153158145637,1.E-02));
#1564 = LINE('',#1565,#1566);
#1565 = CARTESIAN_POINT('',(0.158293072299,0.153158145637,2.E-02));
#1566 = VECTOR('',#1567,1.);
#1567 = DIRECTION('',(0.,0.,-1.));
#1568 = ORIENTED_EDGE('',*,*,#1569,.F.);
#1569 = EDGE_CURVE('',#1529,#1562,#1570,.T.);
#1570 = CIRCLE('',#1571,6.89014716788E-02);
#1571 = AXIS2_PLACEMENT_3D('',#1572,#1573,#1574);
#1572 = CARTESIAN_POINT('',(0.154761908583,8.434721858076E-02,1.E-02));
#1573 = DIRECTION('',(0.,0.,-1.));
#1574 = DIRECTION('',(-1.,0.,0.));
#1575 = CYLINDRICAL_SURFACE('',#1576,6.89014716788E-02);
#1576 = AXIS2_PLACEMENT_3D('',#1577,#1578,#1579);
#1577 = CARTESIAN_POINT('',(0.154761908583,8.434721858076E-02,2.E-02));
#1578 = DIRECTION('',(0.,0.,-1.));
#1579 = DIRECTION('',(-0.518210813773,0.855252917264,0.));
#1580 = ADVANCED_FACE('',(#1581),#1608,.F.);
#1581 = FACE_BOUND('',#1582,.F.);
#1582 = EDGE_LOOP('',(#1583,#1584,#1593,#1601));
#1583 = ORIENTED_EDGE('',*,*,#1561,.F.);
#1584 = ORIENTED_EDGE('',*,*,#1585,.T.);
#1585 = EDGE_CURVE('',#1553,#1586,#1588,.T.);
#1586 = VERTEX_POINT('',#1587);
#1587 = CARTESIAN_POINT('',(0.224547865107,0.112859879197,2.E-02));
#1588 = CIRCLE('',#1589,6.889798200131E-02);
#1589 = AXIS2_PLACEMENT_3D('',#1590,#1591,#1592);
#1590 = CARTESIAN_POINT('',(0.161676752325,8.434330251895E-02,2.E-02));
#1591 = DIRECTION('',(0.,0.,-1.));
#1592 = DIRECTION('',(-1.,0.,0.));
#1593 = ORIENTED_EDGE('',*,*,#1594,.T.);
#1594 = EDGE_CURVE('',#1586,#1595,#1597,.T.);
#1595 = VERTEX_POINT('',#1596);
#1596 = CARTESIAN_POINT('',(0.224547865107,0.112859879197,1.E-02));
#1597 = LINE('',#1598,#1599);
#1598 = CARTESIAN_POINT('',(0.224547865107,0.112859879197,2.E-02));
#1599 = VECTOR('',#1600,1.);
#1600 = DIRECTION('',(0.,0.,-1.));
#1601 = ORIENTED_EDGE('',*,*,#1602,.F.);
#1602 = EDGE_CURVE('',#1562,#1595,#1603,.T.);
#1603 = CIRCLE('',#1604,6.889798200131E-02);
#1604 = AXIS2_PLACEMENT_3D('',#1605,#1606,#1607);
#1605 = CARTESIAN_POINT('',(0.161676752325,8.434330251895E-02,1.E-02));
#1606 = DIRECTION('',(0.,0.,-1.));
#1607 = DIRECTION('',(-1.,0.,0.));
#1608 = CYLINDRICAL_SURFACE('',#1609,6.889798200131E-02);
#1609 = AXIS2_PLACEMENT_3D('',#1610,#1611,#1612);
#1610 = CARTESIAN_POINT('',(0.161676752325,8.434330251895E-02,2.E-02));
#1611 = DIRECTION('',(0.,0.,-1.));
#1612 = DIRECTION('',(0.521551034202,0.853220088092,0.));
#1613 = ADVANCED_FACE('',(#1614),#1639,.T.);
#1614 = FACE_BOUND('',#1615,.T.);
#1615 = EDGE_LOOP('',(#1616,#1624,#1632,#1638));
#1616 = ORIENTED_EDGE('',*,*,#1617,.F.);
#1617 = EDGE_CURVE('',#1618,#1595,#1620,.T.);
#1618 = VERTEX_POINT('',#1619);
#1619 = CARTESIAN_POINT('',(0.245097905902,-1.459456736294E-02,1.E-02));
#1620 = B_SPLINE_CURVE_WITH_KNOTS('',2,(#1621,#1622,#1623),
  .UNSPECIFIED.,.F.,.F.,(3,3),(0.,1.),.PIECEWISE_BEZIER_KNOTS.);
#1621 = CARTESIAN_POINT('',(0.245097905902,-1.459456736294E-02,1.E-02));
#1622 = CARTESIAN_POINT('',(0.245097905902,7.237850851413E-02,1.E-02));
#1623 = CARTESIAN_POINT('',(0.224547865107,0.112859879197,1.E-02));
#1624 = ORIENTED_EDGE('',*,*,#1625,.F.);
#1625 = EDGE_CURVE('',#1626,#1618,#1628,.T.);
#1626 = VERTEX_POINT('',#1627);
#1627 = CARTESIAN_POINT('',(0.245097905902,-1.459456736294E-02,2.E-02));
#1628 = LINE('',#1629,#1630);
#1629 = CARTESIAN_POINT('',(0.245097905902,-1.459456736294E-02,2.E-02));
#1630 = VECTOR('',#1631,1.);
#1631 = DIRECTION('',(0.,0.,-1.));
#1632 = ORIENTED_EDGE('',*,*,#1633,.T.);
#1633 = EDGE_CURVE('',#1626,#1586,#1634,.T.);
#1634 = B_SPLINE_CURVE_WITH_KNOTS('',2,(#1635,#1636,#1637),
  .UNSPECIFIED.,.F.,.F.,(3,3),(0.,1.),.PIECEWISE_BEZIER_KNOTS.);
#1635 = CARTESIAN_POINT('',(0.245097905902,-1.459456736294E-02,2.E-02));
#1636 = CARTESIAN_POINT('',(0.245097905902,7.237850851413E-02,2.E-02));
#1637 = CARTESIAN_POINT('',(0.224547865107,0.112859879197,2.E-02));
#1638 = ORIENTED_EDGE('',*,*,#1594,.T.);
#1639 = B_SPLINE_SURFACE_WITH_KNOTS('',3,1,(
    (#1640,#1641)
    ,(#1642,#1643)
    ,(#1644,#1645)
    ,(#1646,#1647
    )),.UNSPECIFIED.,.F.,.F.,.F.,(4,4),(2,2),(0.,1.),(0.,1.),
  .PIECEWISE_BEZIER_KNOTS.);
#1640 = CARTESIAN_POINT('',(0.245097905902,-1.459456736294E-02,2.E-02));
#1641 = CARTESIAN_POINT('',(0.245097905902,-1.459456736294E-02,1.E-02));
#1642 = CARTESIAN_POINT('',(0.245097905902,4.338748322177E-02,2.E-02));
#1643 = CARTESIAN_POINT('',(0.245097905902,4.338748322177E-02,1.E-02));
#1644 = CARTESIAN_POINT('',(0.238247892304,8.587229874167E-02,2.E-02));
#1645 = CARTESIAN_POINT('',(0.238247892304,8.587229874167E-02,1.E-02));
#1646 = CARTESIAN_POINT('',(0.224547865107,0.112859879197,2.E-02));
#1647 = CARTESIAN_POINT('',(0.224547865107,0.112859879197,1.E-02));
#1648 = ADVANCED_FACE('',(#1649),#1676,.F.);
#1649 = FACE_BOUND('',#1650,.F.);
#1650 = EDGE_LOOP('',(#1651,#1652,#1661,#1669));
#1651 = ORIENTED_EDGE('',*,*,#1625,.F.);
#1652 = ORIENTED_EDGE('',*,*,#1653,.T.);
#1653 = EDGE_CURVE('',#1626,#1654,#1656,.T.);
#1654 = VERTEX_POINT('',#1655);
#1655 = CARTESIAN_POINT('',(0.224871564327,-0.142518003617,2.E-02));
#1656 = CIRCLE('',#1657,0.312272894835);
#1657 = AXIS2_PLACEMENT_3D('',#1658,#1659,#1660);
#1658 = CARTESIAN_POINT('',(-6.726752174526E-02,-3.36172091086E-02,
    2.E-02));
#1659 = DIRECTION('',(0.,0.,-1.));
#1660 = DIRECTION('',(-1.,0.,0.));
#1661 = ORIENTED_EDGE('',*,*,#1662,.T.);
#1662 = EDGE_CURVE('',#1654,#1663,#1665,.T.);
#1663 = VERTEX_POINT('',#1664);
#1664 = CARTESIAN_POINT('',(0.224871564327,-0.142518003617,1.E-02));
#1665 = LINE('',#1666,#1667);
#1666 = CARTESIAN_POINT('',(0.224547865107,-0.142402563012,2.E-02));
#1667 = VECTOR('',#1668,1.);
#1668 = DIRECTION('',(0.,0.,-1.));
#1669 = ORIENTED_EDGE('',*,*,#1670,.F.);
#1670 = EDGE_CURVE('',#1618,#1663,#1671,.T.);
#1671 = CIRCLE('',#1672,0.312272894835);
#1672 = AXIS2_PLACEMENT_3D('',#1673,#1674,#1675);
#1673 = CARTESIAN_POINT('',(-6.726752174526E-02,-3.36172091086E-02,
    1.E-02));
#1674 = DIRECTION('',(0.,0.,-1.));
#1675 = DIRECTION('',(-1.,0.,0.));
#1676 = CYLINDRICAL_SURFACE('',#1677,0.312272894835);
#1677 = AXIS2_PLACEMENT_3D('',#1678,#1679,#1680);
#1678 = CARTESIAN_POINT('',(-6.726752174526E-02,-3.36172091086E-02,
    2.E-02));
#1679 = DIRECTION('',(0.,0.,-1.));
#1680 = DIRECTION('',(0.983529829495,-0.180745883753,0.));
#1681 = ADVANCED_FACE('',(#1682),#1709,.F.);
#1682 = FACE_BOUND('',#1683,.F.);
#1683 = EDGE_LOOP('',(#1684,#1685,#1694,#1702));
#1684 = ORIENTED_EDGE('',*,*,#1662,.F.);
#1685 = ORIENTED_EDGE('',*,*,#1686,.T.);
#1686 = EDGE_CURVE('',#1654,#1687,#1689,.T.);
#1687 = VERTEX_POINT('',#1688);
#1688 = CARTESIAN_POINT('',(0.158317054326,-0.18297843205,2.E-02));
#1689 = CIRCLE('',#1690,6.884765406185E-02);
#1690 = AXIS2_PLACEMENT_3D('',#1691,#1692,#1693);
#1691 = CARTESIAN_POINT('',(0.161570561444,-0.114207695822,2.E-02));
#1692 = DIRECTION('',(0.,0.,-1.));
#1693 = DIRECTION('',(-1.,0.,0.));
#1694 = ORIENTED_EDGE('',*,*,#1695,.T.);
#1695 = EDGE_CURVE('',#1687,#1696,#1698,.T.);
#1696 = VERTEX_POINT('',#1697);
#1697 = CARTESIAN_POINT('',(0.158317054326,-0.18297843205,1.E-02));
#1698 = LINE('',#1699,#1700);
#1699 = CARTESIAN_POINT('',(0.158317054326,-0.18297843205,2.E-02));
#1700 = VECTOR('',#1701,1.);
#1701 = DIRECTION('',(0.,0.,-1.));
#1702 = ORIENTED_EDGE('',*,*,#1703,.F.);
#1703 = EDGE_CURVE('',#1663,#1696,#1704,.T.);
#1704 = CIRCLE('',#1705,6.884765406185E-02);
#1705 = AXIS2_PLACEMENT_3D('',#1706,#1707,#1708);
#1706 = CARTESIAN_POINT('',(0.161570561444,-0.114207695822,1.E-02));
#1707 = DIRECTION('',(0.,0.,-1.));
#1708 = DIRECTION('',(-1.,0.,0.));
#1709 = CYLINDRICAL_SURFACE('',#1710,6.884765406185E-02);
#1710 = AXIS2_PLACEMENT_3D('',#1711,#1712,#1713);
#1711 = CARTESIAN_POINT('',(0.161570561444,-0.114207695822,2.E-02));
#1712 = DIRECTION('',(0.,0.,-1.));
#1713 = DIRECTION('',(0.523463492028,-0.852048104577,0.));
#1714 = ADVANCED_FACE('',(#1715),#1740,.T.);
#1715 = FACE_BOUND('',#1716,.T.);
#1716 = EDGE_LOOP('',(#1717,#1718,#1726,#1734));
#1717 = ORIENTED_EDGE('',*,*,#62,.F.);
#1718 = ORIENTED_EDGE('',*,*,#1719,.F.);
#1719 = EDGE_CURVE('',#1720,#54,#1722,.T.);
#1720 = VERTEX_POINT('',#1721);
#1721 = CARTESIAN_POINT('',(0.292119934729,-1.459456736294E-02,2.E-02));
#1722 = LINE('',#1723,#1724);
#1723 = CARTESIAN_POINT('',(0.292119934729,-1.459456736294E-02,2.E-02));
#1724 = VECTOR('',#1725,1.);
#1725 = DIRECTION('',(0.,0.,-1.));
#1726 = ORIENTED_EDGE('',*,*,#1727,.T.);
#1727 = EDGE_CURVE('',#1720,#1728,#1730,.T.);
#1728 = VERTEX_POINT('',#1729);
#1729 = CARTESIAN_POINT('',(0.25910728855,-0.170995845579,2.E-02));
#1730 = B_SPLINE_CURVE_WITH_KNOTS('',2,(#1731,#1732,#1733),
  .UNSPECIFIED.,.F.,.F.,(3,3),(0.,1.),.PIECEWISE_BEZIER_KNOTS.);
#1731 = CARTESIAN_POINT('',(0.292119934729,-1.459456736294E-02,2.E-02));
#1732 = CARTESIAN_POINT('',(0.292119934729,-0.119333484959,2.E-02));
#1733 = CARTESIAN_POINT('',(0.25910728855,-0.170995845579,2.E-02));
#1734 = ORIENTED_EDGE('',*,*,#1735,.T.);
#1735 = EDGE_CURVE('',#1728,#63,#1736,.T.);
#1736 = LINE('',#1737,#1738);
#1737 = CARTESIAN_POINT('',(0.25910728855,-0.170995845579,2.E-02));
#1738 = VECTOR('',#1739,1.);
#1739 = DIRECTION('',(0.,0.,-1.));
#1740 = B_SPLINE_SURFACE_WITH_KNOTS('',3,1,(
    (#1741,#1742)
    ,(#1743,#1744)
    ,(#1745,#1746)
    ,(#1747,#1748
    )),.UNSPECIFIED.,.F.,.F.,.F.,(4,4),(2,2),(0.,1.),(0.,1.),
  .PIECEWISE_BEZIER_KNOTS.);
#1741 = CARTESIAN_POINT('',(0.292119934729,-1.459456736294E-02,2.E-02));
#1742 = CARTESIAN_POINT('',(0.292119934729,-1.459456736294E-02,1.E-02));
#1743 = CARTESIAN_POINT('',(0.292119934729,-8.442051242686E-02,2.E-02));
#1744 = CARTESIAN_POINT('',(0.292119934729,-8.442051242686E-02,1.E-02));
#1745 = CARTESIAN_POINT('',(0.281115719336,-0.136554271832,2.E-02));
#1746 = CARTESIAN_POINT('',(0.281115719336,-0.136554271832,1.E-02));
#1747 = CARTESIAN_POINT('',(0.25910728855,-0.170995845579,2.E-02));
#1748 = CARTESIAN_POINT('',(0.25910728855,-0.170995845579,1.E-02));
#1749 = ADVANCED_FACE('',(#1750),#1769,.T.);
#1750 = FACE_BOUND('',#1751,.T.);
#1751 = EDGE_LOOP('',(#1752,#1753,#1761,#1768));
#1752 = ORIENTED_EDGE('',*,*,#51,.F.);
#1753 = ORIENTED_EDGE('',*,*,#1754,.F.);
#1754 = EDGE_CURVE('',#1755,#52,#1757,.T.);
#1755 = VERTEX_POINT('',#1756);
#1756 = CARTESIAN_POINT('',(0.258402115119,0.139978927978,2.E-02));
#1757 = LINE('',#1758,#1759);
#1758 = CARTESIAN_POINT('',(0.258002447648,0.139773803592,2.E-02));
#1759 = VECTOR('',#1760,1.);
#1760 = DIRECTION('',(0.,0.,-1.));
#1761 = ORIENTED_EDGE('',*,*,#1762,.T.);
#1762 = EDGE_CURVE('',#1755,#1720,#1763,.T.);
#1763 = CIRCLE('',#1764,0.294780768233);
#1764 = AXIS2_PLACEMENT_3D('',#1765,#1766,#1767);
#1765 = CARTESIAN_POINT('',(-2.882517604043E-03,4.586837525055E-03,
    2.E-02));
#1766 = DIRECTION('',(0.,0.,-1.));
#1767 = DIRECTION('',(-1.,0.,0.));
#1768 = ORIENTED_EDGE('',*,*,#1719,.T.);
#1769 = CYLINDRICAL_SURFACE('',#1770,0.294780768233);
#1770 = AXIS2_PLACEMENT_3D('',#1771,#1772,#1773);
#1771 = CARTESIAN_POINT('',(-2.882517604043E-03,4.586837525055E-03,
    2.E-02));
#1772 = DIRECTION('',(0.,0.,-1.));
#1773 = DIRECTION('',(0.971479314755,0.237124315506,0.));
#1774 = ADVANCED_FACE('',(#1775),#1794,.T.);
#1775 = FACE_BOUND('',#1776,.T.);
#1776 = EDGE_LOOP('',(#1777,#1778,#1786,#1793));
#1777 = ORIENTED_EDGE('',*,*,#113,.F.);
#1778 = ORIENTED_EDGE('',*,*,#1779,.F.);
#1779 = EDGE_CURVE('',#1780,#105,#1782,.T.);
#1780 = VERTEX_POINT('',#1781);
#1781 = CARTESIAN_POINT('',(0.158125217877,0.192872150321,2.E-02));
#1782 = LINE('',#1783,#1784);
#1783 = CARTESIAN_POINT('',(0.158124830024,0.193115522384,2.E-02));
#1784 = VECTOR('',#1785,1.);
#1785 = DIRECTION('',(0.,0.,-1.));
#1786 = ORIENTED_EDGE('',*,*,#1787,.T.);
#1787 = EDGE_CURVE('',#1780,#1755,#1788,.T.);
#1788 = CIRCLE('',#1789,0.110672574676);
#1789 = AXIS2_PLACEMENT_3D('',#1790,#1791,#1792);
#1790 = CARTESIAN_POINT('',(0.163378608005,8.227423723619E-02,2.E-02));
#1791 = DIRECTION('',(0.,0.,-1.));
#1792 = DIRECTION('',(-1.,0.,0.));
#1793 = ORIENTED_EDGE('',*,*,#1754,.T.);
#1794 = CYLINDRICAL_SURFACE('',#1795,0.110672574676);
#1795 = AXIS2_PLACEMENT_3D('',#1796,#1797,#1798);
#1796 = CARTESIAN_POINT('',(0.163378608005,8.227423723619E-02,2.E-02));
#1797 = DIRECTION('',(0.,0.,-1.));
#1798 = DIRECTION('',(0.474747234169,0.880122186772,0.));
#1799 = ADVANCED_FACE('',(#1800),#1819,.T.);
#1800 = FACE_BOUND('',#1801,.T.);
#1801 = EDGE_LOOP('',(#1802,#1803,#1811,#1818));
#1802 = ORIENTED_EDGE('',*,*,#104,.F.);
#1803 = ORIENTED_EDGE('',*,*,#1804,.F.);
#1804 = EDGE_CURVE('',#1805,#97,#1807,.T.);
#1805 = VERTEX_POINT('',#1806);
#1806 = CARTESIAN_POINT('',(5.789366331248E-02,0.141983485397,2.E-02));
#1807 = LINE('',#1808,#1809);
#1808 = CARTESIAN_POINT('',(5.789366331248E-02,0.141983485397,2.E-02));
#1809 = VECTOR('',#1810,1.);
#1810 = DIRECTION('',(0.,0.,-1.));
#1811 = ORIENTED_EDGE('',*,*,#1812,.T.);
#1812 = EDGE_CURVE('',#1805,#1780,#1813,.T.);
#1813 = CIRCLE('',#1814,0.11059720768);
#1814 = AXIS2_PLACEMENT_3D('',#1815,#1816,#1817);
#1815 = CARTESIAN_POINT('',(0.150798382823,8.227566492059E-02,2.E-02));
#1816 = DIRECTION('',(0.,0.,-1.));
#1817 = DIRECTION('',(-1.,0.,0.));
#1818 = ORIENTED_EDGE('',*,*,#1779,.T.);
#1819 = CYLINDRICAL_SURFACE('',#1820,0.11059720768);
#1820 = AXIS2_PLACEMENT_3D('',#1821,#1822,#1823);
#1821 = CARTESIAN_POINT('',(0.150798382823,8.227566492059E-02,2.E-02));
#1822 = DIRECTION('',(0.,0.,-1.));
#1823 = DIRECTION('',(-0.464317288819,0.88566893098,0.));
#1824 = ADVANCED_FACE('',(#1825),#1843,.T.);
#1825 = FACE_BOUND('',#1826,.T.);
#1826 = EDGE_LOOP('',(#1827,#1828,#1836,#1842));
#1827 = ORIENTED_EDGE('',*,*,#96,.F.);
#1828 = ORIENTED_EDGE('',*,*,#1829,.F.);
#1829 = EDGE_CURVE('',#1830,#89,#1832,.T.);
#1830 = VERTEX_POINT('',#1831);
#1831 = CARTESIAN_POINT('',(2.501359804188E-02,-1.459456736294E-02,
    2.E-02));
#1832 = LINE('',#1833,#1834);
#1833 = CARTESIAN_POINT('',(2.501359804188E-02,-1.459456736294E-02,
    2.E-02));
#1834 = VECTOR('',#1835,1.);
#1835 = DIRECTION('',(0.,0.,-1.));
#1836 = ORIENTED_EDGE('',*,*,#1837,.T.);
#1837 = EDGE_CURVE('',#1830,#1805,#1838,.T.);
#1838 = B_SPLINE_CURVE_WITH_KNOTS('',2,(#1839,#1840,#1841),
  .UNSPECIFIED.,.F.,.F.,(3,3),(0.,1.),.PIECEWISE_BEZIER_KNOTS.);
#1839 = CARTESIAN_POINT('',(2.501359804188E-02,-1.459456736294E-02,
    2.E-02));
#1840 = CARTESIAN_POINT('',(2.501359804188E-02,9.085144841078E-02,2.E-02
    ));
#1841 = CARTESIAN_POINT('',(5.789366331248E-02,0.141983485397,2.E-02));
#1842 = ORIENTED_EDGE('',*,*,#1804,.T.);
#1843 = B_SPLINE_SURFACE_WITH_KNOTS('',3,1,(
    (#1844,#1845)
    ,(#1846,#1847)
    ,(#1848,#1849)
    ,(#1850,#1851
    )),.UNSPECIFIED.,.F.,.F.,.F.,(4,4),(2,2),(0.,1.),(0.,1.),
  .PIECEWISE_BEZIER_KNOTS.);
#1844 = CARTESIAN_POINT('',(2.501359804188E-02,-1.459456736294E-02,
    2.E-02));
#1845 = CARTESIAN_POINT('',(2.501359804188E-02,-1.459456736294E-02,
    1.E-02));
#1846 = CARTESIAN_POINT('',(2.501359804188E-02,5.570277648621E-02,2.E-02
    ));
#1847 = CARTESIAN_POINT('',(2.501359804188E-02,5.570277648621E-02,1.E-02
    ));
#1848 = CARTESIAN_POINT('',(3.597361979875E-02,0.10789546074,2.E-02));
#1849 = CARTESIAN_POINT('',(3.597361979875E-02,0.10789546074,1.E-02));
#1850 = CARTESIAN_POINT('',(5.789366331248E-02,0.141983485397,2.E-02));
#1851 = CARTESIAN_POINT('',(5.789366331248E-02,0.141983485397,1.E-02));
#1852 = ADVANCED_FACE('',(#1853),#1871,.T.);
#1853 = FACE_BOUND('',#1854,.T.);
#1854 = EDGE_LOOP('',(#1855,#1856,#1864,#1870));
#1855 = ORIENTED_EDGE('',*,*,#88,.F.);
#1856 = ORIENTED_EDGE('',*,*,#1857,.F.);
#1857 = EDGE_CURVE('',#1858,#80,#1860,.T.);
#1858 = VERTEX_POINT('',#1859);
#1859 = CARTESIAN_POINT('',(5.899850421539E-02,-0.169758423768,2.E-02));
#1860 = LINE('',#1861,#1862);
#1861 = CARTESIAN_POINT('',(5.899850421539E-02,-0.169758423768,2.E-02));
#1862 = VECTOR('',#1863,1.);
#1863 = DIRECTION('',(0.,0.,-1.));
#1864 = ORIENTED_EDGE('',*,*,#1865,.T.);
#1865 = EDGE_CURVE('',#1858,#1830,#1866,.T.);
#1866 = B_SPLINE_CURVE_WITH_KNOTS('',2,(#1867,#1868,#1869),
  .UNSPECIFIED.,.F.,.F.,(3,3),(0.,1.),.PIECEWISE_BEZIER_KNOTS.);
#1867 = CARTESIAN_POINT('',(5.899850421539E-02,-0.169758423768,2.E-02));
#1868 = CARTESIAN_POINT('',(2.501359804188E-02,-0.116858641336,2.E-02));
#1869 = CARTESIAN_POINT('',(2.501359804188E-02,-1.459456736294E-02,
    2.E-02));
#1870 = ORIENTED_EDGE('',*,*,#1829,.T.);
#1871 = B_SPLINE_SURFACE_WITH_KNOTS('',3,1,(
    (#1872,#1873)
    ,(#1874,#1875)
    ,(#1876,#1877)
    ,(#1878,#1879
    )),.UNSPECIFIED.,.F.,.F.,.F.,(4,4),(2,2),(0.,1.),(0.,1.),
  .PIECEWISE_BEZIER_KNOTS.);
#1872 = CARTESIAN_POINT('',(5.899850421539E-02,-0.169758423768,2.E-02));
#1873 = CARTESIAN_POINT('',(5.899850421539E-02,-0.169758423768,1.E-02));
#1874 = CARTESIAN_POINT('',(3.634190009972E-02,-0.134491902147,2.E-02));
#1875 = CARTESIAN_POINT('',(3.634190009972E-02,-0.134491902147,1.E-02));
#1876 = CARTESIAN_POINT('',(2.501359804188E-02,-8.277061667851E-02,
    2.E-02));
#1877 = CARTESIAN_POINT('',(2.501359804188E-02,-8.277061667851E-02,
    1.E-02));
#1878 = CARTESIAN_POINT('',(2.501359804188E-02,-1.459456736294E-02,
    2.E-02));
#1879 = CARTESIAN_POINT('',(2.501359804188E-02,-1.459456736294E-02,
    1.E-02));
#1880 = ADVANCED_FACE('',(#1881),#1900,.T.);
#1881 = FACE_BOUND('',#1882,.T.);
#1882 = EDGE_LOOP('',(#1883,#1884,#1892,#1899));
#1883 = ORIENTED_EDGE('',*,*,#79,.F.);
#1884 = ORIENTED_EDGE('',*,*,#1885,.F.);
#1885 = EDGE_CURVE('',#1886,#71,#1888,.T.);
#1886 = VERTEX_POINT('',#1887);
#1887 = CARTESIAN_POINT('',(0.158125485727,-0.222410386579,2.E-02));
#1888 = LINE('',#1889,#1890);
#1889 = CARTESIAN_POINT('',(0.158124830024,-0.222658206199,2.E-02));
#1890 = VECTOR('',#1891,1.);
#1891 = DIRECTION('',(0.,0.,-1.));
#1892 = ORIENTED_EDGE('',*,*,#1893,.T.);
#1893 = EDGE_CURVE('',#1886,#1858,#1894,.T.);
#1894 = CIRCLE('',#1895,0.110043510405);
#1895 = AXIS2_PLACEMENT_3D('',#1896,#1897,#1898);
#1896 = CARTESIAN_POINT('',(0.153010869678,-0.112451410647,2.E-02));
#1897 = DIRECTION('',(0.,0.,-1.));
#1898 = DIRECTION('',(-1.,0.,0.));
#1899 = ORIENTED_EDGE('',*,*,#1857,.T.);
#1900 = CYLINDRICAL_SURFACE('',#1901,0.110043510405);
#1901 = AXIS2_PLACEMENT_3D('',#1902,#1903,#1904);
#1902 = CARTESIAN_POINT('',(0.153010869678,-0.112451410647,2.E-02));
#1903 = DIRECTION('',(0.,0.,-1.));
#1904 = DIRECTION('',(-0.474221813271,-0.88040540197,-0.));
#1905 = ADVANCED_FACE('',(#1906),#1918,.T.);
#1906 = FACE_BOUND('',#1907,.T.);
#1907 = EDGE_LOOP('',(#1908,#1909,#1910,#1917));
#1908 = ORIENTED_EDGE('',*,*,#70,.F.);
#1909 = ORIENTED_EDGE('',*,*,#1735,.F.);
#1910 = ORIENTED_EDGE('',*,*,#1911,.T.);
#1911 = EDGE_CURVE('',#1728,#1886,#1912,.T.);
#1912 = CIRCLE('',#1913,0.111167846612);
#1913 = AXIS2_PLACEMENT_3D('',#1914,#1915,#1916);
#1914 = CARTESIAN_POINT('',(0.165556747466,-0.111244467853,2.E-02));
#1915 = DIRECTION('',(0.,0.,-1.));
#1916 = DIRECTION('',(-1.,0.,0.));
#1917 = ORIENTED_EDGE('',*,*,#1885,.T.);
#1918 = CYLINDRICAL_SURFACE('',#1919,0.111167846612);
#1919 = AXIS2_PLACEMENT_3D('',#1920,#1921,#1922);
#1920 = CARTESIAN_POINT('',(0.165556747466,-0.111244467853,2.E-02));
#1921 = DIRECTION('',(0.,0.,-1.));
#1922 = DIRECTION('',(0.465447161794,-0.885075668843,0.));
#1923 = ADVANCED_FACE('',(#1924),#1942,.F.);
#1924 = FACE_BOUND('',#1925,.F.);
#1925 = EDGE_LOOP('',(#1926,#1927,#1934,#1935));
#1926 = ORIENTED_EDGE('',*,*,#1695,.F.);
#1927 = ORIENTED_EDGE('',*,*,#1928,.T.);
#1928 = EDGE_CURVE('',#1687,#1477,#1929,.T.);
#1929 = CIRCLE('',#1930,6.883752128767E-02);
#1930 = AXIS2_PLACEMENT_3D('',#1931,#1932,#1933);
#1931 = CARTESIAN_POINT('',(0.154885973501,-0.114226471922,2.E-02));
#1932 = DIRECTION('',(0.,0.,-1.));
#1933 = DIRECTION('',(-1.,0.,0.));
#1934 = ORIENTED_EDGE('',*,*,#1476,.T.);
#1935 = ORIENTED_EDGE('',*,*,#1936,.F.);
#1936 = EDGE_CURVE('',#1696,#1479,#1937,.T.);
#1937 = CIRCLE('',#1938,6.883752128767E-02);
#1938 = AXIS2_PLACEMENT_3D('',#1939,#1940,#1941);
#1939 = CARTESIAN_POINT('',(0.154885973501,-0.114226471922,1.E-02));
#1940 = DIRECTION('',(0.,0.,-1.));
#1941 = DIRECTION('',(-1.,0.,0.));
#1942 = CYLINDRICAL_SURFACE('',#1943,6.883752128767E-02);
#1943 = AXIS2_PLACEMENT_3D('',#1944,#1945,#1946);
#1944 = CARTESIAN_POINT('',(0.154885973501,-0.114226471922,2.E-02));
#1945 = DIRECTION('',(0.,0.,-1.));
#1946 = DIRECTION('',(-0.5204814831,-0.853872956446,-0.));
#1947 = ADVANCED_FACE('',(#1948,#1958),#1968,.T.);
#1948 = FACE_BOUND('',#1949,.T.);
#1949 = EDGE_LOOP('',(#1950,#1951,#1952,#1953,#1954,#1955,#1956,#1957));
#1950 = ORIENTED_EDGE('',*,*,#1727,.F.);
#1951 = ORIENTED_EDGE('',*,*,#1762,.F.);
#1952 = ORIENTED_EDGE('',*,*,#1787,.F.);
#1953 = ORIENTED_EDGE('',*,*,#1812,.F.);
#1954 = ORIENTED_EDGE('',*,*,#1837,.F.);
#1955 = ORIENTED_EDGE('',*,*,#1865,.F.);
#1956 = ORIENTED_EDGE('',*,*,#1893,.F.);
#1957 = ORIENTED_EDGE('',*,*,#1911,.F.);
#1958 = FACE_BOUND('',#1959,.T.);
#1959 = EDGE_LOOP('',(#1960,#1961,#1962,#1963,#1964,#1965,#1966,#1967));
#1960 = ORIENTED_EDGE('',*,*,#1486,.T.);
#1961 = ORIENTED_EDGE('',*,*,#1519,.T.);
#1962 = ORIENTED_EDGE('',*,*,#1552,.T.);
#1963 = ORIENTED_EDGE('',*,*,#1585,.T.);
#1964 = ORIENTED_EDGE('',*,*,#1633,.F.);
#1965 = ORIENTED_EDGE('',*,*,#1653,.T.);
#1966 = ORIENTED_EDGE('',*,*,#1686,.T.);
#1967 = ORIENTED_EDGE('',*,*,#1928,.T.);
#1968 = PLANE('',#1969);
#1969 = AXIS2_PLACEMENT_3D('',#1970,#1971,#1972);
#1970 = CARTESIAN_POINT('',(0.,0.,2.E-02));
#1971 = DIRECTION('',(0.,0.,1.));
#1972 = DIRECTION('',(1.,0.,-0.));
#1973 = ADVANCED_FACE('',(#1974),#2010,.F.);
#1974 = FACE_BOUND('',#1975,.F.);
#1975 = EDGE_LOOP('',(#1976,#1986,#1995,#2003));
#1976 = ORIENTED_EDGE('',*,*,#1977,.F.);
#1977 = EDGE_CURVE('',#1978,#1980,#1982,.T.);
#1978 = VERTEX_POINT('',#1979);
#1979 = CARTESIAN_POINT('',(-0.231606076309,-0.143054934962,1.999975E-02
    ));
#1980 = VERTEX_POINT('',#1981);
#1981 = CARTESIAN_POINT('',(-0.23160607631,-0.143054934962,1.E-02));
#1982 = LINE('',#1983,#1984);
#1983 = CARTESIAN_POINT('',(-0.231265297797,-0.142932886645,2.E-02));
#1984 = VECTOR('',#1985,1.);
#1985 = DIRECTION('',(0.,0.,-1.));
#1986 = ORIENTED_EDGE('',*,*,#1987,.T.);
#1987 = EDGE_CURVE('',#1978,#1988,#1990,.T.);
#1988 = VERTEX_POINT('',#1989);
#1989 = CARTESIAN_POINT('',(-0.251287179972,-1.453978337073E-02,2.E-02)
  );
#1990 = CIRCLE('',#1991,0.310271589742);
#1991 = AXIS2_PLACEMENT_3D('',#1992,#1993,#1994);
#1992 = CARTESIAN_POINT('',(5.836461264419E-02,-3.414148561932E-02,
    2.E-02));
#1993 = DIRECTION('',(0.,0.,-1.));
#1994 = DIRECTION('',(-1.,0.,0.));
#1995 = ORIENTED_EDGE('',*,*,#1996,.T.);
#1996 = EDGE_CURVE('',#1988,#1997,#1999,.T.);
#1997 = VERTEX_POINT('',#1998);
#1998 = CARTESIAN_POINT('',(-0.251287179972,-1.453978337073E-02,1.E-02)
  );
#1999 = LINE('',#2000,#2001);
#2000 = CARTESIAN_POINT('',(-0.251287179972,-1.453978337076E-02,2.E-02)
  );
#2001 = VECTOR('',#2002,1.);
#2002 = DIRECTION('',(0.,0.,-1.));
#2003 = ORIENTED_EDGE('',*,*,#2004,.F.);
#2004 = EDGE_CURVE('',#1980,#1997,#2005,.T.);
#2005 = CIRCLE('',#2006,0.310271589742);
#2006 = AXIS2_PLACEMENT_3D('',#2007,#2008,#2009);
#2007 = CARTESIAN_POINT('',(5.836461264419E-02,-3.414148561932E-02,
    1.E-02));
#2008 = DIRECTION('',(0.,0.,-1.));
#2009 = DIRECTION('',(-1.,0.,0.));
#2010 = CYLINDRICAL_SURFACE('',#2011,0.310271589742);
#2011 = AXIS2_PLACEMENT_3D('',#2012,#2013,#2014);
#2012 = CARTESIAN_POINT('',(5.836461264419E-02,-3.414148561932E-02,
    2.E-02));
#2013 = DIRECTION('',(0.,0.,-1.));
#2014 = DIRECTION('',(-0.983233038073,-0.182353483218,-0.));
#2015 = ADVANCED_FACE('',(#2016),#2043,.F.);
#2016 = FACE_BOUND('',#2017,.F.);
#2017 = EDGE_LOOP('',(#2018,#2019,#2028,#2036));
#2018 = ORIENTED_EDGE('',*,*,#1996,.F.);
#2019 = ORIENTED_EDGE('',*,*,#2020,.T.);
#2020 = EDGE_CURVE('',#1988,#2021,#2023,.T.);
#2021 = VERTEX_POINT('',#2022);
#2022 = CARTESIAN_POINT('',(-0.231618970742,0.113562031027,2.E-02));
#2023 = CIRCLE('',#2024,0.308235581238);
#2024 = AXIS2_PLACEMENT_3D('',#2025,#2026,#2027);
#2025 = CARTESIAN_POINT('',(5.632606253559E-02,5.037411922757E-03,2.E-02
    ));
#2026 = DIRECTION('',(0.,0.,-1.));
#2027 = DIRECTION('',(-1.,0.,0.));
#2028 = ORIENTED_EDGE('',*,*,#2029,.T.);
#2029 = EDGE_CURVE('',#2021,#2030,#2032,.T.);
#2030 = VERTEX_POINT('',#2031);
#2031 = CARTESIAN_POINT('',(-0.231618970742,0.113562031027,1.E-02));
#2032 = LINE('',#2033,#2034);
#2033 = CARTESIAN_POINT('',(-0.231265297797,0.113434396466,2.E-02));
#2034 = VECTOR('',#2035,1.);
#2035 = DIRECTION('',(0.,0.,-1.));
#2036 = ORIENTED_EDGE('',*,*,#2037,.F.);
#2037 = EDGE_CURVE('',#1997,#2030,#2038,.T.);
#2038 = CIRCLE('',#2039,0.308235581238);
#2039 = AXIS2_PLACEMENT_3D('',#2040,#2041,#2042);
#2040 = CARTESIAN_POINT('',(5.632606253559E-02,5.037411922757E-03,1.E-02
    ));
#2041 = DIRECTION('',(0.,0.,-1.));
#2042 = DIRECTION('',(-1.,0.,0.));
#2043 = CYLINDRICAL_SURFACE('',#2044,0.308235581238);
#2044 = AXIS2_PLACEMENT_3D('',#2045,#2046,#2047);
#2045 = CARTESIAN_POINT('',(5.632606253559E-02,5.037411922757E-03,2.E-02
    ));
#2046 = DIRECTION('',(0.,0.,-1.));
#2047 = DIRECTION('',(-0.983107394694,0.183029643769,0.));
#2048 = ADVANCED_FACE('',(#2049),#2076,.F.);
#2049 = FACE_BOUND('',#2050,.F.);
#2050 = EDGE_LOOP('',(#2051,#2052,#2061,#2069));
#2051 = ORIENTED_EDGE('',*,*,#2029,.F.);
#2052 = ORIENTED_EDGE('',*,*,#2053,.T.);
#2053 = EDGE_CURVE('',#2021,#2054,#2056,.T.);
#2054 = VERTEX_POINT('',#2055);
#2055 = CARTESIAN_POINT('',(-0.165115956801,0.153158145637,2.E-02));
#2056 = CIRCLE('',#2057,6.890147167875E-02);
#2057 = AXIS2_PLACEMENT_3D('',#2058,#2059,#2060);
#2058 = CARTESIAN_POINT('',(-0.168647120517,8.43472185808E-02,2.E-02));
#2059 = DIRECTION('',(0.,0.,-1.));
#2060 = DIRECTION('',(-1.,0.,0.));
#2061 = ORIENTED_EDGE('',*,*,#2062,.T.);
#2062 = EDGE_CURVE('',#2054,#2063,#2065,.T.);
#2063 = VERTEX_POINT('',#2064);
#2064 = CARTESIAN_POINT('',(-0.165115956801,0.153158145637,1.E-02));
#2065 = LINE('',#2066,#2067);
#2066 = CARTESIAN_POINT('',(-0.165115956801,0.153158145637,2.E-02));
#2067 = VECTOR('',#2068,1.);
#2068 = DIRECTION('',(0.,0.,-1.));
#2069 = ORIENTED_EDGE('',*,*,#2070,.F.);
#2070 = EDGE_CURVE('',#2030,#2063,#2071,.T.);
#2071 = CIRCLE('',#2072,6.890147167875E-02);
#2072 = AXIS2_PLACEMENT_3D('',#2073,#2074,#2075);
#2073 = CARTESIAN_POINT('',(-0.168647120517,8.43472185808E-02,1.E-02));
#2074 = DIRECTION('',(0.,0.,-1.));
#2075 = DIRECTION('',(-1.,0.,0.));
#2076 = CYLINDRICAL_SURFACE('',#2077,6.890147167875E-02);
#2077 = AXIS2_PLACEMENT_3D('',#2078,#2079,#2080);
#2078 = CARTESIAN_POINT('',(-0.168647120517,8.43472185808E-02,2.E-02));
#2079 = DIRECTION('',(0.,0.,-1.));
#2080 = DIRECTION('',(-0.518210813773,0.855252917264,0.));
#2081 = ADVANCED_FACE('',(#2082),#2109,.F.);
#2082 = FACE_BOUND('',#2083,.F.);
#2083 = EDGE_LOOP('',(#2084,#2085,#2094,#2102));
#2084 = ORIENTED_EDGE('',*,*,#2062,.F.);
#2085 = ORIENTED_EDGE('',*,*,#2086,.T.);
#2086 = EDGE_CURVE('',#2054,#2087,#2089,.T.);
#2087 = VERTEX_POINT('',#2088);
#2088 = CARTESIAN_POINT('',(-9.886116399239E-02,0.112859879197,2.E-02));
#2089 = CIRCLE('',#2090,6.889798200126E-02);
#2090 = AXIS2_PLACEMENT_3D('',#2091,#2092,#2093);
#2091 = CARTESIAN_POINT('',(-0.161732276775,8.4343302519E-02,2.E-02));
#2092 = DIRECTION('',(0.,0.,-1.));
#2093 = DIRECTION('',(-1.,0.,0.));
#2094 = ORIENTED_EDGE('',*,*,#2095,.T.);
#2095 = EDGE_CURVE('',#2087,#2096,#2098,.T.);
#2096 = VERTEX_POINT('',#2097);
#2097 = CARTESIAN_POINT('',(-9.886116399239E-02,0.112859879197,1.E-02));
#2098 = LINE('',#2099,#2100);
#2099 = CARTESIAN_POINT('',(-9.886116399239E-02,0.112859879197,2.E-02));
#2100 = VECTOR('',#2101,1.);
#2101 = DIRECTION('',(0.,0.,-1.));
#2102 = ORIENTED_EDGE('',*,*,#2103,.F.);
#2103 = EDGE_CURVE('',#2063,#2096,#2104,.T.);
#2104 = CIRCLE('',#2105,6.889798200126E-02);
#2105 = AXIS2_PLACEMENT_3D('',#2106,#2107,#2108);
#2106 = CARTESIAN_POINT('',(-0.161732276775,8.4343302519E-02,1.E-02));
#2107 = DIRECTION('',(0.,0.,-1.));
#2108 = DIRECTION('',(-1.,0.,0.));
#2109 = CYLINDRICAL_SURFACE('',#2110,6.889798200126E-02);
#2110 = AXIS2_PLACEMENT_3D('',#2111,#2112,#2113);
#2111 = CARTESIAN_POINT('',(-0.161732276775,8.4343302519E-02,2.E-02));
#2112 = DIRECTION('',(0.,0.,-1.));
#2113 = DIRECTION('',(0.521551034202,0.853220088092,0.));
#2114 = ADVANCED_FACE('',(#2115),#2140,.T.);
#2115 = FACE_BOUND('',#2116,.T.);
#2116 = EDGE_LOOP('',(#2117,#2125,#2133,#2139));
#2117 = ORIENTED_EDGE('',*,*,#2118,.F.);
#2118 = EDGE_CURVE('',#2119,#2096,#2121,.T.);
#2119 = VERTEX_POINT('',#2120);
#2120 = CARTESIAN_POINT('',(-7.831112319826E-02,-1.459456736294E-02,
    1.E-02));
#2121 = B_SPLINE_CURVE_WITH_KNOTS('',2,(#2122,#2123,#2124),
  .UNSPECIFIED.,.F.,.F.,(3,3),(0.,1.),.PIECEWISE_BEZIER_KNOTS.);
#2122 = CARTESIAN_POINT('',(-7.831112319826E-02,-1.459456736294E-02,
    1.E-02));
#2123 = CARTESIAN_POINT('',(-7.831112319826E-02,7.237850851413E-02,
    1.E-02));
#2124 = CARTESIAN_POINT('',(-9.886116399239E-02,0.112859879197,1.E-02));
#2125 = ORIENTED_EDGE('',*,*,#2126,.F.);
#2126 = EDGE_CURVE('',#2127,#2119,#2129,.T.);
#2127 = VERTEX_POINT('',#2128);
#2128 = CARTESIAN_POINT('',(-7.831112319826E-02,-1.459456736294E-02,
    2.E-02));
#2129 = LINE('',#2130,#2131);
#2130 = CARTESIAN_POINT('',(-7.831112319826E-02,-1.459456736294E-02,
    2.E-02));
#2131 = VECTOR('',#2132,1.);
#2132 = DIRECTION('',(0.,0.,-1.));
#2133 = ORIENTED_EDGE('',*,*,#2134,.T.);
#2134 = EDGE_CURVE('',#2127,#2087,#2135,.T.);
#2135 = B_SPLINE_CURVE_WITH_KNOTS('',2,(#2136,#2137,#2138),
  .UNSPECIFIED.,.F.,.F.,(3,3),(0.,1.),.PIECEWISE_BEZIER_KNOTS.);
#2136 = CARTESIAN_POINT('',(-7.831112319826E-02,-1.459456736294E-02,
    2.E-02));
#2137 = CARTESIAN_POINT('',(-7.831112319826E-02,7.237850851413E-02,
    2.E-02));
#2138 = CARTESIAN_POINT('',(-9.886116399239E-02,0.112859879197,2.E-02));
#2139 = ORIENTED_EDGE('',*,*,#2095,.T.);
#2140 = B_SPLINE_SURFACE_WITH_KNOTS('',3,1,(
    (#2141,#2142)
    ,(#2143,#2144)
    ,(#2145,#2146)
    ,(#2147,#2148
    )),.UNSPECIFIED.,.F.,.F.,.F.,(4,4),(2,2),(0.,1.),(0.,1.),
  .PIECEWISE_BEZIER_KNOTS.);
#2141 = CARTESIAN_POINT('',(-7.831112319826E-02,-1.459456736294E-02,
    2.E-02));
#2142 = CARTESIAN_POINT('',(-7.831112319826E-02,-1.459456736294E-02,
    1.E-02));
#2143 = CARTESIAN_POINT('',(-7.831112319826E-02,4.338748322177E-02,
    2.E-02));
#2144 = CARTESIAN_POINT('',(-7.831112319826E-02,4.338748322177E-02,
    1.E-02));
#2145 = CARTESIAN_POINT('',(-8.51611367963E-02,8.587229874167E-02,2.E-02
    ));
#2146 = CARTESIAN_POINT('',(-8.51611367963E-02,8.587229874167E-02,1.E-02
    ));
#2147 = CARTESIAN_POINT('',(-9.886116399239E-02,0.112859879197,2.E-02));
#2148 = CARTESIAN_POINT('',(-9.886116399239E-02,0.112859879197,1.E-02));
#2149 = ADVANCED_FACE('',(#2150),#2177,.F.);
#2150 = FACE_BOUND('',#2151,.F.);
#2151 = EDGE_LOOP('',(#2152,#2153,#2162,#2170));
#2152 = ORIENTED_EDGE('',*,*,#2126,.F.);
#2153 = ORIENTED_EDGE('',*,*,#2154,.T.);
#2154 = EDGE_CURVE('',#2127,#2155,#2157,.T.);
#2155 = VERTEX_POINT('',#2156);
#2156 = CARTESIAN_POINT('',(-9.853746477102E-02,-0.142518003618,2.E-02)
  );
#2157 = CIRCLE('',#2158,0.312272895183);
#2158 = AXIS2_PLACEMENT_3D('',#2159,#2160,#2161);
#2159 = CARTESIAN_POINT('',(-0.390676551192,-3.361720905474E-02,2.E-02)
  );
#2160 = DIRECTION('',(0.,0.,-1.));
#2161 = DIRECTION('',(-1.,0.,0.));
#2162 = ORIENTED_EDGE('',*,*,#2163,.T.);
#2163 = EDGE_CURVE('',#2155,#2164,#2166,.T.);
#2164 = VERTEX_POINT('',#2165);
#2165 = CARTESIAN_POINT('',(-9.853746477102E-02,-0.142518003618,1.E-02)
  );
#2166 = LINE('',#2167,#2168);
#2167 = CARTESIAN_POINT('',(-9.886116399239E-02,-0.142402563012,2.E-02)
  );
#2168 = VECTOR('',#2169,1.);
#2169 = DIRECTION('',(0.,0.,-1.));
#2170 = ORIENTED_EDGE('',*,*,#2171,.F.);
#2171 = EDGE_CURVE('',#2119,#2164,#2172,.T.);
#2172 = CIRCLE('',#2173,0.312272895183);
#2173 = AXIS2_PLACEMENT_3D('',#2174,#2175,#2176);
#2174 = CARTESIAN_POINT('',(-0.390676551192,-3.361720905474E-02,1.E-02)
  );
#2175 = DIRECTION('',(0.,0.,-1.));
#2176 = DIRECTION('',(-1.,0.,0.));
#2177 = CYLINDRICAL_SURFACE('',#2178,0.312272895183);
#2178 = AXIS2_PLACEMENT_3D('',#2179,#2180,#2181);
#2179 = CARTESIAN_POINT('',(-0.390676551192,-3.361720905474E-02,2.E-02)
  );
#2180 = DIRECTION('',(0.,0.,-1.));
#2181 = DIRECTION('',(0.9835298295,-0.180745883723,0.));
#2182 = ADVANCED_FACE('',(#2183),#2210,.F.);
#2183 = FACE_BOUND('',#2184,.F.);
#2184 = EDGE_LOOP('',(#2185,#2186,#2195,#2203));
#2185 = ORIENTED_EDGE('',*,*,#2163,.F.);
#2186 = ORIENTED_EDGE('',*,*,#2187,.T.);
#2187 = EDGE_CURVE('',#2155,#2188,#2190,.T.);
#2188 = VERTEX_POINT('',#2189);
#2189 = CARTESIAN_POINT('',(-0.165091974773,-0.18297843205,2.E-02));
#2190 = CIRCLE('',#2191,6.884765406185E-02);
#2191 = AXIS2_PLACEMENT_3D('',#2192,#2193,#2194);
#2192 = CARTESIAN_POINT('',(-0.161838467656,-0.114207695822,2.E-02));
#2193 = DIRECTION('',(0.,0.,-1.));
#2194 = DIRECTION('',(-1.,0.,0.));
#2195 = ORIENTED_EDGE('',*,*,#2196,.T.);
#2196 = EDGE_CURVE('',#2188,#2197,#2199,.T.);
#2197 = VERTEX_POINT('',#2198);
#2198 = CARTESIAN_POINT('',(-0.165091974773,-0.18297843205,1.E-02));
#2199 = LINE('',#2200,#2201);
#2200 = CARTESIAN_POINT('',(-0.165091974773,-0.18297843205,2.E-02));
#2201 = VECTOR('',#2202,1.);
#2202 = DIRECTION('',(0.,0.,-1.));
#2203 = ORIENTED_EDGE('',*,*,#2204,.F.);
#2204 = EDGE_CURVE('',#2164,#2197,#2205,.T.);
#2205 = CIRCLE('',#2206,6.884765406185E-02);
#2206 = AXIS2_PLACEMENT_3D('',#2207,#2208,#2209);
#2207 = CARTESIAN_POINT('',(-0.161838467656,-0.114207695822,1.E-02));
#2208 = DIRECTION('',(0.,0.,-1.));
#2209 = DIRECTION('',(-1.,0.,0.));
#2210 = CYLINDRICAL_SURFACE('',#2211,6.884765406185E-02);
#2211 = AXIS2_PLACEMENT_3D('',#2212,#2213,#2214);
#2212 = CARTESIAN_POINT('',(-0.161838467656,-0.114207695822,2.E-02));
#2213 = DIRECTION('',(0.,0.,-1.));
#2214 = DIRECTION('',(0.523463492028,-0.852048104577,0.));
#2215 = ADVANCED_FACE('',(#2216),#2241,.T.);
#2216 = FACE_BOUND('',#2217,.T.);
#2217 = EDGE_LOOP('',(#2218,#2219,#2227,#2235));
#2218 = ORIENTED_EDGE('',*,*,#416,.F.);
#2219 = ORIENTED_EDGE('',*,*,#2220,.F.);
#2220 = EDGE_CURVE('',#2221,#408,#2223,.T.);
#2221 = VERTEX_POINT('',#2222);
#2222 = CARTESIAN_POINT('',(-3.128909437041E-02,-1.459456736294E-02,
    2.E-02));
#2223 = LINE('',#2224,#2225);
#2224 = CARTESIAN_POINT('',(-3.128909437041E-02,-1.459456736294E-02,
    2.E-02));
#2225 = VECTOR('',#2226,1.);
#2226 = DIRECTION('',(0.,0.,-1.));
#2227 = ORIENTED_EDGE('',*,*,#2228,.T.);
#2228 = EDGE_CURVE('',#2221,#2229,#2231,.T.);
#2229 = VERTEX_POINT('',#2230);
#2230 = CARTESIAN_POINT('',(-6.430174054936E-02,-0.170995845579,2.E-02)
  );
#2231 = B_SPLINE_CURVE_WITH_KNOTS('',2,(#2232,#2233,#2234),
  .UNSPECIFIED.,.F.,.F.,(3,3),(0.,1.),.PIECEWISE_BEZIER_KNOTS.);
#2232 = CARTESIAN_POINT('',(-3.128909437041E-02,-1.459456736294E-02,
    2.E-02));
#2233 = CARTESIAN_POINT('',(-3.128909437041E-02,-0.119333484959,2.E-02)
  );
#2234 = CARTESIAN_POINT('',(-6.430174054936E-02,-0.170995845579,2.E-02)
  );
#2235 = ORIENTED_EDGE('',*,*,#2236,.T.);
#2236 = EDGE_CURVE('',#2229,#417,#2237,.T.);
#2237 = LINE('',#2238,#2239);
#2238 = CARTESIAN_POINT('',(-6.430174054936E-02,-0.170995845579,2.E-02)
  );
#2239 = VECTOR('',#2240,1.);
#2240 = DIRECTION('',(0.,0.,-1.));
#2241 = B_SPLINE_SURFACE_WITH_KNOTS('',3,1,(
    (#2242,#2243)
    ,(#2244,#2245)
    ,(#2246,#2247)
    ,(#2248,#2249
    )),.UNSPECIFIED.,.F.,.F.,.F.,(4,4),(2,2),(0.,1.),(0.,1.),
  .PIECEWISE_BEZIER_KNOTS.);
#2242 = CARTESIAN_POINT('',(-3.128909437041E-02,-1.459456736294E-02,
    2.E-02));
#2243 = CARTESIAN_POINT('',(-3.128909437041E-02,-1.459456736294E-02,
    1.E-02));
#2244 = CARTESIAN_POINT('',(-3.128909437041E-02,-8.442051242686E-02,
    2.E-02));
#2245 = CARTESIAN_POINT('',(-3.128909437041E-02,-8.442051242686E-02,
    1.E-02));
#2246 = CARTESIAN_POINT('',(-4.229330976339E-02,-0.136554271832,2.E-02)
  );
#2247 = CARTESIAN_POINT('',(-4.229330976339E-02,-0.136554271832,1.E-02)
  );
#2248 = CARTESIAN_POINT('',(-6.430174054936E-02,-0.170995845579,2.E-02)
  );
#2249 = CARTESIAN_POINT('',(-6.430174054936E-02,-0.170995845579,1.E-02)
  );
#2250 = ADVANCED_FACE('',(#2251),#2270,.T.);
#2251 = FACE_BOUND('',#2252,.T.);
#2252 = EDGE_LOOP('',(#2253,#2254,#2262,#2269));
#2253 = ORIENTED_EDGE('',*,*,#405,.F.);
#2254 = ORIENTED_EDGE('',*,*,#2255,.F.);
#2255 = EDGE_CURVE('',#2256,#406,#2258,.T.);
#2256 = VERTEX_POINT('',#2257);
#2257 = CARTESIAN_POINT('',(-6.500691397773E-02,0.139978927979,2.E-02));
#2258 = LINE('',#2259,#2260);
#2259 = CARTESIAN_POINT('',(-6.540658145227E-02,0.139773803592,2.E-02));
#2260 = VECTOR('',#2261,1.);
#2261 = DIRECTION('',(0.,0.,-1.));
#2262 = ORIENTED_EDGE('',*,*,#2263,.T.);
#2263 = EDGE_CURVE('',#2256,#2221,#2264,.T.);
#2264 = CIRCLE('',#2265,0.294780768662);
#2265 = AXIS2_PLACEMENT_3D('',#2266,#2267,#2268);
#2266 = CARTESIAN_POINT('',(-0.326291547129,4.586837433194E-03,2.E-02));
#2267 = DIRECTION('',(0.,0.,-1.));
#2268 = DIRECTION('',(-1.,0.,0.));
#2269 = ORIENTED_EDGE('',*,*,#2220,.T.);
#2270 = CYLINDRICAL_SURFACE('',#2271,0.294780768662);
#2271 = AXIS2_PLACEMENT_3D('',#2272,#2273,#2274);
#2272 = CARTESIAN_POINT('',(-0.326291547129,4.586837433194E-03,2.E-02));
#2273 = DIRECTION('',(0.,0.,-1.));
#2274 = DIRECTION('',(0.971479314764,0.237124315467,0.));
#2275 = ADVANCED_FACE('',(#2276),#2295,.T.);
#2276 = FACE_BOUND('',#2277,.T.);
#2277 = EDGE_LOOP('',(#2278,#2279,#2287,#2294));
#2278 = ORIENTED_EDGE('',*,*,#467,.F.);
#2279 = ORIENTED_EDGE('',*,*,#2280,.F.);
#2280 = EDGE_CURVE('',#2281,#459,#2283,.T.);
#2281 = VERTEX_POINT('',#2282);
#2282 = CARTESIAN_POINT('',(-0.165280817973,0.192872561782,2.E-02));
#2283 = LINE('',#2284,#2285);
#2284 = CARTESIAN_POINT('',(-0.165284199075,0.193115522384,2.E-02));
#2285 = VECTOR('',#2286,1.);
#2286 = DIRECTION('',(0.,0.,-1.));
#2287 = ORIENTED_EDGE('',*,*,#2288,.T.);
#2288 = EDGE_CURVE('',#2281,#2256,#2289,.T.);
#2289 = CIRCLE('',#2290,0.110672574642);
#2290 = AXIS2_PLACEMENT_3D('',#2291,#2292,#2293);
#2291 = CARTESIAN_POINT('',(-0.160030421078,8.22742372679E-02,2.E-02));
#2292 = DIRECTION('',(0.,0.,-1.));
#2293 = DIRECTION('',(-1.,0.,0.));
#2294 = ORIENTED_EDGE('',*,*,#2255,.T.);
#2295 = CYLINDRICAL_SURFACE('',#2296,0.110672574642);
#2296 = AXIS2_PLACEMENT_3D('',#2297,#2298,#2299);
#2297 = CARTESIAN_POINT('',(-0.160030421078,8.22742372679E-02,2.E-02));
#2298 = DIRECTION('',(0.,0.,-1.));
#2299 = DIRECTION('',(0.47474723417,0.880122186772,0.));
#2300 = ADVANCED_FACE('',(#2301),#2320,.T.);
#2301 = FACE_BOUND('',#2302,.T.);
#2302 = EDGE_LOOP('',(#2303,#2304,#2312,#2319));
#2303 = ORIENTED_EDGE('',*,*,#458,.F.);
#2304 = ORIENTED_EDGE('',*,*,#2305,.F.);
#2305 = EDGE_CURVE('',#2306,#451,#2308,.T.);
#2306 = VERTEX_POINT('',#2307);
#2307 = CARTESIAN_POINT('',(-0.265515365787,0.141983485397,2.E-02));
#2308 = LINE('',#2309,#2310);
#2309 = CARTESIAN_POINT('',(-0.265515365787,0.141983485397,2.E-02));
#2310 = VECTOR('',#2311,1.);
#2311 = DIRECTION('',(0.,0.,-1.));
#2312 = ORIENTED_EDGE('',*,*,#2313,.T.);
#2313 = EDGE_CURVE('',#2306,#2281,#2314,.T.);
#2314 = CIRCLE('',#2315,0.11059720768);
#2315 = AXIS2_PLACEMENT_3D('',#2316,#2317,#2318);
#2316 = CARTESIAN_POINT('',(-0.172610646277,8.227566492059E-02,2.E-02));
#2317 = DIRECTION('',(0.,0.,-1.));
#2318 = DIRECTION('',(-1.,0.,0.));
#2319 = ORIENTED_EDGE('',*,*,#2280,.T.);
#2320 = CYLINDRICAL_SURFACE('',#2321,0.11059720768);
#2321 = AXIS2_PLACEMENT_3D('',#2322,#2323,#2324);
#2322 = CARTESIAN_POINT('',(-0.172610646277,8.227566492059E-02,2.E-02));
#2323 = DIRECTION('',(0.,0.,-1.));
#2324 = DIRECTION('',(-0.464317288819,0.88566893098,0.));
#2325 = ADVANCED_FACE('',(#2326),#2344,.T.);
#2326 = FACE_BOUND('',#2327,.T.);
#2327 = EDGE_LOOP('',(#2328,#2329,#2337,#2343));
#2328 = ORIENTED_EDGE('',*,*,#450,.F.);
#2329 = ORIENTED_EDGE('',*,*,#2330,.F.);
#2330 = EDGE_CURVE('',#2331,#443,#2333,.T.);
#2331 = VERTEX_POINT('',#2332);
#2332 = CARTESIAN_POINT('',(-0.298395431058,-1.459456736294E-02,2.E-02)
  );
#2333 = LINE('',#2334,#2335);
#2334 = CARTESIAN_POINT('',(-0.298395431058,-1.459456736294E-02,2.E-02)
  );
#2335 = VECTOR('',#2336,1.);
#2336 = DIRECTION('',(0.,0.,-1.));
#2337 = ORIENTED_EDGE('',*,*,#2338,.T.);
#2338 = EDGE_CURVE('',#2331,#2306,#2339,.T.);
#2339 = B_SPLINE_CURVE_WITH_KNOTS('',2,(#2340,#2341,#2342),
  .UNSPECIFIED.,.F.,.F.,(3,3),(0.,1.),.PIECEWISE_BEZIER_KNOTS.);
#2340 = CARTESIAN_POINT('',(-0.298395431058,-1.459456736294E-02,2.E-02)
  );
#2341 = CARTESIAN_POINT('',(-0.298395431058,9.085144841078E-02,2.E-02));
#2342 = CARTESIAN_POINT('',(-0.265515365787,0.141983485397,2.E-02));
#2343 = ORIENTED_EDGE('',*,*,#2305,.T.);
#2344 = B_SPLINE_SURFACE_WITH_KNOTS('',3,1,(
    (#2345,#2346)
    ,(#2347,#2348)
    ,(#2349,#2350)
    ,(#2351,#2352
    )),.UNSPECIFIED.,.F.,.F.,.F.,(4,4),(2,2),(0.,1.),(0.,1.),
  .PIECEWISE_BEZIER_KNOTS.);
#2345 = CARTESIAN_POINT('',(-0.298395431058,-1.459456736294E-02,2.E-02)
  );
#2346 = CARTESIAN_POINT('',(-0.298395431058,-1.459456736294E-02,1.E-02)
  );
#2347 = CARTESIAN_POINT('',(-0.298395431058,5.570277648621E-02,2.E-02));
#2348 = CARTESIAN_POINT('',(-0.298395431058,5.570277648621E-02,1.E-02));
#2349 = CARTESIAN_POINT('',(-0.287435409301,0.10789546074,2.E-02));
#2350 = CARTESIAN_POINT('',(-0.287435409301,0.10789546074,1.E-02));
#2351 = CARTESIAN_POINT('',(-0.265515365787,0.141983485397,2.E-02));
#2352 = CARTESIAN_POINT('',(-0.265515365787,0.141983485397,1.E-02));
#2353 = ADVANCED_FACE('',(#2354),#2372,.T.);
#2354 = FACE_BOUND('',#2355,.T.);
#2355 = EDGE_LOOP('',(#2356,#2357,#2365,#2371));
#2356 = ORIENTED_EDGE('',*,*,#442,.F.);
#2357 = ORIENTED_EDGE('',*,*,#2358,.F.);
#2358 = EDGE_CURVE('',#2359,#434,#2361,.T.);
#2359 = VERTEX_POINT('',#2360);
#2360 = CARTESIAN_POINT('',(-0.264410524884,-0.169758423768,2.E-02));
#2361 = LINE('',#2362,#2363);
#2362 = CARTESIAN_POINT('',(-0.264410524884,-0.169758423768,2.E-02));
#2363 = VECTOR('',#2364,1.);
#2364 = DIRECTION('',(0.,0.,-1.));
#2365 = ORIENTED_EDGE('',*,*,#2366,.T.);
#2366 = EDGE_CURVE('',#2359,#2331,#2367,.T.);
#2367 = B_SPLINE_CURVE_WITH_KNOTS('',2,(#2368,#2369,#2370),
  .UNSPECIFIED.,.F.,.F.,(3,3),(0.,1.),.PIECEWISE_BEZIER_KNOTS.);
#2368 = CARTESIAN_POINT('',(-0.264410524884,-0.169758423768,2.E-02));
#2369 = CARTESIAN_POINT('',(-0.298395431058,-0.116858641336,2.E-02));
#2370 = CARTESIAN_POINT('',(-0.298395431058,-1.459456736294E-02,2.E-02)
  );
#2371 = ORIENTED_EDGE('',*,*,#2330,.T.);
#2372 = B_SPLINE_SURFACE_WITH_KNOTS('',3,1,(
    (#2373,#2374)
    ,(#2375,#2376)
    ,(#2377,#2378)
    ,(#2379,#2380
    )),.UNSPECIFIED.,.F.,.F.,.F.,(4,4),(2,2),(0.,1.),(0.,1.),
  .PIECEWISE_BEZIER_KNOTS.);
#2373 = CARTESIAN_POINT('',(-0.264410524884,-0.169758423768,2.E-02));
#2374 = CARTESIAN_POINT('',(-0.264410524884,-0.169758423768,1.E-02));
#2375 = CARTESIAN_POINT('',(-0.287067129,-0.134491902147,2.E-02));
#2376 = CARTESIAN_POINT('',(-0.287067129,-0.134491902147,1.E-02));
#2377 = CARTESIAN_POINT('',(-0.298395431058,-8.277061667851E-02,2.E-02)
  );
#2378 = CARTESIAN_POINT('',(-0.298395431058,-8.277061667851E-02,1.E-02)
  );
#2379 = CARTESIAN_POINT('',(-0.298395431058,-1.459456736294E-02,2.E-02)
  );
#2380 = CARTESIAN_POINT('',(-0.298395431058,-1.459456736294E-02,1.E-02)
  );
#2381 = ADVANCED_FACE('',(#2382),#2401,.T.);
#2382 = FACE_BOUND('',#2383,.T.);
#2383 = EDGE_LOOP('',(#2384,#2385,#2393,#2400));
#2384 = ORIENTED_EDGE('',*,*,#433,.F.);
#2385 = ORIENTED_EDGE('',*,*,#2386,.F.);
#2386 = EDGE_CURVE('',#2387,#425,#2389,.T.);
#2387 = VERTEX_POINT('',#2388);
#2388 = CARTESIAN_POINT('',(-0.165283543373,-0.222410386579,2.E-02));
#2389 = LINE('',#2390,#2391);
#2390 = CARTESIAN_POINT('',(-0.165284199075,-0.222658206199,2.E-02));
#2391 = VECTOR('',#2392,1.);
#2392 = DIRECTION('',(0.,0.,-1.));
#2393 = ORIENTED_EDGE('',*,*,#2394,.T.);
#2394 = EDGE_CURVE('',#2387,#2359,#2395,.T.);
#2395 = CIRCLE('',#2396,0.110043510405);
#2396 = AXIS2_PLACEMENT_3D('',#2397,#2398,#2399);
#2397 = CARTESIAN_POINT('',(-0.170398159422,-0.112451410647,2.E-02));
#2398 = DIRECTION('',(0.,0.,-1.));
#2399 = DIRECTION('',(-1.,0.,0.));
#2400 = ORIENTED_EDGE('',*,*,#2358,.T.);
#2401 = CYLINDRICAL_SURFACE('',#2402,0.110043510405);
#2402 = AXIS2_PLACEMENT_3D('',#2403,#2404,#2405);
#2403 = CARTESIAN_POINT('',(-0.170398159422,-0.112451410647,2.E-02));
#2404 = DIRECTION('',(0.,0.,-1.));
#2405 = DIRECTION('',(-0.474221813271,-0.88040540197,-0.));
#2406 = ADVANCED_FACE('',(#2407),#2419,.T.);
#2407 = FACE_BOUND('',#2408,.T.);
#2408 = EDGE_LOOP('',(#2409,#2410,#2411,#2418));
#2409 = ORIENTED_EDGE('',*,*,#424,.F.);
#2410 = ORIENTED_EDGE('',*,*,#2236,.F.);
#2411 = ORIENTED_EDGE('',*,*,#2412,.T.);
#2412 = EDGE_CURVE('',#2229,#2387,#2413,.T.);
#2413 = CIRCLE('',#2414,0.111167846612);
#2414 = AXIS2_PLACEMENT_3D('',#2415,#2416,#2417);
#2415 = CARTESIAN_POINT('',(-0.157852281634,-0.111244467853,2.E-02));
#2416 = DIRECTION('',(0.,0.,-1.));
#2417 = DIRECTION('',(-1.,0.,0.));
#2418 = ORIENTED_EDGE('',*,*,#2386,.T.);
#2419 = CYLINDRICAL_SURFACE('',#2420,0.111167846612);
#2420 = AXIS2_PLACEMENT_3D('',#2421,#2422,#2423);
#2421 = CARTESIAN_POINT('',(-0.157852281634,-0.111244467853,2.E-02));
#2422 = DIRECTION('',(0.,0.,-1.));
#2423 = DIRECTION('',(0.465447161794,-0.885075668843,0.));
#2424 = ADVANCED_FACE('',(#2425),#2443,.F.);
#2425 = FACE_BOUND('',#2426,.F.);
#2426 = EDGE_LOOP('',(#2427,#2428,#2435,#2436));
#2427 = ORIENTED_EDGE('',*,*,#2196,.F.);
#2428 = ORIENTED_EDGE('',*,*,#2429,.T.);
#2429 = EDGE_CURVE('',#2188,#1978,#2430,.T.);
#2430 = CIRCLE('',#2431,6.883752128767E-02);
#2431 = AXIS2_PLACEMENT_3D('',#2432,#2433,#2434);
#2432 = CARTESIAN_POINT('',(-0.168523055599,-0.114226471922,2.E-02));
#2433 = DIRECTION('',(0.,0.,-1.));
#2434 = DIRECTION('',(-1.,0.,0.));
#2435 = ORIENTED_EDGE('',*,*,#1977,.T.);
#2436 = ORIENTED_EDGE('',*,*,#2437,.F.);
#2437 = EDGE_CURVE('',#2197,#1980,#2438,.T.);
#2438 = CIRCLE('',#2439,6.883752128767E-02);
#2439 = AXIS2_PLACEMENT_3D('',#2440,#2441,#2442);
#2440 = CARTESIAN_POINT('',(-0.168523055599,-0.114226471922,1.E-02));
#2441 = DIRECTION('',(0.,0.,-1.));
#2442 = DIRECTION('',(-1.,0.,0.));
#2443 = CYLINDRICAL_SURFACE('',#2444,6.883752128767E-02);
#2444 = AXIS2_PLACEMENT_3D('',#2445,#2446,#2447);
#2445 = CARTESIAN_POINT('',(-0.168523055599,-0.114226471922,2.E-02));
#2446 = DIRECTION('',(0.,0.,-1.));
#2447 = DIRECTION('',(-0.5204814831,-0.853872956446,-0.));
#2448 = ADVANCED_FACE('',(#2449,#2459),#2469,.T.);
#2449 = FACE_BOUND('',#2450,.T.);
#2450 = EDGE_LOOP('',(#2451,#2452,#2453,#2454,#2455,#2456,#2457,#2458));
#2451 = ORIENTED_EDGE('',*,*,#2228,.F.);
#2452 = ORIENTED_EDGE('',*,*,#2263,.F.);
#2453 = ORIENTED_EDGE('',*,*,#2288,.F.);
#2454 = ORIENTED_EDGE('',*,*,#2313,.F.);
#2455 = ORIENTED_EDGE('',*,*,#2338,.F.);
#2456 = ORIENTED_EDGE('',*,*,#2366,.F.);
#2457 = ORIENTED_EDGE('',*,*,#2394,.F.);
#2458 = ORIENTED_EDGE('',*,*,#2412,.F.);
#2459 = FACE_BOUND('',#2460,.T.);
#2460 = EDGE_LOOP('',(#2461,#2462,#2463,#2464,#2465,#2466,#2467,#2468));
#2461 = ORIENTED_EDGE('',*,*,#1987,.T.);
#2462 = ORIENTED_EDGE('',*,*,#2020,.T.);
#2463 = ORIENTED_EDGE('',*,*,#2053,.T.);
#2464 = ORIENTED_EDGE('',*,*,#2086,.T.);
#2465 = ORIENTED_EDGE('',*,*,#2134,.F.);
#2466 = ORIENTED_EDGE('',*,*,#2154,.T.);
#2467 = ORIENTED_EDGE('',*,*,#2187,.T.);
#2468 = ORIENTED_EDGE('',*,*,#2429,.T.);
#2469 = PLANE('',#2470);
#2470 = AXIS2_PLACEMENT_3D('',#2471,#2472,#2473);
#2471 = CARTESIAN_POINT('',(0.,0.,2.E-02));
#2472 = DIRECTION('',(0.,0.,1.));
#2473 = DIRECTION('',(1.,0.,-0.));
#2474 = ADVANCED_FACE('',(#2475),#2485,.T.);
#2475 = FACE_BOUND('',#2476,.T.);
#2476 = EDGE_LOOP('',(#2477,#2478,#2479,#2480,#2481,#2482,#2483,#2484));
#2477 = ORIENTED_EDGE('',*,*,#1536,.F.);
#2478 = ORIENTED_EDGE('',*,*,#1503,.F.);
#2479 = ORIENTED_EDGE('',*,*,#1936,.F.);
#2480 = ORIENTED_EDGE('',*,*,#1703,.F.);
#2481 = ORIENTED_EDGE('',*,*,#1670,.F.);
#2482 = ORIENTED_EDGE('',*,*,#1617,.T.);
#2483 = ORIENTED_EDGE('',*,*,#1602,.F.);
#2484 = ORIENTED_EDGE('',*,*,#1569,.F.);
#2485 = PLANE('',#2486);
#2486 = AXIS2_PLACEMENT_3D('',#2487,#2488,#2489);
#2487 = CARTESIAN_POINT('',(0.,0.,1.E-02));
#2488 = DIRECTION('',(0.,0.,1.));
#2489 = DIRECTION('',(1.,0.,-0.));
#2490 = ADVANCED_FACE('',(#2491),#2501,.T.);
#2491 = FACE_BOUND('',#2492,.T.);
#2492 = EDGE_LOOP('',(#2493,#2494,#2495,#2496,#2497,#2498,#2499,#2500));
#2493 = ORIENTED_EDGE('',*,*,#2037,.F.);
#2494 = ORIENTED_EDGE('',*,*,#2004,.F.);
#2495 = ORIENTED_EDGE('',*,*,#2437,.F.);
#2496 = ORIENTED_EDGE('',*,*,#2204,.F.);
#2497 = ORIENTED_EDGE('',*,*,#2171,.F.);
#2498 = ORIENTED_EDGE('',*,*,#2118,.T.);
#2499 = ORIENTED_EDGE('',*,*,#2103,.F.);
#2500 = ORIENTED_EDGE('',*,*,#2070,.F.);
#2501 = PLANE('',#2502);
#2502 = AXIS2_PLACEMENT_3D('',#2503,#2504,#2505);
#2503 = CARTESIAN_POINT('',(0.,0.,1.E-02));
#2504 = DIRECTION('',(0.,0.,1.));
#2505 = DIRECTION('',(1.,0.,-0.));
#2506 = ( GEOMETRIC_REPRESENTATION_CONTEXT(3) 
GLOBAL_UNCERTAINTY_ASSIGNED_CONTEXT((#2510)) 
GLOBAL_UNIT_ASSIGNED_CONTEXT((#2507,#2508,#2509)) REPRESENTATION_CONTEXT
('Context #1','3D Context with UNIT and UNCERTAINTY') );
#2507 = ( LENGTH_UNIT() NAMED_UNIT(*) SI_UNIT(.MILLI.,.METRE.) );
#2508 = ( NAMED_UNIT(*) PLANE_ANGLE_UNIT() SI_UNIT($,.RADIAN.) );
#2509 = ( NAMED_UNIT(*) SI_UNIT($,.STERADIAN.) SOLID_ANGLE_UNIT() );
#2510 = UNCERTAINTY_MEASURE_WITH_UNIT(LENGTH_MEASURE(2.E-04),#2507,
  'distance_accuracy_value','confusion accuracy');
#2511 = CONTEXT_DEPENDENT_SHAPE_REPRESENTATION(#2512,#2514);
#2512 = ( REPRESENTATION_RELATIONSHIP('','',#44,#10) 
REPRESENTATION_RELATIONSHIP_WITH_TRANSFORMATION(#2513) 
SHAPE_REPRESENTATION_RELATIONSHIP() );
#2513 = ITEM_DEFINED_TRANSFORMATION('','',#11,#15);
#2514 = PRODUCT_DEFINITION_SHAPE('Placement','Placement of an item',
  #2515);
#2515 = NEXT_ASSEMBLY_USAGE_OCCURRENCE('13','Part 003','',#5,#39,$);
#2516 = PRODUCT_RELATED_PRODUCT_CATEGORY('part',$,(#41));
#2517 = SHAPE_DEFINITION_REPRESENTATION(#2518,#2524);
#2518 = PRODUCT_DEFINITION_SHAPE('','',#2519);
#2519 = PRODUCT_DEFINITION('design','',#2520,#2523);
#2520 = PRODUCT_DEFINITION_FORMATION('','',#2521);
#2521 = PRODUCT('Part 002','Part 002','',(#2522));
#2522 = PRODUCT_CONTEXT('',#2,'mechanical');
#2523 = PRODUCT_DEFINITION_CONTEXT('part definition',#2,'design');
#2524 = ADVANCED_BREP_SHAPE_REPRESENTATION('',(#11,#2525),#2675);
#2525 = MANIFOLD_SOLID_BREP('',#2526);
#2526 = CLOSED_SHELL('',(#2527,#2567,#2598,#2629,#2651,#2663));
#2527 = ADVANCED_FACE('',(#2528),#2562,.T.);
#2528 = FACE_BOUND('',#2529,.T.);
#2529 = EDGE_LOOP('',(#2530,#2540,#2548,#2556));
#2530 = ORIENTED_EDGE('',*,*,#2531,.F.);
#2531 = EDGE_CURVE('',#2532,#2534,#2536,.T.);
#2532 = VERTEX_POINT('',#2533);
#2533 = CARTESIAN_POINT('',(0.975,-0.625,0.));
#2534 = VERTEX_POINT('',#2535);
#2535 = CARTESIAN_POINT('',(-0.975,-0.625,0.));
#2536 = LINE('',#2537,#2538);
#2537 = CARTESIAN_POINT('',(1.084202172485E-16,-0.625,0.));
#2538 = VECTOR('',#2539,1.);
#2539 = DIRECTION('',(-1.,-1.11200222819E-16,0.));
#2540 = ORIENTED_EDGE('',*,*,#2541,.F.);
#2541 = EDGE_CURVE('',#2542,#2532,#2544,.T.);
#2542 = VERTEX_POINT('',#2543);
#2543 = CARTESIAN_POINT('',(0.975,-0.625,0.45));
#2544 = LINE('',#2545,#2546);
#2545 = CARTESIAN_POINT('',(0.975,-0.625,0.45));
#2546 = VECTOR('',#2547,1.);
#2547 = DIRECTION('',(0.,0.,-1.));
#2548 = ORIENTED_EDGE('',*,*,#2549,.T.);
#2549 = EDGE_CURVE('',#2542,#2550,#2552,.T.);
#2550 = VERTEX_POINT('',#2551);
#2551 = CARTESIAN_POINT('',(-0.975,-0.625,0.45));
#2552 = LINE('',#2553,#2554);
#2553 = CARTESIAN_POINT('',(1.084202172485E-16,-0.625,0.45));
#2554 = VECTOR('',#2555,1.);
#2555 = DIRECTION('',(-1.,-1.11200222819E-16,0.));
#2556 = ORIENTED_EDGE('',*,*,#2557,.T.);
#2557 = EDGE_CURVE('',#2550,#2534,#2558,.T.);
#2558 = LINE('',#2559,#2560);
#2559 = CARTESIAN_POINT('',(-0.975,-0.625,0.45));
#2560 = VECTOR('',#2561,1.);
#2561 = DIRECTION('',(0.,0.,-1.));
#2562 = PLANE('',#2563);
#2563 = AXIS2_PLACEMENT_3D('',#2564,#2565,#2566);
#2564 = CARTESIAN_POINT('',(1.084202172485E-16,-0.625,0.45));
#2565 = DIRECTION('',(1.11200222819E-16,-1.,0.));
#2566 = DIRECTION('',(1.,1.11200222819E-16,0.));
#2567 = ADVANCED_FACE('',(#2568),#2593,.F.);
#2568 = FACE_BOUND('',#2569,.T.);
#2569 = EDGE_LOOP('',(#2570,#2578,#2586,#2592));
#2570 = ORIENTED_EDGE('',*,*,#2571,.T.);
#2571 = EDGE_CURVE('',#2532,#2572,#2574,.T.);
#2572 = VERTEX_POINT('',#2573);
#2573 = CARTESIAN_POINT('',(0.975,0.625,0.));
#2574 = LINE('',#2575,#2576);
#2575 = CARTESIAN_POINT('',(0.975,1.084202172485E-16,0.));
#2576 = VECTOR('',#2577,1.);
#2577 = DIRECTION('',(-1.734723475977E-16,1.,0.));
#2578 = ORIENTED_EDGE('',*,*,#2579,.F.);
#2579 = EDGE_CURVE('',#2580,#2572,#2582,.T.);
#2580 = VERTEX_POINT('',#2581);
#2581 = CARTESIAN_POINT('',(0.975,0.625,0.45));
#2582 = LINE('',#2583,#2584);
#2583 = CARTESIAN_POINT('',(0.975,0.625,0.45));
#2584 = VECTOR('',#2585,1.);
#2585 = DIRECTION('',(0.,0.,-1.));
#2586 = ORIENTED_EDGE('',*,*,#2587,.F.);
#2587 = EDGE_CURVE('',#2542,#2580,#2588,.T.);
#2588 = LINE('',#2589,#2590);
#2589 = CARTESIAN_POINT('',(0.975,1.084202172485E-16,0.45));
#2590 = VECTOR('',#2591,1.);
#2591 = DIRECTION('',(-1.734723475977E-16,1.,0.));
#2592 = ORIENTED_EDGE('',*,*,#2541,.T.);
#2593 = PLANE('',#2594);
#2594 = AXIS2_PLACEMENT_3D('',#2595,#2596,#2597);
#2595 = CARTESIAN_POINT('',(0.975,1.084202172485E-16,0.45));
#2596 = DIRECTION('',(-1.,-1.734723475977E-16,0.));
#2597 = DIRECTION('',(1.734723475977E-16,-1.,0.));
#2598 = ADVANCED_FACE('',(#2599),#2624,.F.);
#2599 = FACE_BOUND('',#2600,.T.);
#2600 = EDGE_LOOP('',(#2601,#2609,#2617,#2623));
#2601 = ORIENTED_EDGE('',*,*,#2602,.T.);
#2602 = EDGE_CURVE('',#2572,#2603,#2605,.T.);
#2603 = VERTEX_POINT('',#2604);
#2604 = CARTESIAN_POINT('',(-0.975,0.625,0.));
#2605 = LINE('',#2606,#2607);
#2606 = CARTESIAN_POINT('',(-1.084202172485E-16,0.625,0.));
#2607 = VECTOR('',#2608,1.);
#2608 = DIRECTION('',(-1.,-1.11200222819E-16,0.));
#2609 = ORIENTED_EDGE('',*,*,#2610,.F.);
#2610 = EDGE_CURVE('',#2611,#2603,#2613,.T.);
#2611 = VERTEX_POINT('',#2612);
#2612 = CARTESIAN_POINT('',(-0.975,0.625,0.45));
#2613 = LINE('',#2614,#2615);
#2614 = CARTESIAN_POINT('',(-0.975,0.625,0.45));
#2615 = VECTOR('',#2616,1.);
#2616 = DIRECTION('',(0.,0.,-1.));
#2617 = ORIENTED_EDGE('',*,*,#2618,.F.);
#2618 = EDGE_CURVE('',#2580,#2611,#2619,.T.);
#2619 = LINE('',#2620,#2621);
#2620 = CARTESIAN_POINT('',(-1.084202172485E-16,0.625,0.45));
#2621 = VECTOR('',#2622,1.);
#2622 = DIRECTION('',(-1.,-1.11200222819E-16,0.));
#2623 = ORIENTED_EDGE('',*,*,#2579,.T.);
#2624 = PLANE('',#2625);
#2625 = AXIS2_PLACEMENT_3D('',#2626,#2627,#2628);
#2626 = CARTESIAN_POINT('',(-1.084202172485E-16,0.625,0.45));
#2627 = DIRECTION('',(1.11200222819E-16,-1.,0.));
#2628 = DIRECTION('',(1.,1.11200222819E-16,0.));
#2629 = ADVANCED_FACE('',(#2630),#2646,.T.);
#2630 = FACE_BOUND('',#2631,.T.);
#2631 = EDGE_LOOP('',(#2632,#2638,#2639,#2645));
#2632 = ORIENTED_EDGE('',*,*,#2633,.F.);
#2633 = EDGE_CURVE('',#2534,#2603,#2634,.T.);
#2634 = LINE('',#2635,#2636);
#2635 = CARTESIAN_POINT('',(-0.975,-1.084202172485E-16,0.));
#2636 = VECTOR('',#2637,1.);
#2637 = DIRECTION('',(-1.734723475977E-16,1.,0.));
#2638 = ORIENTED_EDGE('',*,*,#2557,.F.);
#2639 = ORIENTED_EDGE('',*,*,#2640,.T.);
#2640 = EDGE_CURVE('',#2550,#2611,#2641,.T.);
#2641 = LINE('',#2642,#2643);
#2642 = CARTESIAN_POINT('',(-0.975,-1.084202172485E-16,0.45));
#2643 = VECTOR('',#2644,1.);
#2644 = DIRECTION('',(-1.734723475977E-16,1.,0.));
#2645 = ORIENTED_EDGE('',*,*,#2610,.T.);
#2646 = PLANE('',#2647);
#2647 = AXIS2_PLACEMENT_3D('',#2648,#2649,#2650);
#2648 = CARTESIAN_POINT('',(-0.975,-1.084202172485E-16,0.45));
#2649 = DIRECTION('',(-1.,-1.734723475977E-16,0.));
#2650 = DIRECTION('',(1.734723475977E-16,-1.,0.));
#2651 = ADVANCED_FACE('',(#2652),#2658,.T.);
#2652 = FACE_BOUND('',#2653,.T.);
#2653 = EDGE_LOOP('',(#2654,#2655,#2656,#2657));
#2654 = ORIENTED_EDGE('',*,*,#2549,.F.);
#2655 = ORIENTED_EDGE('',*,*,#2587,.T.);
#2656 = ORIENTED_EDGE('',*,*,#2618,.T.);
#2657 = ORIENTED_EDGE('',*,*,#2640,.F.);
#2658 = PLANE('',#2659);
#2659 = AXIS2_PLACEMENT_3D('',#2660,#2661,#2662);
#2660 = CARTESIAN_POINT('',(0.,0.,0.45));
#2661 = DIRECTION('',(0.,0.,1.));
#2662 = DIRECTION('',(1.,0.,-0.));
#2663 = ADVANCED_FACE('',(#2664),#2670,.F.);
#2664 = FACE_BOUND('',#2665,.T.);
#2665 = EDGE_LOOP('',(#2666,#2667,#2668,#2669));
#2666 = ORIENTED_EDGE('',*,*,#2531,.T.);
#2667 = ORIENTED_EDGE('',*,*,#2633,.T.);
#2668 = ORIENTED_EDGE('',*,*,#2602,.F.);
#2669 = ORIENTED_EDGE('',*,*,#2571,.F.);
#2670 = PLANE('',#2671);
#2671 = AXIS2_PLACEMENT_3D('',#2672,#2673,#2674);
#2672 = CARTESIAN_POINT('',(0.,0.,0.));
#2673 = DIRECTION('',(0.,0.,1.));
#2674 = DIRECTION('',(1.,0.,-0.));
#2675 = ( GEOMETRIC_REPRESENTATION_CONTEXT(3) 
GLOBAL_UNCERTAINTY_ASSIGNED_CONTEXT((#2679)) 
GLOBAL_UNIT_ASSIGNED_CONTEXT((#2676,#2677,#2678)) REPRESENTATION_CONTEXT
('Context #1','3D Context with UNIT and UNCERTAINTY') );
#2676 = ( LENGTH_UNIT() NAMED_UNIT(*) SI_UNIT(.MILLI.,.METRE.) );
#2677 = ( NAMED_UNIT(*) PLANE_ANGLE_UNIT() SI_UNIT($,.RADIAN.) );
#2678 = ( NAMED_UNIT(*) SI_UNIT($,.STERADIAN.) SOLID_ANGLE_UNIT() );
#2679 = UNCERTAINTY_MEASURE_WITH_UNIT(LENGTH_MEASURE(1.E-07),#2676,
  'distance_accuracy_value','confusion accuracy');
#2680 = CONTEXT_DEPENDENT_SHAPE_REPRESENTATION(#2681,#2683);
#2681 = ( REPRESENTATION_RELATIONSHIP('','',#2524,#10) 
REPRESENTATION_RELATIONSHIP_WITH_TRANSFORMATION(#2682) 
SHAPE_REPRESENTATION_RELATIONSHIP() );
#2682 = ITEM_DEFINED_TRANSFORMATION('','',#11,#19);
#2683 = PRODUCT_DEFINITION_SHAPE('Placement','Placement of an item',
  #2684);
#2684 = NEXT_ASSEMBLY_USAGE_OCCURRENCE('14','Part 002','',#5,#2519,$);
#2685 = PRODUCT_RELATED_PRODUCT_CATEGORY('part',$,(#2521));
#2686 = SHAPE_DEFINITION_REPRESENTATION(#2687,#2693);
#2687 = PRODUCT_DEFINITION_SHAPE('','',#2688);
#2688 = PRODUCT_DEFINITION('design','',#2689,#2692);
#2689 = PRODUCT_DEFINITION_FORMATION('','',#2690);
#2690 = PRODUCT('Part 001','Part 001','',(#2691));
#2691 = PRODUCT_CONTEXT('',#2,'mechanical');
#2692 = PRODUCT_DEFINITION_CONTEXT('part definition',#2,'design');
#2693 = ADVANCED_BREP_SHAPE_REPRESENTATION('',(#11,#2694),#3046);
#2694 = MANIFOLD_SOLID_BREP('',#2695);
#2695 = CLOSED_SHELL('',(#2696,#2786,#2817,#2898,#2920,#2942,#2959,#2976
    ,#2998,#3010,#3022,#3034));
#2696 = ADVANCED_FACE('',(#2697),#2781,.T.);
#2697 = FACE_BOUND('',#2698,.T.);
#2698 = EDGE_LOOP('',(#2699,#2709,#2718,#2726,#2735,#2743,#2751,#2759,
    #2767,#2775));
#2699 = ORIENTED_EDGE('',*,*,#2700,.F.);
#2700 = EDGE_CURVE('',#2701,#2703,#2705,.T.);
#2701 = VERTEX_POINT('',#2702);
#2702 = CARTESIAN_POINT('',(0.325,-0.625,-0.25));
#2703 = VERTEX_POINT('',#2704);
#2704 = CARTESIAN_POINT('',(0.,-0.625,-0.25));
#2705 = LINE('',#2706,#2707);
#2706 = CARTESIAN_POINT('',(0.35,-0.625,-0.25));
#2707 = VECTOR('',#2708,1.);
#2708 = DIRECTION('',(-1.,0.,0.));
#2709 = ORIENTED_EDGE('',*,*,#2710,.T.);
#2710 = EDGE_CURVE('',#2701,#2711,#2713,.T.);
#2711 = VERTEX_POINT('',#2712);
#2712 = CARTESIAN_POINT('',(0.35,-0.625,-0.225));
#2713 = CIRCLE('',#2714,2.5E-02);
#2714 = AXIS2_PLACEMENT_3D('',#2715,#2716,#2717);
#2715 = CARTESIAN_POINT('',(0.325,-0.625,-0.225));
#2716 = DIRECTION('',(0.,-1.,0.));
#2717 = DIRECTION('',(0.,0.,-1.));
#2718 = ORIENTED_EDGE('',*,*,#2719,.T.);
#2719 = EDGE_CURVE('',#2711,#2720,#2722,.T.);
#2720 = VERTEX_POINT('',#2721);
#2721 = CARTESIAN_POINT('',(0.35,-0.625,0.225));
#2722 = LINE('',#2723,#2724);
#2723 = CARTESIAN_POINT('',(0.35,-0.625,-5.421010862428E-17));
#2724 = VECTOR('',#2725,1.);
#2725 = DIRECTION('',(0.,0.,1.));
#2726 = ORIENTED_EDGE('',*,*,#2727,.T.);
#2727 = EDGE_CURVE('',#2720,#2728,#2730,.T.);
#2728 = VERTEX_POINT('',#2729);
#2729 = CARTESIAN_POINT('',(0.325,-0.625,0.25));
#2730 = CIRCLE('',#2731,2.5E-02);
#2731 = AXIS2_PLACEMENT_3D('',#2732,#2733,#2734);
#2732 = CARTESIAN_POINT('',(0.325,-0.625,0.225));
#2733 = DIRECTION('',(0.,-1.,0.));
#2734 = DIRECTION('',(0.,0.,-1.));
#2735 = ORIENTED_EDGE('',*,*,#2736,.T.);
#2736 = EDGE_CURVE('',#2728,#2737,#2739,.T.);
#2737 = VERTEX_POINT('',#2738);
#2738 = CARTESIAN_POINT('',(-0.25,-0.625,0.25));
#2739 = LINE('',#2740,#2741);
#2740 = CARTESIAN_POINT('',(0.35,-0.625,0.25));
#2741 = VECTOR('',#2742,1.);
#2742 = DIRECTION('',(-1.,0.,0.));
#2743 = ORIENTED_EDGE('',*,*,#2744,.F.);
#2744 = EDGE_CURVE('',#2745,#2737,#2747,.T.);
#2745 = VERTEX_POINT('',#2746);
#2746 = CARTESIAN_POINT('',(-0.25,-0.625,0.225));
#2747 = LINE('',#2748,#2749);
#2748 = CARTESIAN_POINT('',(-0.25,-0.625,-5.421010862428E-17));
#2749 = VECTOR('',#2750,1.);
#2750 = DIRECTION('',(0.,0.,1.));
#2751 = ORIENTED_EDGE('',*,*,#2752,.F.);
#2752 = EDGE_CURVE('',#2753,#2745,#2755,.T.);
#2753 = VERTEX_POINT('',#2754);
#2754 = CARTESIAN_POINT('',(0.325,-0.625,0.225));
#2755 = LINE('',#2756,#2757);
#2756 = CARTESIAN_POINT('',(0.325,-0.625,0.225));
#2757 = VECTOR('',#2758,1.);
#2758 = DIRECTION('',(-1.,0.,0.));
#2759 = ORIENTED_EDGE('',*,*,#2760,.F.);
#2760 = EDGE_CURVE('',#2761,#2753,#2763,.T.);
#2761 = VERTEX_POINT('',#2762);
#2762 = CARTESIAN_POINT('',(0.325,-0.625,-0.225));
#2763 = LINE('',#2764,#2765);
#2764 = CARTESIAN_POINT('',(0.325,-0.625,-5.421010862428E-17));
#2765 = VECTOR('',#2766,1.);
#2766 = DIRECTION('',(0.,0.,1.));
#2767 = ORIENTED_EDGE('',*,*,#2768,.T.);
#2768 = EDGE_CURVE('',#2761,#2769,#2771,.T.);
#2769 = VERTEX_POINT('',#2770);
#2770 = CARTESIAN_POINT('',(0.,-0.625,-0.225));
#2771 = LINE('',#2772,#2773);
#2772 = CARTESIAN_POINT('',(0.325,-0.625,-0.225));
#2773 = VECTOR('',#2774,1.);
#2774 = DIRECTION('',(-1.,0.,0.));
#2775 = ORIENTED_EDGE('',*,*,#2776,.F.);
#2776 = EDGE_CURVE('',#2703,#2769,#2777,.T.);
#2777 = LINE('',#2778,#2779);
#2778 = CARTESIAN_POINT('',(0.,-0.625,-5.421010862428E-17));
#2779 = VECTOR('',#2780,1.);
#2780 = DIRECTION('',(0.,0.,1.));
#2781 = PLANE('',#2782);
#2782 = AXIS2_PLACEMENT_3D('',#2783,#2784,#2785);
#2783 = CARTESIAN_POINT('',(0.35,-0.625,-5.421010862428E-17));
#2784 = DIRECTION('',(0.,-1.,0.));
#2785 = DIRECTION('',(0.,0.,-1.));
#2786 = ADVANCED_FACE('',(#2787),#2812,.T.);
#2787 = FACE_BOUND('',#2788,.T.);
#2788 = EDGE_LOOP('',(#2789,#2799,#2805,#2806));
#2789 = ORIENTED_EDGE('',*,*,#2790,.F.);
#2790 = EDGE_CURVE('',#2791,#2793,#2795,.T.);
#2791 = VERTEX_POINT('',#2792);
#2792 = CARTESIAN_POINT('',(0.325,0.625,-0.25));
#2793 = VERTEX_POINT('',#2794);
#2794 = CARTESIAN_POINT('',(0.,0.625,-0.25));
#2795 = LINE('',#2796,#2797);
#2796 = CARTESIAN_POINT('',(0.35,0.625,-0.25));
#2797 = VECTOR('',#2798,1.);
#2798 = DIRECTION('',(-1.,0.,0.));
#2799 = ORIENTED_EDGE('',*,*,#2800,.T.);
#2800 = EDGE_CURVE('',#2791,#2701,#2801,.T.);
#2801 = LINE('',#2802,#2803);
#2802 = CARTESIAN_POINT('',(0.325,0.,-0.25));
#2803 = VECTOR('',#2804,1.);
#2804 = DIRECTION('',(0.,-1.,-8.673617379884E-17));
#2805 = ORIENTED_EDGE('',*,*,#2700,.T.);
#2806 = ORIENTED_EDGE('',*,*,#2807,.F.);
#2807 = EDGE_CURVE('',#2793,#2703,#2808,.T.);
#2808 = LINE('',#2809,#2810);
#2809 = CARTESIAN_POINT('',(0.,0.,-0.25));
#2810 = VECTOR('',#2811,1.);
#2811 = DIRECTION('',(0.,-1.,-8.673617379884E-17));
#2812 = PLANE('',#2813);
#2813 = AXIS2_PLACEMENT_3D('',#2814,#2815,#2816);
#2814 = CARTESIAN_POINT('',(0.35,0.,-0.25));
#2815 = DIRECTION('',(0.,8.673617379884E-17,-1.));
#2816 = DIRECTION('',(0.,1.,8.673617379884E-17));
#2817 = ADVANCED_FACE('',(#2818),#2893,.F.);
#2818 = FACE_BOUND('',#2819,.T.);
#2819 = EDGE_LOOP('',(#2820,#2830,#2837,#2838,#2846,#2854,#2862,#2870,
    #2878,#2886));
#2820 = ORIENTED_EDGE('',*,*,#2821,.F.);
#2821 = EDGE_CURVE('',#2822,#2824,#2826,.T.);
#2822 = VERTEX_POINT('',#2823);
#2823 = CARTESIAN_POINT('',(0.35,0.625,-0.225));
#2824 = VERTEX_POINT('',#2825);
#2825 = CARTESIAN_POINT('',(0.35,0.625,0.225));
#2826 = LINE('',#2827,#2828);
#2827 = CARTESIAN_POINT('',(0.35,0.625,5.421010862428E-17));
#2828 = VECTOR('',#2829,1.);
#2829 = DIRECTION('',(0.,0.,1.));
#2830 = ORIENTED_EDGE('',*,*,#2831,.F.);
#2831 = EDGE_CURVE('',#2791,#2822,#2832,.T.);
#2832 = CIRCLE('',#2833,2.5E-02);
#2833 = AXIS2_PLACEMENT_3D('',#2834,#2835,#2836);
#2834 = CARTESIAN_POINT('',(0.325,0.625,-0.225));
#2835 = DIRECTION('',(0.,-1.,0.));
#2836 = DIRECTION('',(0.,0.,-1.));
#2837 = ORIENTED_EDGE('',*,*,#2790,.T.);
#2838 = ORIENTED_EDGE('',*,*,#2839,.T.);
#2839 = EDGE_CURVE('',#2793,#2840,#2842,.T.);
#2840 = VERTEX_POINT('',#2841);
#2841 = CARTESIAN_POINT('',(0.,0.625,-0.225));
#2842 = LINE('',#2843,#2844);
#2843 = CARTESIAN_POINT('',(0.,0.625,5.421010862428E-17));
#2844 = VECTOR('',#2845,1.);
#2845 = DIRECTION('',(0.,0.,1.));
#2846 = ORIENTED_EDGE('',*,*,#2847,.F.);
#2847 = EDGE_CURVE('',#2848,#2840,#2850,.T.);
#2848 = VERTEX_POINT('',#2849);
#2849 = CARTESIAN_POINT('',(0.325,0.625,-0.225));
#2850 = LINE('',#2851,#2852);
#2851 = CARTESIAN_POINT('',(0.325,0.625,-0.225));
#2852 = VECTOR('',#2853,1.);
#2853 = DIRECTION('',(-1.,0.,0.));
#2854 = ORIENTED_EDGE('',*,*,#2855,.T.);
#2855 = EDGE_CURVE('',#2848,#2856,#2858,.T.);
#2856 = VERTEX_POINT('',#2857);
#2857 = CARTESIAN_POINT('',(0.325,0.625,0.225));
#2858 = LINE('',#2859,#2860);
#2859 = CARTESIAN_POINT('',(0.325,0.625,5.421010862428E-17));
#2860 = VECTOR('',#2861,1.);
#2861 = DIRECTION('',(0.,0.,1.));
#2862 = ORIENTED_EDGE('',*,*,#2863,.T.);
#2863 = EDGE_CURVE('',#2856,#2864,#2866,.T.);
#2864 = VERTEX_POINT('',#2865);
#2865 = CARTESIAN_POINT('',(-0.25,0.625,0.225));
#2866 = LINE('',#2867,#2868);
#2867 = CARTESIAN_POINT('',(0.325,0.625,0.225));
#2868 = VECTOR('',#2869,1.);
#2869 = DIRECTION('',(-1.,0.,0.));
#2870 = ORIENTED_EDGE('',*,*,#2871,.T.);
#2871 = EDGE_CURVE('',#2864,#2872,#2874,.T.);
#2872 = VERTEX_POINT('',#2873);
#2873 = CARTESIAN_POINT('',(-0.25,0.625,0.25));
#2874 = LINE('',#2875,#2876);
#2875 = CARTESIAN_POINT('',(-0.25,0.625,5.421010862428E-17));
#2876 = VECTOR('',#2877,1.);
#2877 = DIRECTION('',(0.,0.,1.));
#2878 = ORIENTED_EDGE('',*,*,#2879,.F.);
#2879 = EDGE_CURVE('',#2880,#2872,#2882,.T.);
#2880 = VERTEX_POINT('',#2881);
#2881 = CARTESIAN_POINT('',(0.325,0.625,0.25));
#2882 = LINE('',#2883,#2884);
#2883 = CARTESIAN_POINT('',(0.35,0.625,0.25));
#2884 = VECTOR('',#2885,1.);
#2885 = DIRECTION('',(-1.,0.,0.));
#2886 = ORIENTED_EDGE('',*,*,#2887,.F.);
#2887 = EDGE_CURVE('',#2824,#2880,#2888,.T.);
#2888 = CIRCLE('',#2889,2.5E-02);
#2889 = AXIS2_PLACEMENT_3D('',#2890,#2891,#2892);
#2890 = CARTESIAN_POINT('',(0.325,0.625,0.225));
#2891 = DIRECTION('',(0.,-1.,0.));
#2892 = DIRECTION('',(0.,0.,-1.));
#2893 = PLANE('',#2894);
#2894 = AXIS2_PLACEMENT_3D('',#2895,#2896,#2897);
#2895 = CARTESIAN_POINT('',(0.35,0.625,5.421010862428E-17));
#2896 = DIRECTION('',(0.,-1.,0.));
#2897 = DIRECTION('',(0.,0.,-1.));
#2898 = ADVANCED_FACE('',(#2899),#2915,.F.);
#2899 = FACE_BOUND('',#2900,.T.);
#2900 = EDGE_LOOP('',(#2901,#2902,#2908,#2909));
#2901 = ORIENTED_EDGE('',*,*,#2736,.F.);
#2902 = ORIENTED_EDGE('',*,*,#2903,.F.);
#2903 = EDGE_CURVE('',#2880,#2728,#2904,.T.);
#2904 = LINE('',#2905,#2906);
#2905 = CARTESIAN_POINT('',(0.325,0.625,0.25));
#2906 = VECTOR('',#2907,1.);
#2907 = DIRECTION('',(0.,-1.,-8.673617379884E-17));
#2908 = ORIENTED_EDGE('',*,*,#2879,.T.);
#2909 = ORIENTED_EDGE('',*,*,#2910,.T.);
#2910 = EDGE_CURVE('',#2872,#2737,#2911,.T.);
#2911 = LINE('',#2912,#2913);
#2912 = CARTESIAN_POINT('',(-0.25,0.,0.25));
#2913 = VECTOR('',#2914,1.);
#2914 = DIRECTION('',(0.,-1.,-8.673617379884E-17));
#2915 = PLANE('',#2916);
#2916 = AXIS2_PLACEMENT_3D('',#2917,#2918,#2919);
#2917 = CARTESIAN_POINT('',(0.35,0.,0.25));
#2918 = DIRECTION('',(0.,8.673617379884E-17,-1.));
#2919 = DIRECTION('',(0.,1.,8.673617379884E-17));
#2920 = ADVANCED_FACE('',(#2921),#2937,.T.);
#2921 = FACE_BOUND('',#2922,.T.);
#2922 = EDGE_LOOP('',(#2923,#2924,#2930,#2931));
#2923 = ORIENTED_EDGE('',*,*,#2719,.F.);
#2924 = ORIENTED_EDGE('',*,*,#2925,.F.);
#2925 = EDGE_CURVE('',#2822,#2711,#2926,.T.);
#2926 = LINE('',#2927,#2928);
#2927 = CARTESIAN_POINT('',(0.35,1.951563910474E-17,-0.225));
#2928 = VECTOR('',#2929,1.);
#2929 = DIRECTION('',(0.,-1.,-8.673617379884E-17));
#2930 = ORIENTED_EDGE('',*,*,#2821,.T.);
#2931 = ORIENTED_EDGE('',*,*,#2932,.T.);
#2932 = EDGE_CURVE('',#2824,#2720,#2933,.T.);
#2933 = LINE('',#2934,#2935);
#2934 = CARTESIAN_POINT('',(0.35,-0.625,0.225));
#2935 = VECTOR('',#2936,1.);
#2936 = DIRECTION('',(0.,-1.,-8.673617379884E-17));
#2937 = PLANE('',#2938);
#2938 = AXIS2_PLACEMENT_3D('',#2939,#2940,#2941);
#2939 = CARTESIAN_POINT('',(0.35,0.,0.));
#2940 = DIRECTION('',(1.,0.,0.));
#2941 = DIRECTION('',(-0.,1.,0.));
#2942 = ADVANCED_FACE('',(#2943),#2954,.F.);
#2943 = FACE_BOUND('',#2944,.T.);
#2944 = EDGE_LOOP('',(#2945,#2946,#2952,#2953));
#2945 = ORIENTED_EDGE('',*,*,#2776,.T.);
#2946 = ORIENTED_EDGE('',*,*,#2947,.T.);
#2947 = EDGE_CURVE('',#2769,#2840,#2948,.T.);
#2948 = LINE('',#2949,#2950);
#2949 = CARTESIAN_POINT('',(0.,0.,-0.225));
#2950 = VECTOR('',#2951,1.);
#2951 = DIRECTION('',(0.,1.,0.));
#2952 = ORIENTED_EDGE('',*,*,#2839,.F.);
#2953 = ORIENTED_EDGE('',*,*,#2807,.T.);
#2954 = PLANE('',#2955);
#2955 = AXIS2_PLACEMENT_3D('',#2956,#2957,#2958);
#2956 = CARTESIAN_POINT('',(0.,0.,0.));
#2957 = DIRECTION('',(1.,0.,0.));
#2958 = DIRECTION('',(-0.,1.,0.));
#2959 = ADVANCED_FACE('',(#2960),#2971,.T.);
#2960 = FACE_BOUND('',#2961,.T.);
#2961 = EDGE_LOOP('',(#2962,#2963,#2964,#2970));
#2962 = ORIENTED_EDGE('',*,*,#2947,.F.);
#2963 = ORIENTED_EDGE('',*,*,#2768,.F.);
#2964 = ORIENTED_EDGE('',*,*,#2965,.T.);
#2965 = EDGE_CURVE('',#2761,#2848,#2966,.T.);
#2966 = LINE('',#2967,#2968);
#2967 = CARTESIAN_POINT('',(0.325,0.,-0.225));
#2968 = VECTOR('',#2969,1.);
#2969 = DIRECTION('',(0.,1.,0.));
#2970 = ORIENTED_EDGE('',*,*,#2847,.T.);
#2971 = PLANE('',#2972);
#2972 = AXIS2_PLACEMENT_3D('',#2973,#2974,#2975);
#2973 = CARTESIAN_POINT('',(0.325,0.,-0.225));
#2974 = DIRECTION('',(0.,0.,1.));
#2975 = DIRECTION('',(1.,0.,-0.));
#2976 = ADVANCED_FACE('',(#2977),#2993,.F.);
#2977 = FACE_BOUND('',#2978,.T.);
#2978 = EDGE_LOOP('',(#2979,#2980,#2986,#2987));
#2979 = ORIENTED_EDGE('',*,*,#2752,.T.);
#2980 = ORIENTED_EDGE('',*,*,#2981,.T.);
#2981 = EDGE_CURVE('',#2745,#2864,#2982,.T.);
#2982 = LINE('',#2983,#2984);
#2983 = CARTESIAN_POINT('',(-0.25,0.,0.225));
#2984 = VECTOR('',#2985,1.);
#2985 = DIRECTION('',(0.,1.,0.));
#2986 = ORIENTED_EDGE('',*,*,#2863,.F.);
#2987 = ORIENTED_EDGE('',*,*,#2988,.F.);
#2988 = EDGE_CURVE('',#2753,#2856,#2989,.T.);
#2989 = LINE('',#2990,#2991);
#2990 = CARTESIAN_POINT('',(0.325,0.,0.225));
#2991 = VECTOR('',#2992,1.);
#2992 = DIRECTION('',(0.,1.,0.));
#2993 = PLANE('',#2994);
#2994 = AXIS2_PLACEMENT_3D('',#2995,#2996,#2997);
#2995 = CARTESIAN_POINT('',(0.325,0.,0.225));
#2996 = DIRECTION('',(0.,0.,1.));
#2997 = DIRECTION('',(1.,0.,-0.));
#2998 = ADVANCED_FACE('',(#2999),#3005,.T.);
#2999 = FACE_BOUND('',#3000,.T.);
#3000 = EDGE_LOOP('',(#3001,#3002,#3003,#3004));
#3001 = ORIENTED_EDGE('',*,*,#2965,.F.);
#3002 = ORIENTED_EDGE('',*,*,#2760,.T.);
#3003 = ORIENTED_EDGE('',*,*,#2988,.T.);
#3004 = ORIENTED_EDGE('',*,*,#2855,.F.);
#3005 = PLANE('',#3006);
#3006 = AXIS2_PLACEMENT_3D('',#3007,#3008,#3009);
#3007 = CARTESIAN_POINT('',(0.325,0.,0.));
#3008 = DIRECTION('',(-1.,0.,0.));
#3009 = DIRECTION('',(0.,-1.,0.));
#3010 = ADVANCED_FACE('',(#3011),#3017,.T.);
#3011 = FACE_BOUND('',#3012,.T.);
#3012 = EDGE_LOOP('',(#3013,#3014,#3015,#3016));
#3013 = ORIENTED_EDGE('',*,*,#2831,.T.);
#3014 = ORIENTED_EDGE('',*,*,#2925,.T.);
#3015 = ORIENTED_EDGE('',*,*,#2710,.F.);
#3016 = ORIENTED_EDGE('',*,*,#2800,.F.);
#3017 = CYLINDRICAL_SURFACE('',#3018,2.5E-02);
#3018 = AXIS2_PLACEMENT_3D('',#3019,#3020,#3021);
#3019 = CARTESIAN_POINT('',(0.325,-2.168404344971E-18,-0.225));
#3020 = DIRECTION('',(0.,-1.,-8.673617379884E-17));
#3021 = DIRECTION('',(0.,8.673617379884E-17,-1.));
#3022 = ADVANCED_FACE('',(#3023),#3029,.T.);
#3023 = FACE_BOUND('',#3024,.T.);
#3024 = EDGE_LOOP('',(#3025,#3026,#3027,#3028));
#3025 = ORIENTED_EDGE('',*,*,#2887,.T.);
#3026 = ORIENTED_EDGE('',*,*,#2903,.T.);
#3027 = ORIENTED_EDGE('',*,*,#2727,.F.);
#3028 = ORIENTED_EDGE('',*,*,#2932,.F.);
#3029 = CYLINDRICAL_SURFACE('',#3030,2.5E-02);
#3030 = AXIS2_PLACEMENT_3D('',#3031,#3032,#3033);
#3031 = CARTESIAN_POINT('',(0.325,-1.951563910474E-17,0.225));
#3032 = DIRECTION('',(0.,1.,8.673617379884E-17));
#3033 = DIRECTION('',(0.,-8.673617379884E-17,1.));
#3034 = ADVANCED_FACE('',(#3035),#3041,.F.);
#3035 = FACE_BOUND('',#3036,.T.);
#3036 = EDGE_LOOP('',(#3037,#3038,#3039,#3040));
#3037 = ORIENTED_EDGE('',*,*,#2981,.F.);
#3038 = ORIENTED_EDGE('',*,*,#2744,.T.);
#3039 = ORIENTED_EDGE('',*,*,#2910,.F.);
#3040 = ORIENTED_EDGE('',*,*,#2871,.F.);
#3041 = PLANE('',#3042);
#3042 = AXIS2_PLACEMENT_3D('',#3043,#3044,#3045);
#3043 = CARTESIAN_POINT('',(-0.25,0.,0.));
#3044 = DIRECTION('',(1.,0.,0.));
#3045 = DIRECTION('',(-0.,1.,0.));
#3046 = ( GEOMETRIC_REPRESENTATION_CONTEXT(3) 
GLOBAL_UNCERTAINTY_ASSIGNED_CONTEXT((#3050)) 
GLOBAL_UNIT_ASSIGNED_CONTEXT((#3047,#3048,#3049)) REPRESENTATION_CONTEXT
('Context #1','3D Context with UNIT and UNCERTAINTY') );
#3047 = ( LENGTH_UNIT() NAMED_UNIT(*) SI_UNIT(.MILLI.,.METRE.) );
#3048 = ( NAMED_UNIT(*) PLANE_ANGLE_UNIT() SI_UNIT($,.RADIAN.) );
#3049 = ( NAMED_UNIT(*) SI_UNIT($,.STERADIAN.) SOLID_ANGLE_UNIT() );
#3050 = UNCERTAINTY_MEASURE_WITH_UNIT(LENGTH_MEASURE(1.E-07),#3047,
  'distance_accuracy_value','confusion accuracy');
#3051 = CONTEXT_DEPENDENT_SHAPE_REPRESENTATION(#3052,#3054);
#3052 = ( REPRESENTATION_RELATIONSHIP('','',#2693,#10) 
REPRESENTATION_RELATIONSHIP_WITH_TRANSFORMATION(#3053) 
SHAPE_REPRESENTATION_RELATIONSHIP() );
#3053 = ITEM_DEFINED_TRANSFORMATION('','',#11,#23);
#3054 = PRODUCT_DEFINITION_SHAPE('Placement','Placement of an item',
  #3055);
#3055 = NEXT_ASSEMBLY_USAGE_OCCURRENCE('15','Part 001','',#5,#2688,$);
#3056 = PRODUCT_RELATED_PRODUCT_CATEGORY('part',$,(#2690));
#3057 = CONTEXT_DEPENDENT_SHAPE_REPRESENTATION(#3058,#3060);
#3058 = ( REPRESENTATION_RELATIONSHIP('','',#2693,#10) 
REPRESENTATION_RELATIONSHIP_WITH_TRANSFORMATION(#3059) 
SHAPE_REPRESENTATION_RELATIONSHIP() );
#3059 = ITEM_DEFINED_TRANSFORMATION('','',#11,#27);
#3060 = PRODUCT_DEFINITION_SHAPE('Placement','Placement of an item',
  #3061);
#3061 = NEXT_ASSEMBLY_USAGE_OCCURRENCE('16','Part 1','',#5,#2688,$);
#3062 = SHAPE_DEFINITION_REPRESENTATION(#3060,#3063);
#3063 = SHAPE_REPRESENTATION('',(#27),#3046);
#3064 = SHAPE_DEFINITION_REPRESENTATION(#3060,#3065);
#3065 = SHAPE_REPRESENTATION('',(#27),#3046);
#3066 = MECHANICAL_DESIGN_GEOMETRIC_PRESENTATION_REPRESENTATION('',(
    #3067),#2675);
#3067 = STYLED_ITEM('color',(#3068),#2525);
#3068 = PRESENTATION_STYLE_ASSIGNMENT((#3069,#3075));
#3069 = SURFACE_STYLE_USAGE(.BOTH.,#3070);
#3070 = SURFACE_SIDE_STYLE('',(#3071));
#3071 = SURFACE_STYLE_FILL_AREA(#3072);
#3072 = FILL_AREA_STYLE('',(#3073));
#3073 = FILL_AREA_STYLE_COLOUR('',#3074);
#3074 = COLOUR_RGB('',0.984313737446,0.976470577825,0.976470577825);
#3075 = CURVE_STYLE('',#3076,POSITIVE_LENGTH_MEASURE(0.1),#3077);
#3076 = DRAUGHTING_PRE_DEFINED_CURVE_FONT('continuous');
#3077 = COLOUR_RGB('',9.803921802644E-02,9.803921802644E-02,
  9.803921802644E-02);
#3078 = MECHANICAL_DESIGN_GEOMETRIC_PRESENTATION_REPRESENTATION('',(
    #3079,#3089,#3098),#3046);
#3079 = STYLED_ITEM('color',(#3080),#2694);
#3080 = PRESENTATION_STYLE_ASSIGNMENT((#3081,#3087));
#3081 = SURFACE_STYLE_USAGE(.BOTH.,#3082);
#3082 = SURFACE_SIDE_STYLE('',(#3083));
#3083 = SURFACE_STYLE_FILL_AREA(#3084);
#3084 = FILL_AREA_STYLE('',(#3085));
#3085 = FILL_AREA_STYLE_COLOUR('',#3086);
#3086 = COLOUR_RGB('',0.623529443769,0.666666687201,0.701960807317);
#3087 = CURVE_STYLE('',#3088,POSITIVE_LENGTH_MEASURE(0.1),#3077);
#3088 = DRAUGHTING_PRE_DEFINED_CURVE_FONT('continuous');
#3089 = OVER_RIDING_STYLED_ITEM('overriding color',(#3090),#2694,#3079);
#3090 = PRESENTATION_STYLE_BY_CONTEXT((#3091,#3096),#3063);
#3091 = SURFACE_STYLE_USAGE(.BOTH.,#3092);
#3092 = SURFACE_SIDE_STYLE('',(#3093));
#3093 = SURFACE_STYLE_FILL_AREA(#3094);
#3094 = FILL_AREA_STYLE('',(#3095));
#3095 = FILL_AREA_STYLE_COLOUR('',#3086);
#3096 = CURVE_STYLE('',#3097,POSITIVE_LENGTH_MEASURE(0.1),#3077);
#3097 = DRAUGHTING_PRE_DEFINED_CURVE_FONT('continuous');
#3098 = OVER_RIDING_STYLED_ITEM('overriding color',(#3099),#2694,#3079);
#3099 = PRESENTATION_STYLE_BY_CONTEXT((#3100,#3106),#3065);
#3100 = SURFACE_STYLE_USAGE(.BOTH.,#3101);
#3101 = SURFACE_SIDE_STYLE('',(#3102));
#3102 = SURFACE_STYLE_FILL_AREA(#3103);
#3103 = FILL_AREA_STYLE('',(#3104));
#3104 = FILL_AREA_STYLE_COLOUR('',#3105);
#3105 = COLOUR_RGB('',0.623529443769,0.666666687201,0.701960807317);
#3106 = CURVE_STYLE('',#3107,POSITIVE_LENGTH_MEASURE(0.1),#3108);
#3107 = DRAUGHTING_PRE_DEFINED_CURVE_FONT('continuous');
#3108 = COLOUR_RGB('',9.803921802644E-02,9.803921802644E-02,
  9.803921802644E-02);
#3109 = MECHANICAL_DESIGN_GEOMETRIC_PRESENTATION_REPRESENTATION('',(
    #3110,#3120,#3128,#3135,#3142,#3149,#3156,#3163,#3170,#3177,#3184,
    #3191,#3198,#3205,#3212,#3219,#3226,#3233,#3240,#3247,#3254,#3261,
    #3268,#3275,#3282,#3289,#3296,#3303,#3310,#3317,#3324,#3331,#3338,
    #3345,#3352,#3359,#3366,#3373,#3380,#3387,#3394,#3401,#3408,#3415,
    #3422,#3429,#3436,#3443,#3450,#3457,#3464,#3471,#3478,#3485,#3492,
    #3499,#3506,#3513,#3520,#3527,#3534,#3541,#3548,#3555,#3562,#3569),
  #2506);
#3110 = STYLED_ITEM('color',(#3111),#45);
#3111 = PRESENTATION_STYLE_ASSIGNMENT((#3112,#3118));
#3112 = SURFACE_STYLE_USAGE(.BOTH.,#3113);
#3113 = SURFACE_SIDE_STYLE('',(#3114));
#3114 = SURFACE_STYLE_FILL_AREA(#3115);
#3115 = FILL_AREA_STYLE('',(#3116));
#3116 = FILL_AREA_STYLE_COLOUR('',#3117);
#3117 = DRAUGHTING_PRE_DEFINED_COLOUR('black');
#3118 = CURVE_STYLE('',#3119,POSITIVE_LENGTH_MEASURE(0.1),#3077);
#3119 = DRAUGHTING_PRE_DEFINED_CURVE_FONT('continuous');
#3120 = OVER_RIDING_STYLED_ITEM('overriding color',(#3121),#718,#3110);
#3121 = PRESENTATION_STYLE_ASSIGNMENT((#3122));
#3122 = SURFACE_STYLE_USAGE(.BOTH.,#3123);
#3123 = SURFACE_SIDE_STYLE('',(#3124));
#3124 = SURFACE_STYLE_FILL_AREA(#3125);
#3125 = FILL_AREA_STYLE('',(#3126));
#3126 = FILL_AREA_STYLE_COLOUR('',#3127);
#3127 = DRAUGHTING_PRE_DEFINED_COLOUR('white');
#3128 = OVER_RIDING_STYLED_ITEM('overriding color',(#3129),#749,#3110);
#3129 = PRESENTATION_STYLE_ASSIGNMENT((#3130));
#3130 = SURFACE_STYLE_USAGE(.BOTH.,#3131);
#3131 = SURFACE_SIDE_STYLE('',(#3132));
#3132 = SURFACE_STYLE_FILL_AREA(#3133);
#3133 = FILL_AREA_STYLE('',(#3134));
#3134 = FILL_AREA_STYLE_COLOUR('',#3127);
#3135 = OVER_RIDING_STYLED_ITEM('overriding color',(#3136),#773,#3110);
#3136 = PRESENTATION_STYLE_ASSIGNMENT((#3137));
#3137 = SURFACE_STYLE_USAGE(.BOTH.,#3138);
#3138 = SURFACE_SIDE_STYLE('',(#3139));
#3139 = SURFACE_STYLE_FILL_AREA(#3140);
#3140 = FILL_AREA_STYLE('',(#3141));
#3141 = FILL_AREA_STYLE_COLOUR('',#3127);
#3142 = OVER_RIDING_STYLED_ITEM('overriding color',(#3143),#797,#3110);
#3143 = PRESENTATION_STYLE_ASSIGNMENT((#3144));
#3144 = SURFACE_STYLE_USAGE(.BOTH.,#3145);
#3145 = SURFACE_SIDE_STYLE('',(#3146));
#3146 = SURFACE_STYLE_FILL_AREA(#3147);
#3147 = FILL_AREA_STYLE('',(#3148));
#3148 = FILL_AREA_STYLE_COLOUR('',#3127);
#3149 = OVER_RIDING_STYLED_ITEM('overriding color',(#3150),#821,#3110);
#3150 = PRESENTATION_STYLE_ASSIGNMENT((#3151));
#3151 = SURFACE_STYLE_USAGE(.BOTH.,#3152);
#3152 = SURFACE_SIDE_STYLE('',(#3153));
#3153 = SURFACE_STYLE_FILL_AREA(#3154);
#3154 = FILL_AREA_STYLE('',(#3155));
#3155 = FILL_AREA_STYLE_COLOUR('',#3127);
#3156 = OVER_RIDING_STYLED_ITEM('overriding color',(#3157),#845,#3110);
#3157 = PRESENTATION_STYLE_ASSIGNMENT((#3158));
#3158 = SURFACE_STYLE_USAGE(.BOTH.,#3159);
#3159 = SURFACE_SIDE_STYLE('',(#3160));
#3160 = SURFACE_STYLE_FILL_AREA(#3161);
#3161 = FILL_AREA_STYLE('',(#3162));
#3162 = FILL_AREA_STYLE_COLOUR('',#3127);
#3163 = OVER_RIDING_STYLED_ITEM('overriding color',(#3164),#870,#3110);
#3164 = PRESENTATION_STYLE_ASSIGNMENT((#3165));
#3165 = SURFACE_STYLE_USAGE(.BOTH.,#3166);
#3166 = SURFACE_SIDE_STYLE('',(#3167));
#3167 = SURFACE_STYLE_FILL_AREA(#3168);
#3168 = FILL_AREA_STYLE('',(#3169));
#3169 = FILL_AREA_STYLE_COLOUR('',#3127);
#3170 = OVER_RIDING_STYLED_ITEM('overriding color',(#3171),#895,#3110);
#3171 = PRESENTATION_STYLE_ASSIGNMENT((#3172));
#3172 = SURFACE_STYLE_USAGE(.BOTH.,#3173);
#3173 = SURFACE_SIDE_STYLE('',(#3174));
#3174 = SURFACE_STYLE_FILL_AREA(#3175);
#3175 = FILL_AREA_STYLE('',(#3176));
#3176 = FILL_AREA_STYLE_COLOUR('',#3127);
#3177 = OVER_RIDING_STYLED_ITEM('overriding color',(#3178),#920,#3110);
#3178 = PRESENTATION_STYLE_ASSIGNMENT((#3179));
#3179 = SURFACE_STYLE_USAGE(.BOTH.,#3180);
#3180 = SURFACE_SIDE_STYLE('',(#3181));
#3181 = SURFACE_STYLE_FILL_AREA(#3182);
#3182 = FILL_AREA_STYLE('',(#3183));
#3183 = FILL_AREA_STYLE_COLOUR('',#3127);
#3184 = OVER_RIDING_STYLED_ITEM('overriding color',(#3185),#945,#3110);
#3185 = PRESENTATION_STYLE_ASSIGNMENT((#3186));
#3186 = SURFACE_STYLE_USAGE(.BOTH.,#3187);
#3187 = SURFACE_SIDE_STYLE('',(#3188));
#3188 = SURFACE_STYLE_FILL_AREA(#3189);
#3189 = FILL_AREA_STYLE('',(#3190));
#3190 = FILL_AREA_STYLE_COLOUR('',#3127);
#3191 = OVER_RIDING_STYLED_ITEM('overriding color',(#3192),#970,#3110);
#3192 = PRESENTATION_STYLE_ASSIGNMENT((#3193));
#3193 = SURFACE_STYLE_USAGE(.BOTH.,#3194);
#3194 = SURFACE_SIDE_STYLE('',(#3195));
#3195 = SURFACE_STYLE_FILL_AREA(#3196);
#3196 = FILL_AREA_STYLE('',(#3197));
#3197 = FILL_AREA_STYLE_COLOUR('',#3127);
#3198 = OVER_RIDING_STYLED_ITEM('overriding color',(#3199),#994,#3110);
#3199 = PRESENTATION_STYLE_ASSIGNMENT((#3200));
#3200 = SURFACE_STYLE_USAGE(.BOTH.,#3201);
#3201 = SURFACE_SIDE_STYLE('',(#3202));
#3202 = SURFACE_STYLE_FILL_AREA(#3203);
#3203 = FILL_AREA_STYLE('',(#3204));
#3204 = FILL_AREA_STYLE_COLOUR('',#3127);
#3205 = OVER_RIDING_STYLED_ITEM('overriding color',(#3206),#1019,#3110);
#3206 = PRESENTATION_STYLE_ASSIGNMENT((#3207));
#3207 = SURFACE_STYLE_USAGE(.BOTH.,#3208);
#3208 = SURFACE_SIDE_STYLE('',(#3209));
#3209 = SURFACE_STYLE_FILL_AREA(#3210);
#3210 = FILL_AREA_STYLE('',(#3211));
#3211 = FILL_AREA_STYLE_COLOUR('',#3127);
#3212 = OVER_RIDING_STYLED_ITEM('overriding color',(#3213),#1044,#3110);
#3213 = PRESENTATION_STYLE_ASSIGNMENT((#3214));
#3214 = SURFACE_STYLE_USAGE(.BOTH.,#3215);
#3215 = SURFACE_SIDE_STYLE('',(#3216));
#3216 = SURFACE_STYLE_FILL_AREA(#3217);
#3217 = FILL_AREA_STYLE('',(#3218));
#3218 = FILL_AREA_STYLE_COLOUR('',#3127);
#3219 = OVER_RIDING_STYLED_ITEM('overriding color',(#3220),#1069,#3110);
#3220 = PRESENTATION_STYLE_ASSIGNMENT((#3221));
#3221 = SURFACE_STYLE_USAGE(.BOTH.,#3222);
#3222 = SURFACE_SIDE_STYLE('',(#3223));
#3223 = SURFACE_STYLE_FILL_AREA(#3224);
#3224 = FILL_AREA_STYLE('',(#3225));
#3225 = FILL_AREA_STYLE_COLOUR('',#3127);
#3226 = OVER_RIDING_STYLED_ITEM('overriding color',(#3227),#1094,#3110);
#3227 = PRESENTATION_STYLE_ASSIGNMENT((#3228));
#3228 = SURFACE_STYLE_USAGE(.BOTH.,#3229);
#3229 = SURFACE_SIDE_STYLE('',(#3230));
#3230 = SURFACE_STYLE_FILL_AREA(#3231);
#3231 = FILL_AREA_STYLE('',(#3232));
#3232 = FILL_AREA_STYLE_COLOUR('',#3127);
#3233 = OVER_RIDING_STYLED_ITEM('overriding color',(#3234),#1119,#3110);
#3234 = PRESENTATION_STYLE_ASSIGNMENT((#3235));
#3235 = SURFACE_STYLE_USAGE(.BOTH.,#3236);
#3236 = SURFACE_SIDE_STYLE('',(#3237));
#3237 = SURFACE_STYLE_FILL_AREA(#3238);
#3238 = FILL_AREA_STYLE('',(#3239));
#3239 = FILL_AREA_STYLE_COLOUR('',#3127);
#3240 = OVER_RIDING_STYLED_ITEM('overriding color',(#3241),#1144,#3110);
#3241 = PRESENTATION_STYLE_ASSIGNMENT((#3242));
#3242 = SURFACE_STYLE_USAGE(.BOTH.,#3243);
#3243 = SURFACE_SIDE_STYLE('',(#3244));
#3244 = SURFACE_STYLE_FILL_AREA(#3245);
#3245 = FILL_AREA_STYLE('',(#3246));
#3246 = FILL_AREA_STYLE_COLOUR('',#3127);
#3247 = OVER_RIDING_STYLED_ITEM('overriding color',(#3248),#1169,#3110);
#3248 = PRESENTATION_STYLE_ASSIGNMENT((#3249));
#3249 = SURFACE_STYLE_USAGE(.BOTH.,#3250);
#3250 = SURFACE_SIDE_STYLE('',(#3251));
#3251 = SURFACE_STYLE_FILL_AREA(#3252);
#3252 = FILL_AREA_STYLE('',(#3253));
#3253 = FILL_AREA_STYLE_COLOUR('',#3127);
#3254 = OVER_RIDING_STYLED_ITEM('overriding color',(#3255),#1193,#3110);
#3255 = PRESENTATION_STYLE_ASSIGNMENT((#3256));
#3256 = SURFACE_STYLE_USAGE(.BOTH.,#3257);
#3257 = SURFACE_SIDE_STYLE('',(#3258));
#3258 = SURFACE_STYLE_FILL_AREA(#3259);
#3259 = FILL_AREA_STYLE('',(#3260));
#3260 = FILL_AREA_STYLE_COLOUR('',#3127);
#3261 = OVER_RIDING_STYLED_ITEM('overriding color',(#3262),#1210,#3110);
#3262 = PRESENTATION_STYLE_ASSIGNMENT((#3263));
#3263 = SURFACE_STYLE_USAGE(.BOTH.,#3264);
#3264 = SURFACE_SIDE_STYLE('',(#3265));
#3265 = SURFACE_STYLE_FILL_AREA(#3266);
#3266 = FILL_AREA_STYLE('',(#3267));
#3267 = FILL_AREA_STYLE_COLOUR('',#3127);
#3268 = OVER_RIDING_STYLED_ITEM('overriding color',(#3269),#1238,#3110);
#3269 = PRESENTATION_STYLE_ASSIGNMENT((#3270));
#3270 = SURFACE_STYLE_USAGE(.BOTH.,#3271);
#3271 = SURFACE_SIDE_STYLE('',(#3272));
#3272 = SURFACE_STYLE_FILL_AREA(#3273);
#3273 = FILL_AREA_STYLE('',(#3274));
#3274 = FILL_AREA_STYLE_COLOUR('',#3127);
#3275 = OVER_RIDING_STYLED_ITEM('overriding color',(#3276),#1269,#3110);
#3276 = PRESENTATION_STYLE_ASSIGNMENT((#3277));
#3277 = SURFACE_STYLE_USAGE(.BOTH.,#3278);
#3278 = SURFACE_SIDE_STYLE('',(#3279));
#3279 = SURFACE_STYLE_FILL_AREA(#3280);
#3280 = FILL_AREA_STYLE('',(#3281));
#3281 = FILL_AREA_STYLE_COLOUR('',#3127);
#3282 = OVER_RIDING_STYLED_ITEM('overriding color',(#3283),#1293,#3110);
#3283 = PRESENTATION_STYLE_ASSIGNMENT((#3284));
#3284 = SURFACE_STYLE_USAGE(.BOTH.,#3285);
#3285 = SURFACE_SIDE_STYLE('',(#3286));
#3286 = SURFACE_STYLE_FILL_AREA(#3287);
#3287 = FILL_AREA_STYLE('',(#3288));
#3288 = FILL_AREA_STYLE_COLOUR('',#3127);
#3289 = OVER_RIDING_STYLED_ITEM('overriding color',(#3290),#1317,#3110);
#3290 = PRESENTATION_STYLE_ASSIGNMENT((#3291));
#3291 = SURFACE_STYLE_USAGE(.BOTH.,#3292);
#3292 = SURFACE_SIDE_STYLE('',(#3293));
#3293 = SURFACE_STYLE_FILL_AREA(#3294);
#3294 = FILL_AREA_STYLE('',(#3295));
#3295 = FILL_AREA_STYLE_COLOUR('',#3127);
#3296 = OVER_RIDING_STYLED_ITEM('overriding color',(#3297),#1341,#3110);
#3297 = PRESENTATION_STYLE_ASSIGNMENT((#3298));
#3298 = SURFACE_STYLE_USAGE(.BOTH.,#3299);
#3299 = SURFACE_SIDE_STYLE('',(#3300));
#3300 = SURFACE_STYLE_FILL_AREA(#3301);
#3301 = FILL_AREA_STYLE('',(#3302));
#3302 = FILL_AREA_STYLE_COLOUR('',#3127);
#3303 = OVER_RIDING_STYLED_ITEM('overriding color',(#3304),#1365,#3110);
#3304 = PRESENTATION_STYLE_ASSIGNMENT((#3305));
#3305 = SURFACE_STYLE_USAGE(.BOTH.,#3306);
#3306 = SURFACE_SIDE_STYLE('',(#3307));
#3307 = SURFACE_STYLE_FILL_AREA(#3308);
#3308 = FILL_AREA_STYLE('',(#3309));
#3309 = FILL_AREA_STYLE_COLOUR('',#3127);
#3310 = OVER_RIDING_STYLED_ITEM('overriding color',(#3311),#1389,#3110);
#3311 = PRESENTATION_STYLE_ASSIGNMENT((#3312));
#3312 = SURFACE_STYLE_USAGE(.BOTH.,#3313);
#3313 = SURFACE_SIDE_STYLE('',(#3314));
#3314 = SURFACE_STYLE_FILL_AREA(#3315);
#3315 = FILL_AREA_STYLE('',(#3316));
#3316 = FILL_AREA_STYLE_COLOUR('',#3127);
#3317 = OVER_RIDING_STYLED_ITEM('overriding color',(#3318),#1413,#3110);
#3318 = PRESENTATION_STYLE_ASSIGNMENT((#3319));
#3319 = SURFACE_STYLE_USAGE(.BOTH.,#3320);
#3320 = SURFACE_SIDE_STYLE('',(#3321));
#3321 = SURFACE_STYLE_FILL_AREA(#3322);
#3322 = FILL_AREA_STYLE('',(#3323));
#3323 = FILL_AREA_STYLE_COLOUR('',#3127);
#3324 = OVER_RIDING_STYLED_ITEM('overriding color',(#3325),#1438,#3110);
#3325 = PRESENTATION_STYLE_ASSIGNMENT((#3326));
#3326 = SURFACE_STYLE_USAGE(.BOTH.,#3327);
#3327 = SURFACE_SIDE_STYLE('',(#3328));
#3328 = SURFACE_STYLE_FILL_AREA(#3329);
#3329 = FILL_AREA_STYLE('',(#3330));
#3330 = FILL_AREA_STYLE_COLOUR('',#3127);
#3331 = OVER_RIDING_STYLED_ITEM('overriding color',(#3332),#1455,#3110);
#3332 = PRESENTATION_STYLE_ASSIGNMENT((#3333));
#3333 = SURFACE_STYLE_USAGE(.BOTH.,#3334);
#3334 = SURFACE_SIDE_STYLE('',(#3335));
#3335 = SURFACE_STYLE_FILL_AREA(#3336);
#3336 = FILL_AREA_STYLE('',(#3337));
#3337 = FILL_AREA_STYLE_COLOUR('',#3127);
#3338 = OVER_RIDING_STYLED_ITEM('overriding color',(#3339),#1472,#3110);
#3339 = PRESENTATION_STYLE_ASSIGNMENT((#3340));
#3340 = SURFACE_STYLE_USAGE(.BOTH.,#3341);
#3341 = SURFACE_SIDE_STYLE('',(#3342));
#3342 = SURFACE_STYLE_FILL_AREA(#3343);
#3343 = FILL_AREA_STYLE('',(#3344));
#3344 = FILL_AREA_STYLE_COLOUR('',#3127);
#3345 = OVER_RIDING_STYLED_ITEM('overriding color',(#3346),#1514,#3110);
#3346 = PRESENTATION_STYLE_ASSIGNMENT((#3347));
#3347 = SURFACE_STYLE_USAGE(.BOTH.,#3348);
#3348 = SURFACE_SIDE_STYLE('',(#3349));
#3349 = SURFACE_STYLE_FILL_AREA(#3350);
#3350 = FILL_AREA_STYLE('',(#3351));
#3351 = FILL_AREA_STYLE_COLOUR('',#3127);
#3352 = OVER_RIDING_STYLED_ITEM('overriding color',(#3353),#1547,#3110);
#3353 = PRESENTATION_STYLE_ASSIGNMENT((#3354));
#3354 = SURFACE_STYLE_USAGE(.BOTH.,#3355);
#3355 = SURFACE_SIDE_STYLE('',(#3356));
#3356 = SURFACE_STYLE_FILL_AREA(#3357);
#3357 = FILL_AREA_STYLE('',(#3358));
#3358 = FILL_AREA_STYLE_COLOUR('',#3127);
#3359 = OVER_RIDING_STYLED_ITEM('overriding color',(#3360),#1580,#3110);
#3360 = PRESENTATION_STYLE_ASSIGNMENT((#3361));
#3361 = SURFACE_STYLE_USAGE(.BOTH.,#3362);
#3362 = SURFACE_SIDE_STYLE('',(#3363));
#3363 = SURFACE_STYLE_FILL_AREA(#3364);
#3364 = FILL_AREA_STYLE('',(#3365));
#3365 = FILL_AREA_STYLE_COLOUR('',#3127);
#3366 = OVER_RIDING_STYLED_ITEM('overriding color',(#3367),#1613,#3110);
#3367 = PRESENTATION_STYLE_ASSIGNMENT((#3368));
#3368 = SURFACE_STYLE_USAGE(.BOTH.,#3369);
#3369 = SURFACE_SIDE_STYLE('',(#3370));
#3370 = SURFACE_STYLE_FILL_AREA(#3371);
#3371 = FILL_AREA_STYLE('',(#3372));
#3372 = FILL_AREA_STYLE_COLOUR('',#3127);
#3373 = OVER_RIDING_STYLED_ITEM('overriding color',(#3374),#1648,#3110);
#3374 = PRESENTATION_STYLE_ASSIGNMENT((#3375));
#3375 = SURFACE_STYLE_USAGE(.BOTH.,#3376);
#3376 = SURFACE_SIDE_STYLE('',(#3377));
#3377 = SURFACE_STYLE_FILL_AREA(#3378);
#3378 = FILL_AREA_STYLE('',(#3379));
#3379 = FILL_AREA_STYLE_COLOUR('',#3127);
#3380 = OVER_RIDING_STYLED_ITEM('overriding color',(#3381),#1681,#3110);
#3381 = PRESENTATION_STYLE_ASSIGNMENT((#3382));
#3382 = SURFACE_STYLE_USAGE(.BOTH.,#3383);
#3383 = SURFACE_SIDE_STYLE('',(#3384));
#3384 = SURFACE_STYLE_FILL_AREA(#3385);
#3385 = FILL_AREA_STYLE('',(#3386));
#3386 = FILL_AREA_STYLE_COLOUR('',#3127);
#3387 = OVER_RIDING_STYLED_ITEM('overriding color',(#3388),#1714,#3110);
#3388 = PRESENTATION_STYLE_ASSIGNMENT((#3389));
#3389 = SURFACE_STYLE_USAGE(.BOTH.,#3390);
#3390 = SURFACE_SIDE_STYLE('',(#3391));
#3391 = SURFACE_STYLE_FILL_AREA(#3392);
#3392 = FILL_AREA_STYLE('',(#3393));
#3393 = FILL_AREA_STYLE_COLOUR('',#3127);
#3394 = OVER_RIDING_STYLED_ITEM('overriding color',(#3395),#1749,#3110);
#3395 = PRESENTATION_STYLE_ASSIGNMENT((#3396));
#3396 = SURFACE_STYLE_USAGE(.BOTH.,#3397);
#3397 = SURFACE_SIDE_STYLE('',(#3398));
#3398 = SURFACE_STYLE_FILL_AREA(#3399);
#3399 = FILL_AREA_STYLE('',(#3400));
#3400 = FILL_AREA_STYLE_COLOUR('',#3127);
#3401 = OVER_RIDING_STYLED_ITEM('overriding color',(#3402),#1774,#3110);
#3402 = PRESENTATION_STYLE_ASSIGNMENT((#3403));
#3403 = SURFACE_STYLE_USAGE(.BOTH.,#3404);
#3404 = SURFACE_SIDE_STYLE('',(#3405));
#3405 = SURFACE_STYLE_FILL_AREA(#3406);
#3406 = FILL_AREA_STYLE('',(#3407));
#3407 = FILL_AREA_STYLE_COLOUR('',#3127);
#3408 = OVER_RIDING_STYLED_ITEM('overriding color',(#3409),#1799,#3110);
#3409 = PRESENTATION_STYLE_ASSIGNMENT((#3410));
#3410 = SURFACE_STYLE_USAGE(.BOTH.,#3411);
#3411 = SURFACE_SIDE_STYLE('',(#3412));
#3412 = SURFACE_STYLE_FILL_AREA(#3413);
#3413 = FILL_AREA_STYLE('',(#3414));
#3414 = FILL_AREA_STYLE_COLOUR('',#3127);
#3415 = OVER_RIDING_STYLED_ITEM('overriding color',(#3416),#1824,#3110);
#3416 = PRESENTATION_STYLE_ASSIGNMENT((#3417));
#3417 = SURFACE_STYLE_USAGE(.BOTH.,#3418);
#3418 = SURFACE_SIDE_STYLE('',(#3419));
#3419 = SURFACE_STYLE_FILL_AREA(#3420);
#3420 = FILL_AREA_STYLE('',(#3421));
#3421 = FILL_AREA_STYLE_COLOUR('',#3127);
#3422 = OVER_RIDING_STYLED_ITEM('overriding color',(#3423),#1852,#3110);
#3423 = PRESENTATION_STYLE_ASSIGNMENT((#3424));
#3424 = SURFACE_STYLE_USAGE(.BOTH.,#3425);
#3425 = SURFACE_SIDE_STYLE('',(#3426));
#3426 = SURFACE_STYLE_FILL_AREA(#3427);
#3427 = FILL_AREA_STYLE('',(#3428));
#3428 = FILL_AREA_STYLE_COLOUR('',#3127);
#3429 = OVER_RIDING_STYLED_ITEM('overriding color',(#3430),#1880,#3110);
#3430 = PRESENTATION_STYLE_ASSIGNMENT((#3431));
#3431 = SURFACE_STYLE_USAGE(.BOTH.,#3432);
#3432 = SURFACE_SIDE_STYLE('',(#3433));
#3433 = SURFACE_STYLE_FILL_AREA(#3434);
#3434 = FILL_AREA_STYLE('',(#3435));
#3435 = FILL_AREA_STYLE_COLOUR('',#3127);
#3436 = OVER_RIDING_STYLED_ITEM('overriding color',(#3437),#1905,#3110);
#3437 = PRESENTATION_STYLE_ASSIGNMENT((#3438));
#3438 = SURFACE_STYLE_USAGE(.BOTH.,#3439);
#3439 = SURFACE_SIDE_STYLE('',(#3440));
#3440 = SURFACE_STYLE_FILL_AREA(#3441);
#3441 = FILL_AREA_STYLE('',(#3442));
#3442 = FILL_AREA_STYLE_COLOUR('',#3127);
#3443 = OVER_RIDING_STYLED_ITEM('overriding color',(#3444),#1923,#3110);
#3444 = PRESENTATION_STYLE_ASSIGNMENT((#3445));
#3445 = SURFACE_STYLE_USAGE(.BOTH.,#3446);
#3446 = SURFACE_SIDE_STYLE('',(#3447));
#3447 = SURFACE_STYLE_FILL_AREA(#3448);
#3448 = FILL_AREA_STYLE('',(#3449));
#3449 = FILL_AREA_STYLE_COLOUR('',#3127);
#3450 = OVER_RIDING_STYLED_ITEM('overriding color',(#3451),#1947,#3110);
#3451 = PRESENTATION_STYLE_ASSIGNMENT((#3452));
#3452 = SURFACE_STYLE_USAGE(.BOTH.,#3453);
#3453 = SURFACE_SIDE_STYLE('',(#3454));
#3454 = SURFACE_STYLE_FILL_AREA(#3455);
#3455 = FILL_AREA_STYLE('',(#3456));
#3456 = FILL_AREA_STYLE_COLOUR('',#3127);
#3457 = OVER_RIDING_STYLED_ITEM('overriding color',(#3458),#1973,#3110);
#3458 = PRESENTATION_STYLE_ASSIGNMENT((#3459));
#3459 = SURFACE_STYLE_USAGE(.BOTH.,#3460);
#3460 = SURFACE_SIDE_STYLE('',(#3461));
#3461 = SURFACE_STYLE_FILL_AREA(#3462);
#3462 = FILL_AREA_STYLE('',(#3463));
#3463 = FILL_AREA_STYLE_COLOUR('',#3127);
#3464 = OVER_RIDING_STYLED_ITEM('overriding color',(#3465),#2015,#3110);
#3465 = PRESENTATION_STYLE_ASSIGNMENT((#3466));
#3466 = SURFACE_STYLE_USAGE(.BOTH.,#3467);
#3467 = SURFACE_SIDE_STYLE('',(#3468));
#3468 = SURFACE_STYLE_FILL_AREA(#3469);
#3469 = FILL_AREA_STYLE('',(#3470));
#3470 = FILL_AREA_STYLE_COLOUR('',#3127);
#3471 = OVER_RIDING_STYLED_ITEM('overriding color',(#3472),#2048,#3110);
#3472 = PRESENTATION_STYLE_ASSIGNMENT((#3473));
#3473 = SURFACE_STYLE_USAGE(.BOTH.,#3474);
#3474 = SURFACE_SIDE_STYLE('',(#3475));
#3475 = SURFACE_STYLE_FILL_AREA(#3476);
#3476 = FILL_AREA_STYLE('',(#3477));
#3477 = FILL_AREA_STYLE_COLOUR('',#3127);
#3478 = OVER_RIDING_STYLED_ITEM('overriding color',(#3479),#2081,#3110);
#3479 = PRESENTATION_STYLE_ASSIGNMENT((#3480));
#3480 = SURFACE_STYLE_USAGE(.BOTH.,#3481);
#3481 = SURFACE_SIDE_STYLE('',(#3482));
#3482 = SURFACE_STYLE_FILL_AREA(#3483);
#3483 = FILL_AREA_STYLE('',(#3484));
#3484 = FILL_AREA_STYLE_COLOUR('',#3127);
#3485 = OVER_RIDING_STYLED_ITEM('overriding color',(#3486),#2114,#3110);
#3486 = PRESENTATION_STYLE_ASSIGNMENT((#3487));
#3487 = SURFACE_STYLE_USAGE(.BOTH.,#3488);
#3488 = SURFACE_SIDE_STYLE('',(#3489));
#3489 = SURFACE_STYLE_FILL_AREA(#3490);
#3490 = FILL_AREA_STYLE('',(#3491));
#3491 = FILL_AREA_STYLE_COLOUR('',#3127);
#3492 = OVER_RIDING_STYLED_ITEM('overriding color',(#3493),#2149,#3110);
#3493 = PRESENTATION_STYLE_ASSIGNMENT((#3494));
#3494 = SURFACE_STYLE_USAGE(.BOTH.,#3495);
#3495 = SURFACE_SIDE_STYLE('',(#3496));
#3496 = SURFACE_STYLE_FILL_AREA(#3497);
#3497 = FILL_AREA_STYLE('',(#3498));
#3498 = FILL_AREA_STYLE_COLOUR('',#3127);
#3499 = OVER_RIDING_STYLED_ITEM('overriding color',(#3500),#2182,#3110);
#3500 = PRESENTATION_STYLE_ASSIGNMENT((#3501));
#3501 = SURFACE_STYLE_USAGE(.BOTH.,#3502);
#3502 = SURFACE_SIDE_STYLE('',(#3503));
#3503 = SURFACE_STYLE_FILL_AREA(#3504);
#3504 = FILL_AREA_STYLE('',(#3505));
#3505 = FILL_AREA_STYLE_COLOUR('',#3127);
#3506 = OVER_RIDING_STYLED_ITEM('overriding color',(#3507),#2215,#3110);
#3507 = PRESENTATION_STYLE_ASSIGNMENT((#3508));
#3508 = SURFACE_STYLE_USAGE(.BOTH.,#3509);
#3509 = SURFACE_SIDE_STYLE('',(#3510));
#3510 = SURFACE_STYLE_FILL_AREA(#3511);
#3511 = FILL_AREA_STYLE('',(#3512));
#3512 = FILL_AREA_STYLE_COLOUR('',#3127);
#3513 = OVER_RIDING_STYLED_ITEM('overriding color',(#3514),#2250,#3110);
#3514 = PRESENTATION_STYLE_ASSIGNMENT((#3515));
#3515 = SURFACE_STYLE_USAGE(.BOTH.,#3516);
#3516 = SURFACE_SIDE_STYLE('',(#3517));
#3517 = SURFACE_STYLE_FILL_AREA(#3518);
#3518 = FILL_AREA_STYLE('',(#3519));
#3519 = FILL_AREA_STYLE_COLOUR('',#3127);
#3520 = OVER_RIDING_STYLED_ITEM('overriding color',(#3521),#2275,#3110);
#3521 = PRESENTATION_STYLE_ASSIGNMENT((#3522));
#3522 = SURFACE_STYLE_USAGE(.BOTH.,#3523);
#3523 = SURFACE_SIDE_STYLE('',(#3524));
#3524 = SURFACE_STYLE_FILL_AREA(#3525);
#3525 = FILL_AREA_STYLE('',(#3526));
#3526 = FILL_AREA_STYLE_COLOUR('',#3127);
#3527 = OVER_RIDING_STYLED_ITEM('overriding color',(#3528),#2300,#3110);
#3528 = PRESENTATION_STYLE_ASSIGNMENT((#3529));
#3529 = SURFACE_STYLE_USAGE(.BOTH.,#3530);
#3530 = SURFACE_SIDE_STYLE('',(#3531));
#3531 = SURFACE_STYLE_FILL_AREA(#3532);
#3532 = FILL_AREA_STYLE('',(#3533));
#3533 = FILL_AREA_STYLE_COLOUR('',#3127);
#3534 = OVER_RIDING_STYLED_ITEM('overriding color',(#3535),#2325,#3110);
#3535 = PRESENTATION_STYLE_ASSIGNMENT((#3536));
#3536 = SURFACE_STYLE_USAGE(.BOTH.,#3537);
#3537 = SURFACE_SIDE_STYLE('',(#3538));
#3538 = SURFACE_STYLE_FILL_AREA(#3539);
#3539 = FILL_AREA_STYLE('',(#3540));
#3540 = FILL_AREA_STYLE_COLOUR('',#3127);
#3541 = OVER_RIDING_STYLED_ITEM('overriding color',(#3542),#2353,#3110);
#3542 = PRESENTATION_STYLE_ASSIGNMENT((#3543));
#3543 = SURFACE_STYLE_USAGE(.BOTH.,#3544);
#3544 = SURFACE_SIDE_STYLE('',(#3545));
#3545 = SURFACE_STYLE_FILL_AREA(#3546);
#3546 = FILL_AREA_STYLE('',(#3547));
#3547 = FILL_AREA_STYLE_COLOUR('',#3127);
#3548 = OVER_RIDING_STYLED_ITEM('overriding color',(#3549),#2381,#3110);
#3549 = PRESENTATION_STYLE_ASSIGNMENT((#3550));
#3550 = SURFACE_STYLE_USAGE(.BOTH.,#3551);
#3551 = SURFACE_SIDE_STYLE('',(#3552));
#3552 = SURFACE_STYLE_FILL_AREA(#3553);
#3553 = FILL_AREA_STYLE('',(#3554));
#3554 = FILL_AREA_STYLE_COLOUR('',#3127);
#3555 = OVER_RIDING_STYLED_ITEM('overriding color',(#3556),#2406,#3110);
#3556 = PRESENTATION_STYLE_ASSIGNMENT((#3557));
#3557 = SURFACE_STYLE_USAGE(.BOTH.,#3558);
#3558 = SURFACE_SIDE_STYLE('',(#3559));
#3559 = SURFACE_STYLE_FILL_AREA(#3560);
#3560 = FILL_AREA_STYLE('',(#3561));
#3561 = FILL_AREA_STYLE_COLOUR('',#3127);
#3562 = OVER_RIDING_STYLED_ITEM('overriding color',(#3563),#2424,#3110);
#3563 = PRESENTATION_STYLE_ASSIGNMENT((#3564));
#3564 = SURFACE_STYLE_USAGE(.BOTH.,#3565);
#3565 = SURFACE_SIDE_STYLE('',(#3566));
#3566 = SURFACE_STYLE_FILL_AREA(#3567);
#3567 = FILL_AREA_STYLE('',(#3568));
#3568 = FILL_AREA_STYLE_COLOUR('',#3127);
#3569 = OVER_RIDING_STYLED_ITEM('overriding color',(#3570),#2448,#3110);
#3570 = PRESENTATION_STYLE_ASSIGNMENT((#3571));
#3571 = SURFACE_STYLE_USAGE(.BOTH.,#3572);
#3572 = SURFACE_SIDE_STYLE('',(#3573));
#3573 = SURFACE_STYLE_FILL_AREA(#3574);
#3574 = FILL_AREA_STYLE('',(#3575));
#3575 = FILL_AREA_STYLE_COLOUR('',#3127);
ENDSEC;
END-ISO-10303-21;
